topic_id,topic_size,top_words,example_count,examples_json,examples_sha256
0,1267,"['maternidade', 'salário', 'auxílio', 'direito', 'inss', 'contribuição', 'solicitar', 'receber', 'ao', 'pagar']",50,"[""Uma gestante de 6 meses que vai começar a contribuir agora tem direito ao auxílio-maternidade?"", ""É necessário contribuir por mais um mês para ter direito ao auxílio-maternidade?"", ""Com quantos meses de contribuição é possível ter direito ao auxílio-maternidade?"", ""No meu caso, preciso aguardar minha filha nascer para conseguir solicitar o salário-maternidade?"", ""Se o bebê já nasceu, ainda é possível receber o salário-maternidade?"", ""Quem trabalha com carteira assinada consegue solicitar salário-maternidade?"", ""Quem trabalhou de carteira assinada durante a gravidez tem direito ao salário-maternidade?"", ""É preciso ter contribuído durante a gravidez para ter direito ao auxílio-maternidade?"", ""É necessário ter 10 contribuições para receber o salário-maternidade, mesmo tendo contribuído por 7 meses?"", ""É necessário contribuir antes do parto para ter direito ao salário-maternidade?"", ""Se eu contribuir apenas um mês antes do nascimento, consigo ter direito ao salário-maternidade?"", ""É preciso contribuir por quanto tempo para ter direito ao auxílio-maternidade?"", ""Uma gestante que não trabalha mais, mas já contribuiu, tem direito ao salário-maternidade?"", ""O INSS está negando o salário-maternidade nesses casos em que a contribuição é paga após o parto?"", ""Se o pagamento for feito após o nascimento do bebê, ainda há direito ao salário-maternidade?"", ""Quem já trabalhou com carteira assinada pode receber o salário-maternidade no mesmo valor?"", ""A gestante tem direito ao salário-maternidade do INSS por 4 meses após o parto?"", ""É possível fazer a contribuição após o parto para ter direito ao salário-maternidade?"", ""Depois de ganhar o bebê e fazer a contribuição, ainda consigo solicitar o auxílio-maternidade?"", ""É possível receber salário-maternidade se o bebê já nasceu e a última contribuição foi feita há 7 anos?"", ""Quem nunca fez nenhuma contribuição e já teve o bebê ainda consegue fazer o pagamento e solicitar o auxílio-maternidade?"", ""É possível receber salário-maternidade mesmo estando trabalhando?"", ""É possível solicitar o salário-maternidade sendo empregada ou não?"", ""Mesmo com o bebê já nascido e tendo contribuído apenas antes da gravidez, ainda tenho direito ao auxílio-maternidade?"", ""É verdade que preciso pagar o carnê do INSS por 10 meses para ter direito ao auxílio-maternidade?"", ""Há algum problema em ter pago novamente a guia depois de o primeiro pagamento ter sido recusado e reembolsado?"", ""Na guia para o auxílio-maternidade, a data deve ser colocada em janeiro de 2025 ou em agosto de 2025?"", ""Por que o meu auxílio-maternidade está aparecendo como \""calcular\""?"", ""Se a carta de concessão informa que o pagamento é no terceiro dia útil do mês, em que dia o benefício será recebido?"", ""O que significa a sigla GPS no contexto do pedido de salário-maternidade?"", ""O código de recolhimento 1929, referente a facultativo baixa renda, é o código correto nesse caso?"", ""Com qual código a guia foi paga para receber o auxílio-maternidade?"", ""O que fazer quando o pedido de auxílio-maternidade foi feito há mais de cinco meses e a pessoa que o realizou sumiu?"", ""Por que, na carta de concessão do salário-maternidade, só aparecem duas parcelas e onde estão as outras parcelas?"", ""Uma gestante pode gerar e pagar a guia hoje ou é melhor esperar virar o mês para fazer o pagamento da guia única antes do nascimento do bebê no fim de agosto?"", ""Como fazer para receber mais quatro parcelas do auxílio-maternidade tendo também um trabalho autônomo?"", ""Quais documentos devem ser anexados para solicitar o salário-maternidade de uma menor de idade que fará essa contribuição?"", ""Uma gestante que só teve essa informação depois de seis meses de gravidez recebe os valores atrasados?"", ""O pedido de auxílio-maternidade pode ser feito pelo telefone 135?"", ""A opção \""facultativo\"" na guia pode ter sido o motivo de o pedido de auxílio-maternidade ter sido indeferido?"", ""Se eu pagar a guia de R$ 400, receberei salário-maternidade de R$ 2.000?"", ""O auxílio-maternidade pode ser depositado em qualquer conta bancária ou somente na Caixa?"", ""Se a gestante aparece no CNIS como filiada à Shopee em “agrupamento de contratantes/cooperativas” e com qualidade de segurada, isso dispensa o pagamento da guia GPS para o segundo salário-maternidade?"", ""Onde encontrar o guia no aplicativo do INSS para solicitar o salário-maternidade?"", ""A esposa estava desempregada ou fazia contribuições ao INSS?"", ""Por onde vou receber o valor do auxílio-maternidade?"", ""Quanto tempo demora para expedir o RPV do salário-maternidade depois que a causa é ganha?"", ""Ela pode cancelar a advogada e tentar solicitar o auxílio-maternidade pelo aplicativo sozinha?"", ""Basta a esposa fazer um único pedido para ter direito aos dois auxílios maternidade?"", ""Na solicitação do auxílio-maternidade, qual opção devo marcar na pergunta sobre afastamento do trabalho após o parto?""]",795cc27451a5e5d876110a84821e4a51bf3fdbc27dca0abe4a8a58358179229f
1,360,"['anticoncepcional', 'pílula', 'seguinte', 'tomar', 'cartela', 'injeção', 'esquecer', 'relação', 'dia', 'risco']",50,"[""Tive relação no 9º dia de uso do anticoncepcional; posso engravidar?"", ""É possível que eu esteja grávida após iniciar o anticoncepcional há 4 dias e ter tido relações?"", ""Tomar a pílula anticoncepcional no mesmo dia, mas com atraso de horário, oferece risco de gravidez?"", ""Depois de parar a injeção anticoncepcional trimestral e ficar três meses sem menstruar, isso pode ser gravidez?"", ""Se eu não tomar outra pílula, há risco de engravidar mesmo estando há 7 dias tomando anticoncepcional?"", ""Se eu esqueci de tomar o anticoncepcional ontem, devo tomar a pílula agora?"", ""Esquecer de tomar dois comprimidos anticoncepcionais seguidos aumenta o risco de gravidez?"", ""Esquecer de tomar uma pílula anticoncepcional e depois fazer uma pausa de 3 dias antes de iniciar uma nova cartela pode ter me deixado desprotegida?"", ""Se eu optar por não emendar a cartela do anticoncepcional, corro risco de engravidar?"", ""Mesmo tomando anticoncepcional corretamente todos os dias e tendo tomado a pílula do dia seguinte após a relação, há chance de engravidar?"", ""Esquecer de tomar a pílula anticoncepcional na última semana da cartela oferece risco de gravidez?"", ""Há muito risco de gravidez por ter esquecido de tomar o anticoncepcional na quarta-feira, tomado apenas na quinta-feira ao meio-dia e tido relação no sábado?"", ""Se eu não segui as setas da cartela do anticoncepcional, tive relação e emendei uma cartela, posso engravidar?"", ""Tomar a pílula do dia seguinte novamente, cerca de um mês após a última vez, é adequado?"", ""Há risco de gravidez se a pílula anticoncepcional for tomada com 14 horas de atraso na segunda semana da cartela e houver relação sexual no mesmo dia?"", ""Ficar 9 dias sem tomar a pílula anticoncepcional, após uma pausa de 7 dias, aumenta o risco de gravidez?"", ""Tive relação na segunda-feira de manhã depois de esquecer a pílula de domingo e tomar dois comprimidos na segunda-feira; há risco de gravidez?"", ""Esquecer de tomar a pílula anticoncepcional por um dia, sem ter tido relação no dia em que esqueceu, pode causar algum problema?"", ""Há risco de engravidar mesmo tomando anticoncepcional e tendo relações sem proteção?"", ""Se houve relação sexual nesse período em que a pílula anticoncepcional foi esquecida, existe risco de gravidez?"", ""Se houve relação sexual 1 ou 2 dias antes do esquecimento da pílula anticoncepcional, existe risco de engravidar?"", ""Devo começar a tomar o anticoncepcional agora ou esperar a menstruação descer, considerando que parei de usar a injeção anticoncepcional de 3 meses há 6 meses?"", ""É possível engravidar tão rápido depois de parar de tomar a pílula, mesmo tendo menstruado certinho por dois meses e estando com cinco dias de atraso?"", ""Após esquecer a pílula anticoncepcional pela primeira vez e ter relação sem ejaculação dentro, há risco de gravidez?"", ""Devo tomar a pílula do dia seguinte depois de esquecer a pílula anticoncepcional na primeira semana e ter tido relação desprotegida antes de retomar as pílulas?"", ""Uma mulher de 39 anos com enxaqueca pode usar o anel vaginal?"", ""O anticoncepcional tipo Depo pode causar sangramento depois do sexo?"", ""Você teve ou tem dor de cabeça ao usar o anticoncepcional Ciclo 21?"", ""Após tomar a PDS, o sangramento muito leve, aguado e sem coágulos que durou 2 dias, cinco dias antes da menstruação, foi nidação ou efeito dos hormônios da pílula?"", ""Qual anticoncepcional é indicado para uma mulher de 45 anos que usa preservativo e quer se sentir mais segura?"", ""É normal a menstruação parar depois de tomar a pílula do dia seguinte?"", ""Esse corrimento pode ter sido apenas sangue oxidado por ter interrompido a menstruação com o anticoncepcional Ciclo 21?"", ""Depois de colocar o anel vaginal no primeiro dia do ciclo, após quantos dias posso ter relação sexual?"", ""O anticoncepcional Noregyna é igual ao Mesigyna, mudando apenas o fabricante?"", ""Após um aborto espontâneo há 4 semanas, posso começar a tomar o anticoncepcional Ciclo 21?"", ""Existe algo que resolva a retenção de líquido causada pelo anticoncepcional?"", ""Sertralina, clonazepam e Pasalix podem interferir na eficácia do anticoncepcional Yaz?"", ""Se a pessoa ficou alguns dias sem tomar o remédio corretamente e o ciclo menstrual começou ontem, há risco de ovular neste mês?"", ""Deve continuar tomando o anticoncepcional ou parar e esperar a menstruação após ter tomado amoxicilina, tido relação com ejaculação interna e usado a pílula do dia seguinte?"", ""Esse anticoncepcional pode prejudicar a saúde?"", ""Tomar quatro anticoncepcionais, sendo dois brancos e dois vermelhos, quando a menstruação atrasou pode causar danos ao bebê?"", ""Há algum problema em emendar o anticoncepcional Ciclo 21?"", ""O anticoncepcional Tâmisa 30, usado de forma contínua há cinco meses, pode não estar fazendo efeito?"", ""O atraso menstrual de 22 dias, com náusea e inchaço na barriga, pode ser causado pelo uso anterior de Dienogeste?"", ""Com o bebê em processo de desmame, é possível continuar usando o Mamades ou é melhor trocar para outro anticoncepcional?"", ""Mesmo tomando anticoncepcional e tendo relação sexual, a menstruação pode vir amanhã ou pode não vir?"", ""Quem tem ovário policístico ou endometriose pode ter maiores complicações ao usar anticoncepcional?"", ""A queda de cabelo pode acontecer após parar de tomar anticoncepcional?"", ""Você parou de tomar o anticoncepcional?"", ""Existe relação entre o uso de anticoncepcionais e o nascimento de crianças com problemas psiquiátricos ou outros problemas?""]",db7aec3be44a3156f573d6932e95f0af11e77144ce7fcd58a340957a4c0eadfa
2,361,"['progesterona', 'via', 'oral', 'vaginal', 'uso', 'utrogestan', 'estradiol', 'mg', 'reposição', 'usar']",50,"[""A progesterona precisa ser usada por via oral?"", ""A progesterona deve ser tomada de forma contínua?"", ""É aconselhável tomar um comprimido de progesterona de 100 mg por noite?"", ""Por quanto tempo a progesterona pode ser usada?"", ""O médico indicou para você tomar progesterona depois do ciclo menstrual?"", ""A progesterona transdérmica é recomendável?"", ""A progesterona precisa ser tomada todos os dias ou apenas por 14 dias a cada mês?"", ""Em caso contrário, a progesterona pode ser usada sozinha?"", ""Você usa progesterona em comprimidos?"", ""É importante interromper o uso de progesterona a cada três meses?"", ""A progesterona deve ser usada por 10 dias no mês ou todos os dias?"", ""Depois de usar progesterona nesse período, a menstruação acontece?"", ""A progesterona deve ser usada por via oral ou vaginal?"", ""A progesterona via vaginal deve ser usada todos os dias?"", ""A progesterona pode ser tomada continuamente, sem interrupção?"", ""A progesterona deve ser usada por via oral ou transdérmica?"", ""O uso de progesterona corre o risco de causar menstruação?"", ""Qual progesterona você toma?"", ""O que acha de tomar progesterona de 200 mg por via oral à noite?"", ""A progesterona por via vaginal deve ser usada todos os dias?"", ""É possível usar progesterona continuamente, sem interromper o uso?"", ""Deve interromper o uso da progesterona vaginal?"", ""Qual progesterona a pessoa do comentário está usando, para eu pedir à minha médica?"", ""Na reposição de progesterona, é melhor usar a via oral ou vaginal?"", ""Se a progesterona for tomada de forma contínua, isso pode causar algum problema?"", ""Qual é a indicação de uso de Utrogestan para quem tem esteatose hepática?"", ""O uso de Utrogestan 100 mg e gel de estrogênio pode causar aumento da queda de cabelo?"", ""O que posso fazer se o Utrogestan me deixar inchada?"", ""Pode haver hipoplasia mamária mesmo com a reposição de GH, se a causa estiver relacionada a outro hormônio?"", ""Qual é a diferença entre o Ultragestan de 100 mg e o de 200 mg?"", ""O que fazer se a pessoa sentir muito sono ao usar progesterona, mesmo com a dose menor de Utrogestan?"", ""O que fazer quando há alergia à progesterona Ultragestan, tanto por via oral quanto por via vaginal?"", ""O uso de Ultrogestan era na dose de 100 mg ou de 200 mg?"", ""A reposição de progesterona pode causar ganho de peso?"", ""O uso de oxandrolona pode reduzir o efeito da injeção anticoncepcional trimestral?"", ""Quem tem nódulo benigno na mama e no fígado pode usar hormônios?"", ""Qual é a dose normal de estradiol na mulher em fase reprodutiva, fora do momento da ovulação?"", ""É normal ter cólicas ou sangramento após seis dias usando Oestrogel e Ultrogestan na menopausa?"", ""O Utrogestan é fornecido no posto de saúde?"", ""O que fazer se houver retenção de líquido ou edema com o uso de progesterona?"", ""A progesterona é o Utrogestan?"", ""A progesterona também é indicada para mulheres que já passaram pela menopausa?"", ""Como devo usar Oestrogel e 100 mg de progesterona após o espessamento do útero que tive com esse tratamento?"", ""Qual seria a combinação correta de Oestrogel e Utrogestan?"", ""Posso fazer reposição de progesterona por via vaginal para ver se o inchaço, o ganho de peso e o aumento dos seios melhoram?"", ""O lugol ajuda a diminuir o estradiol?"", ""Um adolescente de 18 anos pode ter falta desses hormônios?"", ""Se uma mulher estiver com a progesterona adequada e o estradiol baixo, ela pode usar apenas estradiol?"", ""Qual é a melhor via de progesterona para quem tem endometriose e o fígado inflamado?"", ""É aconselhado tomar AAS no início, após a ovulação, em um ciclo com letrozol?""]",6f9d6e276d22470110c3c3d4944132e8a46451c74375890f2182d7fed8a268f6
3,308,"['ela', 'grávida', 'está', 'pessoa', 'mencionada', 'engravidou', 'comentário', 'realmente', 'mamãe', 'verdade']",50,"[""Será que ela está mesmo grávida?"", ""Ela estava realmente grávida?"", ""E se ela estiver realmente grávida?"", ""Ela está grávida de verdade?"", ""Como assim ela está grávida?"", ""Ela não está grávida, não é?"", ""Ela não estava grávida antes?"", ""Ela está grávida de fato?"", ""Ela não estava realmente grávida?"", ""Essa pessoa estava grávida mesmo?"", ""Ela está grávida, não é?"", ""A mamãe está mesmo grávida?"", ""A pessoa mencionada está grávida mesmo?"", ""Será que ela está grávida?"", ""Ela realmente está grávida?"", ""Ela está realmente grávida?"", ""A pessoa que comentou está grávida?"", ""Essa pessoa está grávida de verdade?"", ""A pessoa mencionada está grávida ou não?"", ""E se ela não estiver grávida?"", ""É verdade que a pessoa mencionada está grávida?"", ""É verdade que a mamãe está grávida?"", ""Ela está mesmo grávida?"", ""O que ela fez para ficar grávida?"", ""Ela não está grávida?"", ""De quem a pedra está grávida?"", ""Por que ela foi liberada para manter rotinas pesadas de show e desfilar no carnaval mesmo com gravidez de alto risco?"", ""Por que uma mulher engravida vivendo nessa situação?"", ""Como ela pode estar grávida se o Christopher já nasceu?"", ""A pessoa não acredita que está grávida outra vez?"", ""Maria engravidou de Jesus na adolescência também?"", ""Onde está o homem que a engravidou?"", ""Ela engravidou do irmão ou do tio de Hitalo?"", ""É real uma história em que uma mulher engravida de outra pessoa e teme perder o marido?"", ""O que vai acontecer com a grávida, já que eu não vi nada nela?"", ""A Belém está grávida?"", ""Como ela está grávida sem ter feito o \""negócio que começa com G\""?"", ""Essa gravidez é de mentira?"", ""Quem é o responsável pela gravidez?"", ""A Boiadeira estava grávida?"", ""As quatro estão grávidas ou não?"", ""Quem ele deixou grávida nesse caso, a mãe ou os amigos?"", ""Como ela vai ser aventureira estando grávida?"", ""As duas amigas estão grávidas ou não?"", ""Como ela pode estar grávida de novo?"", ""A mãe dela está grávida de novo?"", ""A senhora está grávida?"", ""Ela está realmente grávida ou foi apenas uma trollagem?"", ""Como ele pode estar grávido se não tem bebê na barriga?"", ""Se ela estivesse grávida de verdade, Fábio teria que se acalmar e criar o bebê?""]",dde0a416ba0d9613e3737e75c8b749f95baf91714d464826ee3b7c52c9017aec
4,264,"['nome', 'for', 'nomes', 'vocês', 'chamar', 'qual', 'menina', 'escolher', 'menino', 'miguel']",50,"[""Qual nome seria escolhido se o bebê for menina?"", ""Qual nome seria escolhido se o bebê for menino?"", ""Qual nome você sugere se o bebê for menino?"", ""Qual nome colocar se o bebê for menino?"", ""Qual foi o nome escolhido para a bebê?"", ""Qual vai ser o nome da bebê?"", ""Qual será o nome do bebê se for menino?"", ""Qual vai ser o nome do bebê?"", ""Quais nomes de menino você sugere para o bebê?"", ""Qual seria o nome do bebê se fosse menino?"", ""Qual será o nome da bebê, caso seja menina?"", ""Você pode sugerir mais nomes de menino para bebê?"", ""Qual será o nome do bebê se for menina?"", ""Quais serão os nomes do bebê?"", ""Quais nomes estão sendo considerados para a bebê?"", ""Quais nomes de menina você sugere para o bebê?"", ""Você já sabe qual será o nome do bebê?"", ""Quais serão os nomes do bebê se for menino ou menina?"", ""Se for menino, qual será o nome do bebê?"", ""Vocês gostaram de algum desses nomes para um bebê menino?"", ""Qual vai ser o nome do menino?"", ""Qual nome combinou mais para a bebê?"", ""Qual nome o pai deve dar ao filho?"", ""Quais ideias de nomes para menino?"", ""Se for menino ou menina, qual será o nome?"", ""Qual foi o significado escolhido para o nome Daya?"", ""Por que não escolher Enzo ou Miguel para o bebê?"", ""Qual nome escolher para a bebê entre Olívia e Maya?"", ""Por que vocês não colocam Arthur como nome do bebê?"", ""Se forem gêmeos, os nomes escolhidos serão Oliver e Olivie?"", ""Vocês podem escolher o nome Davi Luca para o bebê?"", ""De onde vem o nome \""cesárea\""?"", ""É possível votar entre os nomes Dávila, Lia ou Rebeca para o próximo bebê?"", ""Por que vocês não colocam Alex como nome do bebê?"", ""Um bebê pode engasgar ao ser alimentado com seringa?"", ""A bebê vai aprender português de Portugal ou português do Brasil?"", ""Por que não escolher Mirella se for menina?"", ""O bebê pode se chamar Lucas ou Lucas Paulo?"", ""O bebê poderia se chamar Matheus?"", ""Annabelle ou Giovana são boas opções de nome para a bebê?"", ""Qual nome é mais bonito para o bebê: Oliver ou Ana Laura?"", ""Por que não escolher um nome parecido com o de Mia, como Maite, para o bebê?"", ""Se o bebê se chamar Guilherme, ele vai ser tão irrequieto quanto o primo?"", ""O bebê é João ou Joana?"", ""O nome do bebê pode ser Pietra ou Pietro?"", ""Qual é o nome desse adoçante e onde posso comprá-lo?"", ""A bomba de leite Medela Swing Maxi Hands Free é boa?"", ""Qual nome para a bebê combina com Alec: Alícia ou Aline?"", ""O nome do bebê deve ser Maria Júlia, Júlia ou Maria?"", ""Por que não escolher o nome Benício para o bebê?""]",b34d3d757522e6ee02fea3734a2c3485fcec3c4d3cf5df65b85eff4333027d48
5,195,"['nascer', 'fevereiro', 'dia', 'vai', 'janeiro', 'aniversário', 'nascimento', 'no', '28', 'bebê']",50,"[""A bebê vai nascer no dia 31 de janeiro?"", ""A bebê vai nascer no dia 29 ou 30 de janeiro?"", ""O bebê vai nascer no dia do aniversário da pessoa, em fevereiro?"", ""A bebê vai nascer em 28 ou 29 de janeiro?"", ""Em que dia meu bebê vai nascer?"", ""A bebê vai nascer no dia 1º de fevereiro?"", ""Em que data a bebê vai nascer?"", ""A bebê vai nascer no dia 27 ou no dia 29 de janeiro?"", ""A bebê vai nascer no dia 28 de janeiro?"", ""A bebê vai nascer no dia 20 de janeiro?"", ""O bebê vai nascer no dia 29 de janeiro?"", ""A bebê vai nascer no dia 27 de janeiro?"", ""O bebê vai nascer no dia 24 ou no dia 28 de janeiro?"", ""Em que dia o bebê vai nascer?"", ""A bebê vai nascer em 28 de janeiro?"", ""O bebê vai nascer em 27 de janeiro?"", ""A data de nascimento da bebê será em 1º de fevereiro?"", ""A bebê vai nascer no mesmo dia do aniversário da pessoa que comentou, em 25 de fevereiro?"", ""A bebê vai nascer no dia 29 ou no dia 1?"", ""O bebê vai nascer no dia 2 ou no dia 5 de fevereiro?"", ""A bebê vai nascer no dia 2 de fevereiro?"", ""A bebê vai nascer no dia 26 ou no dia 28?"", ""Em que dia a bebê vai nascer?"", ""A bebê vai nascer no dia 29 ou no dia 30?"", ""A bebê vai nascer no dia 5 de fevereiro?"", ""A previsão de parto da Zöe é para 30 de outubro?"", ""Uma criança pode nascer com microcefalia?"", ""Esse bebê vai nascer na Argentina?"", ""Em que dia a Chloe vai nascer?"", ""O bebê vai nascer em abril ou em maio de 2026?"", ""Se ela estiver com 19 semanas de gravidez, o bebê vai nascer muito prematuro?"", ""O nascimento da bebê está previsto para os dias 30, 31, 1, 2 ou 3?"", ""Por que foi dito que a bebê provavelmente vai nascer no final de junho devido ao risco, se a previsão do parto é 15/08/2025?"", ""Vocês podem gravar o momento do nascimento do bebê?"", ""Em que mês o bebê da Karen vai nascer?"", ""Quando o bebê está previsto para nascer neste mês?"", ""A previsão de nascimento da bebê é para 28/01?"", ""Por quantos dias a mulher do meu primo deve ficar na maternidade após o parto, se o bebê nascer em 16 de julho?"", ""É possível que a bebê nasça no dia 10 de fevereiro?"", ""O bebê também vai nascer no dia 4 de março?"", ""O bebê pode nascer no mesmo dia, 31 de janeiro, em que a avó nasceu?"", ""A data prevista para o nascimento da bebê é 27 de janeiro?"", ""O bebê vai nascer no dia 2, que também é o dia em que eu nasci?"", ""A bebê Zoe vai nascer em 20/10 ou em 21/10?"", ""O bebê vai nascer em Portugal ou no Brasil?"", ""O que significa um Apgar de 9 a 10 no nascimento do bebê?"", ""O bebê nasceu na virada da lua?"", ""A bebê pode nascer no mesmo dia do meu aniversário?"", ""Você acha que ela vai nascer no dia 17 de janeiro?"", ""A bebê pode nascer no dia 3 de fevereiro?""]",df90e2e53e1593d5c475f934b18f0f6653e0f5623e064aa047f69e838f28fe0b
6,187,"['dilatação', 'semanas', '38', 'contrações', 'tampão', 'mucoso', 'sinais', 'trabalho', 'dores', '39']",50,"[""Uma gestante com 35 semanas que já sente todos os sintomas de dilatação deve se preocupar?"", ""É normal ficar assim por uma semana, com 38 semanas e 3 dias de gravidez, 1 cm de dilatação, contrações constantes e fisgadas no canal vaginal?"", ""Uma gestante com 39 semanas e 6 dias, com saída de tampão mucoso e barriga ficando muito endurecida, já está tendo dilatação?"", ""Uma gestante de 29 semanas com dores nas costas, dor na parte de baixo, sensação de pressão e barriga dura o tempo todo pode estar dilatando antes da hora?"", ""Com 38 semanas e 3 dias de gravidez, sentir muitas contrações de treinamento e a barriga parecer que vai cair e apertar indica dilatação ou início do trabalho de parto?"", ""É normal estar com 41 semanas de gravidez e ainda não ter entrado em trabalho de parto, sentindo apenas contrações de treinamento?"", ""É normal estar com 38 semanas de gravidez, sentir muitas contrações e ainda não estar dilatando?"", ""É normal sentir muitas dores de hora em hora com 38 semanas de gravidez, mesmo sem dilatação e com o colo grosso?"", ""Com 38 semanas e 5 dias de gravidez, após a saída do tampão sem sangue e com contrações de treinamento sem dor, devo ir ao hospital?"", ""Com 39 semanas e 5 dias de gravidez, se as contrações de treinamento continuam há uma semana, devo ir para a maternidade?"", ""Com 36 semanas de gravidez, ir com frequência ao banheiro e sentir muita dor de barriga pode ser sinal de dilatação?"", ""Com 35 semanas de gestação, ainda é muito cedo para esses sintomas serem pródromos de parto?"", ""É normal estar com 38 semanas de gravidez, com o bebê sentado e sem sintomas de trabalho de parto?"", ""Com 38 semanas de gravidez e com esses sintomas, será que estou com dilatação ou em trabalho de parto?"", ""É normal estar com 39 semanas de gravidez sem sentir dor, dilatação ou outros sinais de trabalho de parto?"", ""É normal a maternidade me mandar embora com 39 semanas e 1 dia de gravidez, com a pressão subindo e o colo do útero grosso?"", ""Com 37 semanas e 3 dias de gestação, sentindo dores ao amanhecer e dores mais fortes quando o bebê se mexe, mas sem sangramento, é indicado ir ao hospital?"", ""Com 37 semanas e 1 dia de gravidez, com dor na parte de baixo, contrações irregulares e vontade de evacuar, devo ir para a maternidade ou esperar?"", ""Pode ter sido o corpo expulsando o bebê, já que comecei a dilatar sem sentir nada com 31 semanas e tive o parto com 32 semanas?"", ""É normal estar com 40 semanas e 2 dias de gravidez e ainda não ter sentido dilatação ou outros sinais?"", ""É normal estar com 39 semanas e 3 dias de gestação, sentir dores e desconfortos semelhantes, e ainda não ter entrado em trabalho de parto?"", ""É possível que eu tenha voltado a dilatar com 35 semanas de gravidez, após ter tido 1 dedo de dilatação com 33 semanas e voltar a sentir dores, endurecimento da barriga e cólicas?"", ""Com 28 semanas de gravidez, com muitas idas ao banheiro, contrações e cólicas que irradiam para a perna, posso estar em trabalho de parto?"", ""Com 34 semanas de gravidez, com muitas contrações e cansaço, o parto pode estar próximo?"", ""Dor nas costas, pressão na região íntima e contrações leves são sinais de dilatação com 40 semanas e 2 dias de gravidez?"", ""Essas fisgadas ou agulhadas na região lombar podem ser um sinal de que o parto está próximo?"", ""A relação sexual após 37 semanas de gestação pode provocar espontaneamente o descolamento de membranas?"", ""Devo me preocupar se o tampão mucoso saiu com 34 semanas de gestação?"", ""Com 9 meses de gravidez, a saída do tampão mucoso, a vontade de fazer xixi e as fortes dores indicam que o bebê já está nascendo?"", ""Perder o tampão há uma semana e estar com um dedo de dilatação significa que o parto está próximo?"", ""É possível ter contrações e sair o tampão mucoso mesmo com o bebê sentado, estando com 36 semanas e 4 dias de gestação?"", ""Dores na barriga e na coluna significam que o parto será amanhã?"", ""Com 35 semanas e 3 dias de gravidez, a saída de um pouco do tampão mucoso e uma leve dor na região do osso do bumbum são sinais de dilatação ou de início do trabalho de parto?"", ""A vontade de fazer cocô junto com as contrações pode ser um sinal de que o parto está começando?"", ""Ter placenta grau 3 com 35 semanas de gravidez pode indicar que o parto acontecerá antes do previsto?"", ""Com 33 semanas e 4 dias de gravidez, cólicas, pressão para baixo e barriga dura ao caminhar podem ser sinais de que o bebê já quer nascer?"", ""Dor na virilha com 35 semanas de gestação pode ser sinal de trabalho de parto ou de dilatação?"", ""O que podem significar as fisgadas na bexiga e o bebê mexendo muito com 39 semanas de gravidez?"", ""É normal, com 37 semanas de gravidez, estar completamente seca e sem aumento de corrimento, mesmo tendo os outros sinais de dilatação?"", ""Contrações sentidas apenas na parte de baixo da barriga podem indicar que o trabalho de parto está perto?"", ""Com 42 semanas e 1 dia de gravidez, sem sentir dores, e com saída do tampão mucoso com um líquido transparente, isso indica que o parto está próximo?"", ""Um bebê em posição atravessada com 37 semanas e 1 dia de gestação ainda pode virar?"", ""Barriga endurecida e saída de secreção marrom com 38 semanas e 4 dias podem indicar que o parto está próximo?"", ""Com 38 semanas e 2 dias de gestação, bebê cefálico, mas ainda não encaixado, com cólicas e 1 dedo de dilatação há 3 semanas, ainda há chance de o bebê encaixar para o parto?"", ""Gestante com duas cesáreas anteriores, estando com 38 semanas, pode fazer o descolamento de membranas para tentar iniciar o trabalho de parto?"", ""Com 38 semanas e 1 dia de gravidez, você já começou a dilatar?"", ""A gestante de 40 semanas com contrações irregulares já entrou em trabalho de parto?"", ""As contrações de treinamento ou Braxton Hicks podem doer e causar muita agonia e falta de ar?"", ""Com 40 semanas e 1 dia de gestação e com os mesmos sinais, o parto está próximo?"", ""Com 40 semanas e 1 dia, com o útero alto, grosso e sem dilatação, ainda é possível ter um parto normal?""]",7e5370fa0cf6b177a144d727ca4a6000b6295e324759374fe693d558ed544517
7,182,"['podem', 'cólicas', 'seios', 'sinais', 'dor', 'indicar', 'enjoo', 'doloridos', 'sinal', 'atraso']",50,"[""Um atraso de 4 dias, com cólica, dor nas mamas, dor lombar, fome e um pouco de sono pode ser sinal de gravidez?"", ""Seis dias de atraso menstrual, seios doloridos e cólicas que vão e voltam podem indicar gravidez?"", ""Os enjôos, as cólicas leves, a dor de cabeça, a dor nas costas e o atraso menstrual podem indicar gravidez?"", ""Dor nos seios e cólicas com 12 dias de atraso menstrual podem ser sinais de gravidez?"", ""Sintomas como cólica, dor nos seios, dor de cabeça, enjoo e dor nas costas antes do atraso menstrual podem indicar gravidez?"", ""Mesmo tendo menstruado neste mês, cólicas leves e seios doloridos podem ser sinais de gravidez?"", ""É possível que eu esteja grávida se minha menstruação deve descer em 3 dias e eu estou com muita indisposição, muito sono e cólicas leves há uma semana?"", ""Tonturas, dor de cabeça, cólicas fortes, fisgadas no pé da barriga e atraso menstrual podem ser sinais de gravidez?"", ""O atraso da menstruação, junto com uma cólica leve diferente da habitual, pode indicar gravidez?"", ""Um atraso menstrual de 6 dias, com cólicas leves e seios doloridos pode indicar gravidez, mesmo sem eu ter feito o teste ainda?"", ""Sensibilidade nos seios, dor nas costas, cólicas leves, tontura e mal-estar podem ser sinais de gravidez?"", ""Com três dias de atraso menstrual e cólica leve, isso pode ser sinal de gravidez?"", ""Estou há um mês sem menstruar e sinto dor no pé da barriga; isso pode ser gravidez?"", ""A menstruação atrasada há 4 dias, com fisgadas do lado esquerdo, cólicas leves e mamilos sensíveis, pode indicar gravidez?"", ""O atraso menstrual de 9 dias, com cólica à noite e fraqueza, pode indicar gravidez?"", ""Estou com muita cólica, peso nas pernas e dor na lombar; isso pode ser sinal de gravidez?"", ""A ausência de menstruação, junto com dor de cabeça, enjoo e corpo mole, pode indicar gravidez?"", ""A ausência da menstruação no primeiro dia previsto, junto com dor lombar, gases e cólica, pode ser sinal de gravidez?"", ""Enjoo, vômito, seio dolorido e atraso na menstruação podem indicar gravidez?"", ""Um atraso menstrual de 15 dias, junto com cólicas, dor de cabeça e sono excessivo, pode indicar gravidez?"", ""Estou com a menstruação atrasada há 5 dias, com cólicas, mas sem descer; isso pode indicar gravidez?"", ""Com dois dias de atraso menstrual, sangramento de fluxo menor, dor de cabeça e vontade frequente de urinar, posso estar grávida?"", ""O leve sangramento e a cólica que tive em dezembro podem ser sintomas de gravidez?"", ""Depois de ter um sangramento e muita cólica, será que estou grávida?"", ""Um dia de atraso menstrual, com dor nas costas e insônia, pode ser sinal de gravidez?"", ""Tontura e queda de pressão 60 dias após o parto podem ser sinal de algo grave?"", ""A saída de uma secreção parecida com borra de café junto ao xixi pode ser sinal de implantação do embrião no útero?"", ""Pontadas leves do lado esquerdo e cansaço podem ser sinais de gravidez nesse caso?"", ""A azia que estou sentindo pode ser efeito do remédio que tomei ou pode ser um sinal de gravidez, considerando que estou tentando engravidar há quase 3 anos?"", ""Os sintomas que estou sentindo, como fisgadas nas auréolas e inchaço, podem indicar que estou grávida de novo?"", ""Dor no estômago e fisgadas no lado do ovário por uma semana podem ser sinal de gravidez?"", ""Dores no útero depois da relação sexual podem ser sinal de gravidez na terceira semana?"", ""O escape amarronzado e vermelho claro, em pouca quantidade e por dois dias, junto com prisão de ventre e muitos gases, pode ser sinal de gravidez?"", ""O aparecimento de muco transparente e gosmento, junto com muito apetite, pode indicar gravidez nesse caso?"", ""Corrimento marrom por três dias, cólicas e muito sono podem ser sinais de gravidez?"", ""A pessoa que relatou cólicas, enjoos, seios doloridos e menstruação prevista para daqui a 3 dias está grávida?"", ""Essas dores parecidas com cólica e o muco branco podem ser sinais de gravidez?"", ""Ter náuseas e vômitos antes do dia 14 pode ser sinal de gravidez?"", ""Esses sintomas — diarreia desde dezembro, cistos que incham e desincham, muita dor nos seios e sangramento aguado — podem indicar gravidez?"", ""Suor excessivo, mal-estar e tontura antes da menstruação podem ser sinais de gravidez?"", ""O sangramento por dois dias, as cólicas, a dor nos seios, o vômito e o mal-estar podem indicar gravidez?"", ""Barriga endurecida na parte de baixo e sangramento leve por 3 dias podem ser sinais de gravidez?"", ""Os sintomas descritos, como cólicas leves, pressão no baixo ventre, sangramento em borra de café e beliscadas do lado esquerdo, podem indicar gravidez?"", ""Enjoo, dor de cabeça à noite e dor nos seios podem indicar gravidez mesmo com teste negativo?"", ""Cólicas leves, vontade de vomitar, dor no pé da barriga e sono podem ser sinais de gravidez?"", ""Ansiedade, sensação de útero inchado e saída de líquido dos seios podem ser sinais de gravidez?"", ""Relação no dia da ovulação, com cólicas que vão e voltam, sono e azia nove dias depois, pode indicar gravidez?"", ""Enjoos estranhos e vontade de comer coisas antes da menstruação podem ser sintomas de gravidez ou também de TPM?"", ""Seios doloridos, cólicas do lado esquerdo, alterações na barriga e urina em excesso podem estar relacionados a uma gravidez?"", ""Dor nos seios há duas semanas, gosto amargo na boca e veias dilatadas podem ser sinais de gravidez?""]",53140197a8213bf7bacb22f1d00362ee1d5586762a3cbdf37018da13cd7e75de
8,160,"['hcg', 'beta', 'mui', 'resultado', 'ml', 'quantitativo', 'positivo', 'indica', 'exame', '25']",50,"[""Um resultado de beta-hCG de 0,26 indica gravidez?"", ""Um resultado de beta-hCG inferior a 2,39 indica gravidez ou não?"", ""Um resultado de beta-hCG de 29 indica gravidez?"", ""Um resultado de beta hCG de 207,6 indica que estou grávida?"", ""Qual é o valor de referência do beta hCG nessa fase da gravidez?"", ""Os resultados do beta HCG indicam que a gravidez está evoluindo bem?"", ""Um beta-hCG de 25,0 mUI/mL após 112 dias de atraso menstrual pode indicar um resultado positivo de gravidez?"", ""O resultado do meu beta-hCG quantitativo está compatível com cinco a seis semanas de gestação?"", ""Com um dia de atraso e beta-hCG de 15,21, o resultado está muito baixo?"", ""Qual foi o valor do beta-hCG para confirmar a gravidez?"", ""Um resultado de beta-hCG de 25 mUI/mL indica gravidez?"", ""Há algum motivo para o beta-hCG ter dado tão alto no início da gravidez, e isso exige preocupação?"", ""O resultado de 6,33 no beta-hCG pode indicar o quê?"", ""Um beta hCG de 1.350 mUI/mL, com referência de não reagente até 35 mUI/mL, indica gravidez?"", ""O aumento do beta hCG de 141,5 para 173,4 entre terça-feira e sexta-feira está normal no início da gestação?"", ""Com 4 semanas de gestação, um beta hCG de 105,5 está bom?"", ""O aumento do beta-hCG de 14.123 mUI/mL para 18.132 mUI/mL em 48 horas e para 22.224 mUI/mL após 4 dias, sem sangramento nem dores fortes, é um sinal ruim na gravidez inicial?"", ""Um beta-hCG de 310 com 7 semanas e 1 dia de gestação pode ser normal?"", ""O resultado do beta-hCG 4030,0 é positivo para gravidez?"", ""A evolução do beta-hCG de 20,36 para 206 em 72 horas e para 418 após 5 dias pode ser normal no início da gravidez?"", ""Qual foi o resultado dessa situação com o beta HCG na gravidez inicial?"", ""Um beta-hCG de 25 mUI, com menstruação atrasada há 9 dias, é considerado gestação?"", ""Mesmo com o beta-hCG negativo, ainda pode haver gravidez?"", ""Qual foi o resultado do exame beta-hCG?"", ""Um beta-hCG com resultado insuficiente para detecção consegue confirmar ou descartar a gravidez?"", ""Se o próximo exame de beta hCG mostrar pouca diferença, isso pode ser um sinal de perda gestacional?"", ""Quantos dias devo aguardar para repetir o exame beta-hCG?"", ""Devo fazer um exame de beta hCG com urgência?"", ""Quantos dias após o sangramento de nidação posso fazer um beta hCG quantitativo?"", ""É possível o beta-hCG ter caído de 1517 para 156 em pouco tempo sem haver sangramento?"", ""Com um beta hCG muito baixo, já seria possível visualizar uma gravidez ectópica no ultrassom?"", ""Como confirmar qual resultado do beta hCG está correto, já que os exames foram feitos em clínicas diferentes e indicaram idades gestacionais diferentes?"", ""É possível que o teste Clearblue indique 10 semanas de gravidez quando a gestação está com 5 semanas?"", ""Minha esposa está grávida se o beta-hCG deu 49,7 e o laboratório considerou o resultado negativo por usar 50 como valor mínimo para positivo?"", ""Os resultados do teste de gravidez negativo, seguido de positivo fraco, positivo forte e beta-hCG de 494, estão dentro do esperado?"", ""É necessário esperar o beta hCG estar acima de 2000 para fazer o ultrassom?"", ""Com quantas semanas de gestação o hCG deu acima de 100.000?"", ""O exame de hCG feito em 30 de outubro pode ter sido feito cedo demais para detectar a gravidez?"", ""Pode ter havido um erro do laboratório no segundo exame de beta-hCG?"", ""É possível que eu não esteja grávida, mesmo com beta hCG positivo e uma ultrassonografia de 5 semanas sem visualização de saco gestacional?"", ""Com quantas semanas de gravidez o teste pode apresentar a segunda linha fraquinha?"", ""Há chance de o beta-hCG aumentar ou isso pode indicar uma gravidez química?"", ""O que pode significar um beta-hCG que não passa de 100 e sobe e desce entre 82, 40, 60 e 55, mesmo com sintomas de gravidez?"", ""Com um exame beta hCG de 27.096,0, quantas semanas de gravidez eu tenho?"", ""O exame beta-hCG pode dar positivo mesmo se a ovulação tiver atrasado?"", ""Um beta-hCG inferior a 5 mUI/mL, feito 16 dias após a relação, permite descartar uma gestação ou é necessário repetir o exame?"", ""Um beta-hCG de 690,6 mIU no dia 27/11/25 e 690,0 mIU no dia 02/12/25 pode indicar que tive um aborto?"", ""Como interpretar um beta hCG que foi de 18,0 para 84 em quatro dias e depois para 83 em mais quatro dias?"", ""Existe algum outro fator além da gestação que possa fazer o beta hCG quantitativo aumentar?"", ""Um beta-hCG quantitativo com valor de 2,0, feito dois meses após a relação, é negativo ou positivo?""]",32ecca089168da4d34ee995d165b9bb60461f81ff6eeed7917be78c759eb3be0
9,151,"['menstruação', 'menstruar', 'menstrual', 'descer', 'desceu', 'dias', 'ficar', 'normal', 'atraso', 'mês']",50,"[""É normal a menstruação durar apenas um dia, como aconteceu no mês passado e neste mês?"", ""A menstruação já veio ou continua atrasada há quase dois meses?"", ""O que pode ser quando a menstruação vem antes do previsto e dura só um dia, como aconteceu comigo?"", ""É normal ficar três meses sem menstruar?"", ""O que pode causar menstruação atrasada por 1 mês?"", ""Por que fiquei dois meses sem menstruar e, no terceiro mês, a menstruação voltou?"", ""A menstruação desceu após 15 dias de atraso?"", ""A menstruação ainda não desceu?"", ""A menstruação já parou?"", ""É normal ficar mais de 12 dias sem menstruar?"", ""É normal ter um sangramento pela manhã, sem dor, depois de 17 anos sem menstruar?"", ""Por que a menstruação está atrasada?"", ""É normal a menstruação ficar irregular e passar 3 ou 4 meses sem vir?"", ""É normal ficar três meses sem menstruar, sentir cólicas leves e a menstruação não descer?"", ""É normal a menstruação ter durado só 4 dias neste mês, quando normalmente dura 7?"", ""Com quantos dias de atraso a menstruação desceu?"", ""É normal ter atraso menstrual de uma semana ou mais?"", ""É normal a menstruação adiantar dois dias?"", ""A sua menstruação já veio após o atraso?"", ""O atraso na menstruação significa apenas que ela vem alguns dias depois do esperado ou que pode não acontecer de vez?"", ""É normal a menstruação durar apenas 2 dias, com apenas manchas na calcinha?"", ""Para quando a menstruação está prevista?"", ""É normal a menstruação vir marrom e depois ir embora?"", ""É normal a menstruação não vir depois de um sangramento marrom de 3 dias?"", ""Por que a menstruação atrasou tanto, se o meu ciclo é bem regulado?"", ""Você teve muco clara de ovo enquanto estava menstruada?"", ""Você pode explicar melhor o que está acontecendo quando a menstruação começa aos 11 anos?"", ""Houve algum sintoma antes de a menstruação descer?"", ""Devo iniciar agora o uso de urxi amarelo e unha-de-gato, ou apenas a partir do terceiro dia da menstruação?"", ""O corrimento aquoso, claro e sem cheiro pode ser perda de líquido?"", ""O ciclo menstrual feminino é 100% exato?"", ""Existe algum exame que possa confirmar se ela já teve a primeira menstruação?"", ""O que a cor do sangue menstrual pode indicar?"", ""Sua menstruação veio normalmente, com sangue vermelho vivo e coágulos?"", ""É normal sentir leves fisgadas no lado esquerdo do abdômen, no quadril e na região vaginal faltando 9 dias para a menstruação descer?"", ""Menstruação que vem sem controle e não quer parar pode ser causada por uma inflamação?"", ""O chá de canela e gengibre pode ter feito a menstruação descer depois de 3 dias?"", ""O que pode ser esse corrimento rosado com ardência que aparece sempre depois da menstruação?"", ""Quanto tempo costuma durar essa cólica forte antes da menstruação?"", ""No primeiro dia, como a menstruação começou e como ela evoluiu nos dias seguintes?"", ""É normal ainda não ter menstruado novamente em janeiro depois de ter menstruado de 30 de dezembro a 4 de janeiro?"", ""O que devo fazer diante dessa menstruação muito forte e irregular?"", ""A pessoa a quem o comentário se refere menstrua todos os meses por 2, 3, 4, 5, 6 ou 7 dias?"", ""É normal a menstruação não ter descido 10 meses após uma cesárea, enquanto o bebê mama bastante?"", ""É normal que o ciclo venha com fluxo muito intenso, como um \""rio\""?"", ""Como saber se o sangramento no meio do ciclo é um escape ou uma nova menstruação, considerando que isso acontece há cerca de seis meses?"", ""O ciclo menstrual é de 23 ou 25 dias?"", ""É normal continuar com dores na lombar, dor de cabeça, enjoo, tontura e desconforto nos seios depois que a menstruação veio?"", ""É normal ficar há dois meses com corrimento ou sangramento rosado, que quase não suja o absorvente?"", ""É possível que um sangramento ocorrido em 2 de outubro, em uma mulher com menstruação irregular e última menstruação em 27 de setembro, aconteça antes do atraso menstrual?""]",3275467b824677465f75f9895ecfa58b764ac772c403dc122900cfba864a18d6
10,186,"['mamadeira', 'seringa', 'alimentar', 'dar', 'sugar', 'bico', 'chupeta', 'ponta', 'leite', 'recém']",50,"[""Por que não dar na chiquinha ou em uma mamadeira menor para o bebê?"", ""Por que não dão logo uma mamadeira ao bebê?"", ""Por que não foi usada uma mamadeira para que o bebê sugasse à vontade?"", ""Por que não usam uma mamadeira para alimentar o bebê?"", ""Por que usar seringa para alimentar o bebê em vez de mamadeira?"", ""Por que usar uma seringa em vez de uma mamadeira para alimentar o bebê?"", ""Por que não foi usada mamadeira para o bebê?"", ""Por que não usar um bico de mamadeira na seringa para alimentar o bebê?"", ""Se o bebê estiver mamando na mamadeira, essa forma de segurá-lo também deve ser evitada?"", ""É preciso oferecer a mamadeira a um recém-nascido?"", ""Há algum problema em dar mamadeira para um bebê?"", ""Por que não dão a alimentação do bebê em uma chuquinha?"", ""O bebê que mama na mamadeira também deve ser segurado assim na hora de mamar?"", ""Não seria melhor usar mamadeira em vez de seringa para alimentar o bebê?"", ""Quando o bebê mama pela mamadeira?"", ""Por que o bebê não está sendo alimentado com mamadeira?"", ""Para que serve a mamadeira se a bebê está mamando no peito?"", ""Não seria melhor usar chuquinhas ou uma mamadeira pequena?"", ""O bebê deveria ter descansado antes de receber o restante da mamada?"", ""Não seria melhor dar ao bebê no copinho?"", ""A melhor posição para dar mamadeira ao bebê é de barriga para cima?"", ""Por que não dar a primeira mamadeira para a bebê se acalmar?"", ""Não seria mais certo usar uma mamadeira ou uma chuquinha?"", ""Quanto tempo demorou para o bebê aceitar a mamadeira?"", ""O que fazer ao dar leite na mamadeira para o bebê não ficar desconfortável?"", ""Ao preparar a fórmula, não deveria ter colocado metade da água e depois completado com o restante para não aumentar o volume?"", ""A confusão de bico acontece mais em recém-nascidos ou também em bebês mais velhos correm o mesmo risco?"", ""Por que vocês colocam uma peça de plástico na gengiva do bebê para tirar sangue da boquinha dele?"", ""Como limpar o cano da mamadeira?"", ""É normal o bebê engolir rápido e ficar sem ar ao tomar leite na seringa?"", ""O uso de chupeta na infância está associado a distúrbios alimentares ou ao vício em drogas?"", ""Quando o bebê está cansado de sugar, a pessoa deve retirar a seringa para ele respirar?"", ""O bebê precisa de algo que simule o peito da mãe para sugar sem perder a força?"", ""Na parte final, quando o bebê já estava saciado, era preciso empurrar o restante do alimento?"", ""O bebê pode tomar água ou não pode ingerir nada pela boca?"", ""Usar um espaçador torna mais fácil aplicar a bombinha na criança?"", ""Por que tanta pressa, se o recém-nascido ainda está aprendendo a sugar na seringa?"", ""A água para preparar a mamadeira precisa ser fervida sempre?"", ""No final da mamada, quando o bebê para de sugar por estar muito cansado, esse é o procedimento correto?"", ""Por que essa pessoa faz a alimentação tão rápido, empurrando o leite sem dar tempo para o bebê engolir?"", ""Qual é a função da chupeta para o bebê?"", ""É normal que a mamadeira 0M solte leite quando é virada para baixo ou chacoalhada?"", ""O bico da mamadeira precisa ser furado ou já vem furado?"", ""Por que não usar uma mamadeira, em vez dessa ponta dura que pode machucar a gengiva do bebê?"", ""A recomendação de parar por 30 segundos ao dar mamadeira foi alterada?"", ""Por que tanta pressa para dar um copo na boca da criança?"", ""O bebê pode não se sentir bem depois de sugar tudo de uma vez dessa forma?"", ""Dar esse alimento na mamadeira machuca a boquinha do bebê?"", ""Os bebês fazem muita força ao mamar na mamadeira e isso pode deixá-los cansados?"", ""Bebê internado na UTI pode receber leite na mamadeira?""]",05715568a21542be5842beb8bbf0d5c6895e856b1b5c9b29f771a98bf444c565
11,147,"['isso', 'nesse', 'caso', 'luvas', 'você', 'procedimento', 'essa', 'foi', 'feito', 'certo']",50,"[""O que devo fazer nessa situação?"", ""Como você fez isso?"", ""Como foi essa situação?"", ""O que fazer nessa situação?"", ""Você já foi assim, sabia?"", ""Como assim você vai passar por isso de novo?"", ""O que está acontecendo no meu caso?"", ""Isso é mentira?"", ""Por que isso é feito dessa forma?"", ""O que eu posso fazer?"", ""O que devo fazer nesse caso?"", ""É por vergonha?"", ""Como isso é feito?"", ""Você acredita mesmo nisso?"", ""Você já descobriu alguma coisa sobre isso?"", ""Isso é mentira, não é?"", ""Você está dizendo que vai passar por isso de novo?"", ""Por que isso aconteceu com ela, sendo tão novinha?"", ""Quais medidas cabíveis devem ser tomadas nesse caso?"", ""Você já pensou nisso?"", ""Você fez exames?"", ""Você vai passar por tudo isso de novo?"", ""Isso é normal?"", ""Isso é verdade?"", ""Isso é considerado crime?"", ""Onde posso mandar manipular o Lugol?"", ""O que significa \""dois registros\""?"", ""O vernix realmente funciona para tirar as rugas?"", ""O produto comprado pode ser de um modelo diferente?"", ""A água está gelada?"", ""A simpatia deve ser feita três vezes por dia ou três vezes por semana?"", ""Foi por descuido ou por falta de luvas?"", ""Os profissionais usam ultrassom para realizar essa remoção?"", ""A validação dessa contribuição demora muito?"", ""Como isso foi feito: você mandou cortar o colchão e a madeira?"", ""Qual é a marca da cinta?"", ""Esses produtos podem ser usados normalmente no dia a dia e depois lavados, ou servem apenas para uso imediato?"", ""Emendar quatro cartelas de uma vez ou mais desregula o ciclo?"", ""O que é sigmoide?"", ""Em maternidades, existe um documento assinado para comprovar que a gestante fez um pedido caso ele não seja atendido e aconteça algo com o bebê?"", ""Atrasada em relação a quê?"", ""Nesse caso, a chupeta não seria uma aliada?"", ""O que é mecônio?"", ""A que horas a bolsa estourou e como isso aconteceu?"", ""Por que você mistura os dois? É para não ressecar?"", ""O que significa ter aparecido apenas uma linha?"", ""O pedido foi feito pelo aplicativo?"", ""Essa contribuição corresponde a quantos por cento?"", ""É possível quebrar o resguardo com apenas 10 dias?"", ""Existe algum nome para o profissional com essa especialização para que eu possa procurá-lo em Marília, SP?""]",007dbf16a0b776becd75a3c7113c63e81e1c7bb3bfc61fd414aadc1f3a685b0a
12,166,"['ultrassom', 'natal', 'ultrassonografia', 'saco', 'pré', 'transvaginal', 'gestacional', 'exame', 'semanas', 'mostrou']",50,"[""Já foi feito ultrassom nessa fase da gravidez?"", ""Haverá outro ultrassom mais à frente na gravidez?"", ""Com quantas semanas de gravidez já posso fazer um ultrassom?"", ""Com 3 semanas e 6 dias de gestação, ainda é muito cedo para fazer uma ultrassonografia?"", ""Nesta gravidez, o médico consegue saber pelas ultrassonografias se já saiu tudo?"", ""Como foi o ultrassom da gestação?"", ""Você fez ultrassonografia na gravidez?"", ""Para que serve a ultrassonografia na gravidez?"", ""No início da gravidez, o exame feito pela gestante é o ultrassom transvaginal?"", ""É possível fazer ultrassom com menos de 7 semanas de gravidez?"", ""Você pode mostrar um pouco das consultas e das ultrassonografias da gravidez?"", ""A gestante fez ultrassom com Doppler nas últimas semanas da gravidez?"", ""Na próxima ultrassonografia, já será possível ver se o saco gestacional está dentro do útero?"", ""Com 6 semanas de gravidez, o ultrassom só vai mostrar algo entre 10 e 13 semanas?"", ""A gestação de quem, com 5 semanas, apresentou vesícula vitelínica irregular na ultrassonografia, deu tudo certo?"", ""Com cinco semanas de gravidez, já é possível ver o embrião no ultrassom?"", ""Você já fez a ultrassonografia da gravidez?"", ""Quais exames são necessários no pré-natal?"", ""É possível eu estar com mais semanas de gravidez do que as indicadas no ultrassom de nove semanas?"", ""É possível fazer um ultrassom em uma semana, quando a gestação estiver com 6 a 7 semanas?"", ""O médico já tinha um palpite tão cedo na gravidez?"", ""É possível, com três meses de gravidez, a consulta de pré-natal não mostrar nada?"", ""Posso fazer o primeiro ultrassom com 5 semanas de gravidez?"", ""É normal o ultrassom mostrar apenas o saco gestacional e não visualizar o bebê, indicando 6 semanas, mesmo com 10 semanas e 3 dias de gravidez pela minha contagem?"", ""Por que a ultrassonografia não mostrou nada no útero, mesmo após exames de gravidez positivos?"", ""Uma medida de translucência nucal abaixo de 2 mm é considerada normal?"", ""O que acontece se a gestante perder a data para realizar a primeira ultrassonografia morfológica?"", ""Deve-se solicitar o exame no retorno para confirmar se a gestação está inviável?"", ""A progesterona passada pela médica para uma gestante de 3 semanas com sangramento deu certo?"", ""A ultrassonografia de translucência nucal é necessária na gravidez?"", ""Como ficou o seu caso após um embrião de 8,1 mm sem batimentos e a expulsão na semana passada?"", ""Quantos envelopes há na pasta de pré-natal?"", ""Como encontrar um obstetra com viés humanizado?"", ""Uma gestante deve aceitar um exame de toque de rotina, sem nenhum sinal que justifique a realização?"", ""O exame mencionado foi a ultrassonografia morfológica?"", ""Devo fazer uma ultrassonografia endovaginal e comunicar meu ginecologista sobre isso?"", ""Um bebê pode ficar escondido no ultrassom transvaginal?"", ""A médica que acompanha seu pré-natal não solicitou o exame no segundo trimestre?"", ""Em que dia foi feita a ultrassonografia depois do teste de gravidez?"", ""Com base nas relações de 21 de janeiro e 23 de fevereiro e no ultrassom de 4 de abril que indicou 9 semanas, qual é o pai provável?"", ""Após uma transvaginal feita com 3 semanas e 5 dias, o pré-natal foi iniciado logo ou a pessoa esperou fazer a outra ultrassonografia?"", ""O fato de a ultrassonografia transvaginal feita em 27/11/25 não ter mostrado nada tem relação com uma possível perda gestacional?"", ""Com 25 semanas de gravidez, já dá para fazer a ultrassonografia morfológica em 3D e ver alguma coisa do bebê?"", ""A ultrassonografia em 8K pode ser feita em qualquer idade gestacional?"", ""Você já conseguiu repetir o exame de ultrassom após o primeiro mostrar apenas o saco gestacional e a vesícula vitelínica?"", ""O que significa a presença de um embrião e duas vesículas em um exame de gravidez?"", ""No morfológico do primeiro trimestre, é necessário pedir o rastreamento de pré-eclâmpsia ou o médico já faz esse diagnóstico diretamente?"", ""Se estou desconfiada de gravidez, devo pedir um ultrassom mesmo sem ter feito exame ainda?"", ""As informações apresentadas sobre o primeiro trimestre da gravidez são verdadeiras?"", ""Onde estão as imagens do ultrassom da gravidez?""]",aba86a90981fb222dda8b3000d8880f952e7065f0fe901930ba0aad40fcd5a04
13,155,"['cesárea', 'cicatriz', 'seroma', 'após', 'líquido', 'pontos', 'normal', 'saindo', 'cirurgia', 'cesariana']",50,"[""É normal, 20 dias após a cesárea, a região ficar muito endurecida, dolorida e inchada, mesmo com quase nada de drenagem?"", ""É normal ainda não ter tirado os pontos da cesárea após 18 dias, porque a região estava inflamada?"", ""É normal, após retirar os pontos da cesárea, continuar vazando líquido por 6 dias, sem dor, cheiro ou febre?"", ""É normal sentir dor e dificuldade para andar 14 dias após uma cesárea?"", ""É normal, 20 dias após a cesárea, ainda estar saindo secreção e os pontos ainda não terem sido retirados por causa disso?"", ""Depois de três meses de cesárea, é normal que o buraquinho da cirurgia continue aberto, sem sair líquido amarelo e sem cicatrizar?"", ""É normal aparecer seroma 15 dias após uma cesárea?"", ""É normal a região da cesárea começar a inchar 18 dias após a cirurgia?"", ""É normal que a cesárea, mesmo sem ponto, vaze um pouco e depois fique dolorida e dura?"", ""É normal sentir bolhas, pontinhos e dor ao apertar a barriga após uma cesárea?"", ""O que pode estar causando a dor e a sensação de estar grudada por dentro após a cesárea?"", ""É normal ter muita sensibilidade na região da cesárea depois de ter feito duas cesáreas, a ponto de não conseguir lavar o local?"", ""A cicatriz da cesárea pode abrir para sair todo o líquido acumulado?"", ""É normal a cicatriz da cesárea ainda doer 16 meses após o parto?"", ""É normal ter infecção pós-operatória e inchaço ou inflamação logo abaixo da cicatriz da cesárea na segunda semana após a cirurgia?"", ""É normal ter muita dor e febres leves até a segunda semana após a cesárea?"", ""É normal sentir ardência na cicatriz da cesárea algumas vezes, mesmo quase 3 anos após a cirurgia?"", ""A cicatriz da cesariana pode continuar doendo depois da cirurgia?"", ""O que fazer quando, um mês após a cesárea, ainda está saindo líquido da região da cirurgia e apareceu uma bolinha que abriu e voltou a drenar?"", ""Depois que a cesárea cicatriza, quanto mais tempo se espera para tirar os pontos, maior é a dor?"", ""Se eu fizer outra cesárea, é possível corrigir essa cicatrização ou ela pode piorar?"", ""É normal que a barriga continue grande dois meses após uma cesárea?"", ""É normal, anos após duas cesáreas, a barriga inchar depois de comer, causando falta de ar e dor nas costas?"", ""É normal, 39 dias após a cesárea, surgirem dois pontinhos abertos com saída de um líquido aguado?"", ""É normal sentir muita dor três dias após uma cesárea, ainda mais tendo feito laqueadura junto?"", ""Como fazer a massagem para aliviar a disquesia do bebê?"", ""A partir de quanto tempo após a cesárea essa massagem é recomendada?"", ""O que posso fazer para desinchar os pés após a cesárea e a laqueadura?"", ""O tampão mucoso já está saindo?"", ""Posso fazer alguns exercícios quatro meses após uma cesárea?"", ""Um bebê pode nascer saindo primeiro pelas pernas ou pelos pés?"", ""Existe algum exame para ver como ficou a sutura da pele durante a cesariana?"", ""Após 5 anos da cesárea, o que pode ser feito?"", ""A istmocele pode aparecer 20 anos depois de uma cesariana?"", ""Devo procurar atendimento médico por causa do seroma, da dor na barriga e do sangramento quatro dias após o parto?"", ""Lavar com sabonete, secar e depois passar óleo de girassol duas vezes ao dia está correto para a cicatriz da cesárea?"", ""Com 35 dias de pós-cesárea, com muita dor e queimação na cicatriz, mesmo sem saída de líquido, isso pode ser seroma?"", ""Como fortalecer e comprimir a área da cesárea enquanto a cicatriz ainda está cicatrizando?"", ""A cicatriz da cesárea fica abaixo do umbigo ou mais embaixo, na parte baixa da barriga?"", ""É normal sair um coágulo ou pedaço de sangue seis dias após uma cesariana?"", ""É possível que a bexiga e o estômago tenham ficado aderidos ao local do corte da cesárea?"", ""O esforço que fiz para vomitar prejudicou minha cicatriz da cesárea?"", ""Usar calcinha descartável pode ter prejudicado a cicatrização da cesárea ou do seroma?"", ""É normal sair muito líquido da região da cirurgia após uma cesárea seguida de histerectomia, especialmente depois de colocar ou retirar o taping?"", ""No parto, houve laceração e não foi necessário dar pontos?"", ""Após a cesárea, é normal sair pouco sangue pelo canal urinário sem dor para urinar, às vezes saindo apenas sangue e depois a urina?"", ""É normal ficar três meses sem menstruar após a cesárea, mesmo amamentando pouco e com o bebê mamando mais Aptamil?"", ""O que podem ser os gominhos ao redor da barriga após a cesariana?"", ""É normal sentir agonia e até sensação de desmaio ao fazer essa massagem na barriga depois de uma cesárea, aos quatro meses e meio de pós-parto?"", ""É normal, após uma cesárea, sentir como se os órgãos estivessem soltos e se mexendo quando a pessoa se vira?""]",4be1d287c449c49759332f6ead1a3bb9ee6b78dfc7580a3330a7551f33d79ff1
14,149,"['nidação', 'sangramento', 'menstruação', 'esse', 'sido', 'pode', 'dias', 'ser', 'leve', 'rosado']",50,"[""Um sangramento de dois dias pode ter sido sangramento de nidação em vez de menstruação?"", ""Um sangramento leve que durou três dias pode ser nidação?"", ""A nidação pode coincidir com o dia da menstruação?"", ""A nidação pode acontecer muitos dias depois da data em que a menstruação deveria vir?"", ""Um pequeno sangramento na calcinha pode ser nidação?"", ""Esse sangramento leve que durou um dia em outubro pode ter sido nidação?"", ""Um sangramento bem claro e em pequena quantidade pode ser nidação?"", ""O sangramento escuro de ontem à noite, seguido de muco pela manhã, pode ser nidação?"", ""O sangramento descrito foi nidação ou menstruação?"", ""Um sangramento parecido com nidação, ocorrido nove dias antes da data prevista da menstruação, pode indicar gravidez?"", ""Esse sangramento foi menstruação ou nidação?"", ""Um leve sangramento três dias após a relação pode ser nidação?"", ""Sangramento amarronzado em pequena quantidade por três dias pode ser nidação?"", ""O sangramento marrom de três dias pode ter sido nidação?"", ""Um sangramento muito pequeno, sem sujar a calcinha, antes da menstruação esperada, pode ser nidação?"", ""O sangramento que veio seis dias após a relação, com coágulos e duração de um dia, pode ter sido nidação?"", ""Um sangramento marrom, em pequena quantidade, ocorrido uma semana após a relação e 10 dias antes da menstruação pode ser sangramento de nidação?"", ""Esse pequeno sangramento antes da menstruação pode ser nidação?"", ""Um sangramento rosado após ter relações no sábado e no domingo pode ser nidação?"", ""A nidação pode durar tanto tempo, cerca de 15 dias, com sangramento em borra de café?"", ""Esse sangramento leve antes da menstruação pode ser gravidez ou nidação?"", ""O sintoma foi apenas o atraso menstrual ou houve nidação?"", ""Esse sangramento rosado, fraco e de poucos dias pode ser nidação?"", ""Os sintomas e o sangramento podem ser nidação ou a menstruação está para vir?"", ""Um sangramento rosa e em pouca quantidade pode ser nidação?"", ""Depois de o tampão sair pela manhã, é normal sentir apenas uma leve cólica, sem sangramento e sem rompimento da bolsa?"", ""Esse escape de três dias pode ser nidação?"", ""O médico pode ter se enganado ao concluir que o óvulo fecundado não se implantou no endométrio?"", ""Durante o sangramento de nidação, posso usar protetor diário ou absorvente?"", ""É possível descobrir uma gravidez mesmo sem ter tido nidação?"", ""É possível ocorrer a nidação sem escape de sangue?"", ""Esse atraso menstrual de cinco dias pode ser gravidez?"", ""A cólica e a rajadinha que aconteceram nos dias 18 ou 19/02 podem ter sido nidação?"", ""Durante a nidação, a urina pode ficar com cheiro?"", ""Um sangramento leve que já dura 15 dias, com sangue às vezes mais claro e às vezes mais escuro, pode ser nidação ou outra coisa na gravidez?"", ""Você pode explicar melhor o que é nidação, quanto tempo dura o sangramento e quantos dias depois da relação ele aparece?"", ""O sangramento de nidação pode ocorrer na segunda semana de gestação?"", ""Como saber se é nidação?"", ""O sangramento de nidação pode causar cólica?"", ""Esse pequeno sangramento rosado do dia 2 de maio pode ter sido nidação, mesmo com a última menstruação no final de março e o ultrassom indicando gravidez em maio?"", ""Existem casos de mulheres que conseguiram parir com algum desses tipos de nidação?"", ""Um pequeno corrimento rosado, que apareceu apenas uma vez e depois parou, pode ser sinal de nidação?"", ""O sangramento vermelho claro e rosado com cólicas leves que ocorreu nos dias 6 e 7/4 pode ter sido nidação em vez de menstruação?"", ""Todas as mulheres precisam apresentar sangramento de nidação?"", ""É normal a nidação durar mais de cinco dias, com sangramento leve e rosado, em uma gravidez de 1 mês e 10 dias?"", ""Esse sangramento leve e vermelho, com três dias de atraso menstrual, pode ser nidação?"", ""Quantos dias após a relação sexual pode acontecer um sangramento de nidação?"", ""Um sangramento que aparece apenas ao limpar bem no fundo pode ser nidação tardia?"", ""O sangramento de 29/01/26 pode ser nidação após a relação de 16/01/26, considerando que a menstruação veio em 02/01/26?"", ""O corrimento marrom e levemente avermelhado que apareceu cinco dias após a relação pode ser nidação?""]",e648ce3666184a0dcb9c391630bd07b999e4520752ec9ab36be2228eb61806d3
15,150,"['gêmeos', 'trigêmeos', 'bebês', 'são', 'gemelar', 'gêmeas', 'gestação', 'idênticos', 'arthur', 'sofia']",50,"[""Há dois bebês na gestação, ou seja, são gêmeos?"", ""Uma gravidez de dois bebês significa que são gêmeos?"", ""A gestação é de apenas um bebê ou de gêmeos?"", ""E se a gravidez for de gêmeos?"", ""Será que a gravidez é de gêmeos?"", ""A gravidez é de gêmeos ou não?"", ""É uma gravidez de gêmeos ou de gêmeas?"", ""A gravidez é de gêmeos?"", ""É uma gravidez de gêmeos?"", ""Há possibilidade de a gravidez ser de gêmeos, e não de um único bebê?"", ""Será que a gestação é de gêmeos?"", ""Como é a gestação quando são gêmeos?"", ""Será que essa gravidez é de gêmeos?"", ""Como fica a gestação se forem gêmeos?"", ""É possível que a gravidez seja de apenas um bebê, e não de gêmeos?"", ""A gestante está esperando gêmeos?"", ""A gestação é de gêmeos?"", ""Na próxima gravidez, pode haver gêmeos?"", ""É uma gestação de gêmeos?"", ""Há possibilidade de a gravidez ser de gêmeos?"", ""A gravidez é de gêmeos ou de bebês de sexos diferentes?"", ""E quando são dois bebês na gestação?"", ""E se o bebê for gêmeos, um menino e uma menina?"", ""Você pode falar mais sobre gravidez de gêmeos?"", ""A gravidez é de gêmeos ou de gêmeas?"", ""Foi necessária apenas uma forcinha da mãe para o parto dos gêmeos?"", ""Sophia e Arthur não são gêmeos?"", ""Gêmeos que nascem com diferença de 7 horas são univitelinos?"", ""Quem engravidou as gêmeas siamesas e com quem isso aconteceu?"", ""Como os trigêmeos são formados?"", ""Você está falando do procedimento dos gêmeos?"", ""É normal irmãos gêmeos não se parecerem?"", ""Você pode trazer uma explicação sobre gestação de gêmeos ou trigêmeos?"", ""Os gêmeos não foram para a incubadora?"", ""É possível fazer uma sexagem para descobrir se são gêmeos ou gêmeas?"", ""O parto dos gêmeos foi em 10 de julho?"", ""É possível amamentar os dois gêmeos ao mesmo tempo?"", ""A mulher que teve gêmeos aos 41 anos usou indutor de ovulação para engravidar?"", ""Gêmeos que nascem com diferença de 7 horas têm placentas diferentes?"", ""Os gêmeos nasceram de parto normal?"", ""É normal uma gestante de gêmeos fraternos ainda não ter ganhado peso, mesmo com os bebês tendo peso?"", ""Com quantas semanas de gestação os gêmeos nasceram?"", ""O que acontece quando os bebês são gêmeos siameses?"", ""E se a gestação for de trigêmeos?"", ""Em gestações de gêmeos mono-di, qual é a indicação para o parto?"", ""Esses gêmeos eram de uma placenta só?"", ""Em que dia os gêmeos vão nascer?"", ""O parto de gêmeos é tranquilo?"", ""Na gravidez de gêmeos, já no quarto mês a pessoa costuma não conseguir andar?"", ""Os bebês são gêmeos idênticos?""]",4eb7beb406915888d2141c35ce7ca636a0b701e6c3a09d803d332eae1aa4ff97
16,135,"['vacina', 'bronquiolite', 'contra', 'abrysvo', 'beyfortus', 'tomar', 'aplicada', 'vacinas', 'reação', 'covid']",50,"[""Se a mãe tomar a vacina durante a gestação, o bebê também deve tomar a vacina contra bronquiolite quando nascer?"", ""Se a gestante tomar a vacina contra bronquiolite, qual deve ser o intervalo até o bebê ser vacinado?"", ""É melhor tomar a vacina contra bronquiolite durante a gestação ou após o nascimento do bebê?"", ""Após o nascimento, a vacina já pode ser aplicada no bebê?"", ""Depois que a bebê melhorar da bronquiolite, ela pode receber essa vacina?"", ""A vacina contra bronquiolite para gestantes foi devidamente testada?"", ""Se eu usar a Abrysvo durante a gestação, só depois que o bebê completar 6 meses é importante usar a outra vacina?"", ""A vacina contra bronquiolite é oferecida no posto de saúde na data certa para um bebê que vai completar 4 meses?"", ""Gestantes podem tomar a vacina contra bronquiolite com segurança?"", ""Quais são as recomendações de cuidados com o bebê quando a gestante não toma a vacina Abrysvo?"", ""A vacina contra bronquiolite pode causar alguma reação no bebê?"", ""Uma gestante pode ser obrigada a tomar essa vacina contra bronquiolite?"", ""Um bebê com sintomas de bronquiolite pode tomar essa vacina mesmo assim?"", ""Se a vacina Abrysvo foi tomada na gestação, ainda é recomendável aplicar a vacina contra bronquiolite no bebê após os 6 meses de idade?"", ""Se a gestante tomou a vacina Abrysvo, o bebê ainda precisa receber a vacina para bronquiolite após os 6 meses?"", ""Uma gestante com 29 semanas pode tomar a vacina contra bronquiolite?"", ""Qual é a melhor idade gestacional para tomar a vacina contra bronquiolite?"", ""Essa vacina precisa ser tomada em todas as gestações?"", ""Entre a vacina Abrysvo na gestação e o Beyfortus nos primeiros dias de vida, qual seria mais indicado?"", ""Quais reações a mãe pode sentir após tomar essa vacina contra bronquiolite?"", ""Posso esperar minha bebê completar 6 meses para receber a outra vacina?"", ""A vacina para bronquiolite pode ser aplicada quando o bebê tiver 6 meses?"", ""Uma gestante com 37 semanas pode tomar a vacina contra bronquiolite?"", ""As vacinas contra a COVID para bebês a partir de 6 meses são indicadas?"", ""Quais são os contras da vacina Abrysvo na gestação?"", ""Por que a marca da vacina BCG não aparece em algumas pessoas, como no meu caso?"", ""Uma criança com síndrome de Down e deficiência de G6PD pode tomar dipirona?"", ""Como ficam as vacinas em casos de deficiência de G6PD?"", ""É normal a filha apresentar dor, coceira e vermelhidão no local após tomar a vacina da dengue?"", ""Existem clínicas particulares de vacinação no Canadá?"", ""Existem estudos na internet sobre o anticorpo nirsevimabe para bebês?"", ""A bebê teve alguma reação após receber a Beyfortus?"", ""Um bebê prematuro que recebe palivizumabe pelo SUS todos os meses também deve receber Beyfortus, ou não precisa?"", ""Alguém se responsabilizaria se eu ou minha bebê tivéssemos algum problema após tomar as vacinas indicadas na maternidade?"", ""A vacina da COVID já tem quatro anos e ainda existem questionamentos sobre ela?"", ""Na gravidez, a vacina da rubéola é a indicada?"", ""Se a vacina foi tomada após o parto na primeira gestação, ela precisa ser aplicada novamente em uma segunda gestação para proteger o feto?"", ""É um problema se parte do medicamento da vacina BCG do meu filho saiu após a aplicação?"", ""Onde posso recorrer para conseguir a vacina de prevenção à bronquiolite para meus filhos gêmeos prematuros de 27 semanas e 6 dias, se a vigilância sanitária negou o pedido?"", ""Onde devo procurar essa vacina para o meu bebê?"", ""O que fazer se eu não quiser dar a vacina da COVID para minha filha?"", ""Como conseguir a vacina de cinco doses contra bronquiolite?"", ""Se eu levar meu filho em julho para atualizar o cadastro, mesmo tendo faltado uma vacina e sem conseguir ir até 30 de junho, fica tudo certo?"", ""Existe vacina infantil contra o tétano?"", ""Como devo proceder se não tomei essa vacina logo após o nascimento do meu filho e agora quero engravidar novamente?"", ""Uma caixa da vacina contra bronquiolite contém quantas doses?"", ""Quais vacinas a gestante deve tomar durante a gravidez, mesmo sem ter tomado nenhuma até agora?"", ""Nessa vacina para o bebê, o corpo do bebê precisa produzir os anticorpos para que ela funcione?"", ""Quando a bebê deve tomar a Beyfortus, considerando que a mãe tomou Abrysvo durante a gravidez e a bebê tem 4 meses e meio?"", ""O que significa dizer que, se a vacina contra bronquiolite for de RNA mensageiro, uma gestante não deve tomá-la?""]",18da7c838b98d3dc4f53530ff4e1899e257407abf2876c80ce9d7d79ce7d2cd3
17,167,"['amamentar', 'amamentação', 'peito', 'bico', 'seio', 'pega', 'silicone', 'correta', 'almofada', 'posição']",50,"[""O uso de mamadeira pode prejudicar a amamentação?"", ""O que fazer para o bebê pegar o peito durante a amamentação?"", ""Como assim não pode amamentar dessa forma se essa é a técnica mais utilizada?"", ""A amamentação costuma ser muito dolorosa?"", ""Estou amamentando do jeito errado há três meses?"", ""Você não amamenta o bebê no peito?"", ""O recomendado é amamentar por seis meses?"", ""Quais problemas podem ocorrer durante a amamentação?"", ""Como amamentar corretamente?"", ""Com o que você está tratando isso na amamentação?"", ""No final, a amamentação deu certo com o bebê que brigava com o seio?"", ""Amamentar sem ter bico do peito dói?"", ""É normal a bebê mamar sem uma pega boa no seio?"", ""É possível amamentar deitada de lado, com a mãe e o bebê nessa posição?"", ""E quando a amamentação for feita deitada?"", ""É normal sentir dor e sangramento no começo da amamentação, e isso depois passar?"", ""É possível amamentar sem dor?"", ""Há quanto tempo você está com esse machucado no seio ao amamentar?"", ""O que fazer quando um peito fica muito cheio e dolorido durante a amamentação?"", ""É preciso dar atenção ao bebê e olhar para ele enquanto amamenta?"", ""Isso é algo que precisa ser ensinado na hora de amamentar?"", ""É normal passar creme durante a amamentação?"", ""Amamentar dói muito?"", ""Quando o bebê estiver maior, a mesma regra de posicionamento para amamentar continua valendo?"", ""A mãe pode amamentar e continuar saudável?"", ""Como faço para retirar o bico de silicone usado na amamentação?"", ""Onde posso encontrar o cupom e o link da almofada de amamentação?"", ""Quando posso começar a usar esse recurso para quem tem o bico do peito para dentro: a partir do segundo trimestre ou só depois que o bebê nascer?"", ""Como vou conseguir dormir bem se preciso amamentar de duas em duas horas?"", ""O que posso fazer se quero ter filhos, mas não tenho bico de peito para amamentar?"", ""Qual é o melhor tipo de banho para quem está começando a amamentar?"", ""Mães com bico do seio invertido conseguem usar a bomba de leite?"", ""Quem tem mama tubária consegue amamentar normalmente?"", ""Depois de tomar a vacina, posso amamentar no peito?"", ""Vale a pena comprar a almofada de amamentação para o terceiro bebê, mesmo com receio de errar de novo?"", ""Qual é a finalidade dos itens citados na preparação para a amamentação?"", ""Como as mães podem matar a sede durante a amamentação?"", ""É possível que uma mama fique parecida com a outra durante a amamentação?"", ""Existe alguma pomada para passar nos seios para aliviar a dor e conseguir amamentar a Alice?"", ""Passar manteiga no peito ajuda a parar de amamentar?"", ""Onde posso encontrar essa tabela sobre bebida durante a amamentação?"", ""Como ela vai conseguir amamentar os gêmeos ao mesmo tempo sozinha?"", ""Como evitar que meu peito fique muito ferido na amamentação da segunda vez?"", ""É possível passar o leite do peito após a amamentação, já que ele é cicatrizante?"", ""É necessário higienizar a mama antes e depois da amamentação?"", ""Quem tem mamilo semiplano pode usar bico de silicone para amamentar?"", ""Como se coloca a almofada de amamentação na prática?"", ""Como aliviar a sensibilidade no bico do seio no pós-parto?"", ""Se o seio for caído, ainda é preciso usar almofada de amamentação?"", ""Mesmo depois de lavado, o bico do peito continua com gosto amargo?""]",0f12d007b43a1d3d7d9f046bfd82d9eadbb5f10844de30793cd9130a8c86a129
18,134,"['diu', 'mirena', 'colocação', 'implanon', 'colocar', 'fio', 'machucar', 'pênis', 'lugar', 'inserção']",50,"[""Qual é a vantagem de colocar o DIU?"", ""Qual é a necessidade de colocar um DIU?"", ""A colocação do DIU costuma ser um pouco desconfortável para a mulher?"", ""Não é mais fácil usar camisinha em vez de colocar o DIU?"", ""É necessário estar menstruada para colocar ou retirar o DIU?"", ""Por que não usar camisinha em vez de colocar DIU?"", ""Depois de colocar o DIU, não pode ter relações sexuais?"", ""Se eu não tenho relações sexuais, para que eu usaria o DIU?"", ""A colocação do DIU costuma ser um procedimento um pouco desconfortável para a mulher?"", ""O DIU atrapalhava na hora da penetração?"", ""O DIU atrapalha na hora da penetração?"", ""O DIU Mirena ou similares pode ser uma opção?"", ""A colocação do DIU adianta alguma coisa se a pessoa pode engravidar do mesmo jeito?"", ""A colocação do DIU é muito ruim?"", ""É necessário ficar checando o fio do DIU?"", ""Como o DIU é retirado depois de colocado?"", ""Qual é a função do DIU?"", ""Em uma relação sexual, o DIU pode sair do lugar?"", ""O DIU só pode ser colocado em mulheres que não são virgens?"", ""É necessário ter acompanhante para colocar o DIU?"", ""Para que serve o DIU?"", ""O DIU saiu da mulher de forma espontânea, sem ela perceber?"", ""O DIU não para o tempo?"", ""É possível engravidar usando DIU?"", ""A colocação do DIU causa muita dor?"", ""O uso de progesterona durante a cerclagem pode causar algum efeito na minha filha, que hoje tem 8 anos?"", ""O que pode estar acontecendo para eu voltar a sangrar e sentir cólicas depois de usar o DIU Mirena há um ano e o Utrogestan 100 mg por via oral há quatro meses?"", ""O Implanon aumenta o peso?"", ""O Implanon pode ser usado por mulheres com mais de 40 anos como método preventivo de gravidez?"", ""O DIU mencionado era com hormônio ou sem hormônio?"", ""Na colocação do DIU, existe uma parte em que uma garra de aço trava no colo do útero, causando ferimento e sangramento?"", ""É possível voltar a tomar progesterona mesmo usando o DIU?"", ""O DIU de cobre não seria mais seguro nessa idade?"", ""O uso de uma cinta pode machucar ou piorar a ferida após a cesárea?"", ""O que a anemia tem a ver com o uso do DIU?"", ""É possível colocar o DIU após o parto?"", ""Como ela poderia saber que a colocação do DIU iria machucar, se nem todos os DIUs machucam?"", ""O que é \""pincher\"" na colocação do DIU?"", ""Onde está escrito que Deus não aprova o uso do DIU?"", ""Por que o DIU é considerado um método duvidoso?"", ""É possível colocar o Implanon pelo SUS?"", ""Qual é a relação entre o implante contraceptivo e as DSTs?"", ""Depois de colocar o DIU, a pessoa pode ficar com dificuldade para andar?"", ""O DIU de Mirena pode ser usado no período do climatério por causa de muito sangramento?"", ""Sentir cólicas pode significar que o DIU saiu do lugar?"", ""É preciso dilatar a entrada do útero para colocar o DIU?"", ""Que orientação devo seguir sobre anticoncepção, considerando que tomo Ciclo 21 há 5 anos, fiz perineoplastia há 2 anos e o SUS não oferece DIU?"", ""Como foi percebido que o DIU saiu do lugar?"", ""O DIU Mirena serve para reposição hormonal?"", ""O que fazer após retirar o implante se eu não consigo engravidar?""]",6b101e6064754b1ddd2870faf483789c932d2daa08b5238e2da3ecb88c34e111
19,185,"['cesárea', 'cesariana', 'indicações', 'parto', 'cesáreo', 'normal', 'quais', 'são', 'optar', 'as']",50,"[""Por que o parto acabou sendo cesáreo?"", ""Quais são as reais indicações de cesárea?"", ""É melhor o parto normal do que a cesárea?"", ""Você pode comentar um pouco sobre o parto cesáreo?"", ""O parto normal é realmente melhor do que a cesárea?"", ""Por que o parto foi cesárea?"", ""É verdade o que foi dito sobre cesariana e parto normal?"", ""Quais são as indicações para uma cesárea?"", ""O que é melhor: parto normal ou cesárea?"", ""Se não for possível fazer o parto normal, é melhor optar pela cesárea?"", ""Por que foi feita cesárea em vez de parto normal?"", ""Por que não optar pelo parto normal em vez da cesárea?"", ""E se o parto for cesárea?"", ""Qual é a melhor opção: parto normal ou cesárea?"", ""Qual é o melhor parto: cesárea ou parto normal?"", ""Como é o parto quando é cesárea?"", ""Parto normal é melhor que cesariana, ou vice-versa?"", ""Como foi o parto cesárea?"", ""O parto normal ou a cesárea doem?"", ""Um parto cesáreo é melhor ou pior do que um parto normal?"", ""Por que ela não fez cesárea no parto?"", ""Em uma próxima gestação, devo tentar parto normal ou cesárea?"", ""Se eu posso escolher a cesárea, por que escolher o parto natural?"", ""O parto teve que ser cesárea?"", ""Se a pessoa puder escolher, ela faz cesárea ou parto normal?"", ""A RCP em gestantes é realizada depois que o bebê nasce ou ainda durante a gravidez, com o bebê na barriga?"", ""A ausência da menstruação no pós-parto acontece apenas em quem teve parto cesáreo?"", ""Quanto custa um anestesista em uma cesariana?"", ""Quem diz que nunca faria cesárea mudaria de opinião se passasse por uma situação em que outra atitude fosse necessária no parto?"", ""Quem fez abdominoplastia pode ter parto normal?"", ""Há quanto tempo foi a cesárea anterior?"", ""Para uma gestante que passou por cirurgia bariátrica, qual tipo de parto é mais indicado?"", ""97% das mulheres realmente necessitam de cesárea?"", ""Se tivesse sido feita uma cesariana, essas complicações poderiam ter sido evitadas?"", ""Quem faz cesárea não é forte, apenas quem fez parto normal é forte?"", ""Se a cesariana é tão perigosa, por que tantas pessoas recorrem a ela quando não conseguem ter um parto normal?"", ""Como ficam os casos em que a cesárea é feita por idade, problemas para o bebê ou outras complicações?"", ""O parto da Estrela será cesárea ou normal?"", ""Há risco de precisar de transfusão de sangue no parto normal ou na cesárea?"", ""Existe outra forma de tirar o bebê do útero além da cesárea?"", ""Você faria uma cesárea como essa?"", ""O seu curso também fala sobre cesárea?"", ""As pessoas chegam a marcar a cesárea de acordo com o signo?"", ""Quantas pessoas estão envolvidas em uma cesariana?"", ""Não é mais fácil fazer cesárea?"", ""Por que é considerado ultrapassado pensar assim sobre o parto cesáreo e o parto normal?"", ""Varizes pélvicas ou vulvares impedem o parto normal?"", ""Vale a pena ter filho depois de ver um parto cesariano?"", ""Como os médicos sabem se a gestante deve fazer parto normal ou cesárea?"", ""As gestações anteriores foram de parto cesáreo ou parto normal?""]",5a6e3d177375875398ce261787ebae2f033949a886ba1ebe32ac487d5ca6b944
20,160,"['dentro', 'cordão', 'umbilical', 'útero', 'respira', 'barriga', 'amniótico', 'fica', 'bebê', 'líquido']",50,"[""Por que o bebê não fica de pé dentro do útero?"", ""O bebê não se afoga dentro do útero durante a gestação?"", ""O que o bebê fazia dentro da barriga durante a gestação?"", ""Como o bebê fica dentro da barriga da mãe durante a gestação?"", ""Como o bebê fica dentro da barriga na posição cefálica?"", ""Quando o bebê se mexe dentro da barriga, ele não respira?"", ""O bebê se enrola no cordão umbilical dentro do útero?"", ""Como se sabe que o bebê fica entediado dentro do útero?"", ""Como é para o bebê ficar dentro da barriga da mãe; ele fica apertado?"", ""Como fica o bebê dentro do útero quando está de cabeça para baixo?"", ""Como o bebê pode ficar de cabeça para baixo dentro da barriga durante a gestação?"", ""O bebê faz necessidades fisiológicas dentro do útero?"", ""O bebê não se afoga dentro do útero?"", ""O bebê faz suas necessidades fisiológicas dentro do ventre da mãe durante a gestação?"", ""O bebê faz necessidades dentro do útero?"", ""É normal a barriga da mãe doer quando o bebê chuta dentro do útero?"", ""O bebê respira no útero?"", ""O bebê dorme na barriga durante a gestação?"", ""O bebê dentro da barriga bebe o líquido amniótico?"", ""É verdade que o bebê mexe muito dentro do útero?"", ""Como os bebês ficam dentro do útero?"", ""O bebê dentro da barriga sente desconforto?"", ""Por que o bebê soluça ainda dentro da barriga durante a gravidez?"", ""Como o bebê não se afoga no líquido amniótico dentro do útero?"", ""Em que momento da gestação o bebê gira e fica com a cabeça para baixo?"", ""Esse cordão no pescoço era algo para aliviar a dor, como o que bebês usam?"", ""O bebê chora porque sente dor quando o cordão umbilical é cortado?"", ""Se o cordão umbilical leva oxigênio ao bebê, por que os médicos aceleram o parto dizendo que o bebê está em sofrimento fetal?"", ""Há médicos contra o parto na água por causa do risco de a cabeça do bebê bater no fundo da banheira e de ele engolir água?"", ""O que acontece com o osso da bacia durante essa fase da gestação?"", ""Com quantos meses o feto chora dentro da barriga?"", ""O que significa o bebê permanecer sentado durante os nove meses de gravidez?"", ""A mamadeira pinga quando está cheia e é virada de cabeça para baixo?"", ""Como posso pedir para esperar um pouco antes de cortar o cordão umbilical no parto?"", ""Por que os bebês choram dentro da barriga da mãe?"", ""As técnicas para virar um bebê em posição pélvica funcionaram?"", ""Em gestantes que usam corticoide para amadurecer o pulmão do bebê, o surfactante é liberado mais cedo?"", ""O bebê sente o estresse e a tristeza da mãe durante a gravidez?"", ""Por que o coração do bebê só foi ouvido bem na parte baixa da barriga, e o que significa a orientação de repouso porque ele já deveria estar mais acima?"", ""É verdade que, se o bebê engolir cocô na barriga, pode nascer com deficiência?"", ""Como o bebê brinca no útero e por que, logo após o nascimento, ele ainda não sabe brincar?"", ""Onde está o cordão umbilical, já que ele não aparece?"", ""Por quantos dias um bebê morto pode permanecer dentro da barriga antes de ser retirado?"", ""O bebê dentro da barriga escuta?"", ""É verdade que o bebê salta dentro do útero quando a mãe tosse?"", ""De onde vieram as informações sobre o que o bebê faz dentro do útero?"", ""O feto sente tudo o que a mãe sente e se movimenta ao toque na barriga?"", ""Como o bebê consegue permanecer vivo ao esperar horas ou dias para nascer depois que a bolsa estoura?"", ""Por que a medicina chama o bebê na barriga da mãe de feto?"", ""É possível ver o bebê se virando para nascer?""]",4ea50d6b36a7f74cc43e0a6435b15d01d09fc82c3be8f2c86b8cbe1510d83034
21,148,"['doença', 'rosto', 'tem', 'bochechinha', 'quantos', 'bebê', 'pezinho', 'aparência', 'verde', 'essa']",50,"[""Por que esse bebê está assim?"", ""O que é isso no bebê?"", ""O bebê tem algum problema de saúde?"", ""O que a pediatra da bebê orientou sobre isso?"", ""O bebê é doente?"", ""O bebê tem alguma doença?"", ""Por que o bebê tem isso?"", ""Qual é a doença da bebê?"", ""O bebê deve ter cerca de um ano de idade?"", ""Quantos anos o bebê tem?"", ""Como esse bebê está atualmente?"", ""Está tudo bem com esse bebê?"", ""Quantos anos essa bebê tem?"", ""O bebê mostrado no vídeo é normal?"", ""Por que a cabeça do bebê está assim?"", ""Qual é a idade do bebê?"", ""O bebê já tem mais de 6 meses?"", ""Por que o bebê está amarelo?"", ""A bebê está com aparência amarelada?"", ""Por que a bebê está com aparência esverdeada?"", ""Com quantos meses de idade o bebê está?"", ""O bebê está com aparência esverdeada?"", ""Com quantos meses o bebê está?"", ""A bebê tem 6 meses?"", ""O bebê já fala?"", ""Onde é realizado o reteste do teste da orelhinha do bebê?"", ""No parto, são quebrados 7 ossos ou cortadas 7 camadas da pele?"", ""O fato de ela não estar com espinhas no rosto significa que o bebê é uma menina?"", ""Até quando o teste da bochechinha pode ser realizado?"", ""Com quantos anos a filha tinha quando engoliu a borracha do dentista?"", ""O bebê mexeu bem na hora em que ela o abraçou após o exame?"", ""É irresponsável jogar leite na cabeça de uma recém-nascida?"", ""Como é feito o teste do pezinho?"", ""Você já ouviu falar de bebês que nascem com o corpo comum, o rosto bem branco como uma máscara e olhos pretos grandes em formato de amêndoas?"", ""14 pontos são muitos para um recém-nascido?"", ""Por que uma bebê tão nova pode ter esses poros no rosto?"", ""Um bebê saudável também deve fazer o teste da bochechinha?"", ""A bebê pode ter a doença dos ossos de vidro, que causa fraturas constantes?"", ""Todos os bebês nascem parecendo uma lagartixa?"", ""A filha dela tem síndrome de Down?"", ""A bebê nasceu surda?"", ""Você tem alguma dúvida sobre esses exames para o bebê?"", ""Que tipos de intercorrências o bebê teve?"", ""Por que o meu bebê nasceu limpinho, sem vernix?"", ""Esses sinais podem indicar algum problema no desenvolvimento, como autismo?"", ""O que ele está fazendo pelo nariz do bebê?"", ""Por que a boca da criança está assim?"", ""O bebê pode ter algum problema no intestino por ainda sentir tantas cólicas?"", ""Essa bebê corre risco de ficar obesa por comer tanto?"", ""Como está o bebê que estava com o nariz entupido e parecendo catarro?""]",2453f69e99f3fce42e47bc3f93c67017fee4cf5dbeef121440e48e455c54f948
22,130,"['grávida', 'você', 'está', 'verdade', 'estava', 'vindo', 'esta', 'engravidou', 'grávidos', 'contou']",50,"[""Você realmente está grávida?"", ""Você está realmente grávida?"", ""Será que você não está grávida?"", ""Você já está grávida?"", ""Você tem certeza de que está grávida?"", ""Você está mesmo grávida?"", ""Você está grávida ou não?"", ""Você está grávida?"", ""Você está grávida mesmo?"", ""Você sabia que estava grávida?"", ""Você está grávida de verdade mesmo?"", ""Você está grávida de verdade?"", ""Você engravidou?"", ""Você estava realmente grávida?"", ""É sério isso: você está grávida?"", ""Você está grávida finalmente?"", ""Você também está grávida?"", ""Será que também estou grávida?"", ""É sério que você está grávida?"", ""A gravidez é de verdade?"", ""Você estava grávida?"", ""Você está grávida novamente?"", ""Você está grávida de quê?"", ""Você já engravidou?"", ""Essa é a sua primeira gravidez?"", ""O que uma mulher que esconde a gravidez pretende fazer quando o bebê nascer?"", ""O que é o pré-natal do parceiro?"", ""O que há de errado em elas estarem felizes por estarem grávidas?"", ""Em que momento a pessoa engravidou?"", ""O que dizem que acontece quando se diz não a uma grávida?"", ""Não tem como adivinhar se a pessoa está grávida, não é?"", ""Foi culpa da própria pessoa ter enrolado esse negócio no próprio pescoço ainda no útero?"", ""Você pode falar sobre gravidez química?"", ""Há possibilidade de estar vindo um irmãozinho, ou seja, de haver uma gravidez?"", ""O vídeo que ele postou sobre a gravidez dela é verdade ou mentira?"", ""O que fazer agora em relação a essa gravidez?"", ""É comum uma mulher mais cheinha aparentar estar com menos meses de gravidez do que realmente tem?"", ""A possibilidade de estar grávida é muito baixa?"", ""Quem disse que esta é a segunda gravidez?"", ""Como uma pessoa pode estar grávida sem namorar?"", ""Se eu engravidar, isso também vai acontecer comigo?"", ""Foi uma gravidez escondida ou uma gravidez silenciosa?"", ""A gravidez aconteceu naturalmente?"", ""Se eu ainda estiver grávida, o que devo fazer?"", ""Quem descobriu agora que está grávida?"", ""E se fosse uma gravidez?"", ""O que significa estar grávida para as mulheres?"", ""Esta é a segunda gravidez?"", ""Como vocês queriam que eu reagisse ao descobrir que estava grávida?"", ""É verdade que nós estamos grávidos?""]",46693e21b281327a8d6763d09d5afa71835c2f39c9a70075463059a717a626fe
23,129,"['quantos', 'meses', 'semanas', 'idade', 'última', 'gestacional', 'gestação', 'correspondem', 'contagem', 'data']",50,"[""De quantos meses está a gravidez?"", ""De quantos meses está a gestação?"", ""De quantos meses de gravidez a gestante está?"", ""Com quantos meses está a gravidez?"", ""De quantas semanas está a gravidez?"", ""De quantos meses de gravidez eu estou?"", ""A gravidez está de quantos meses?"", ""Quantas semanas de gestação faltam?"", ""Com quantas semanas de gravidez correspondem 2 meses?"", ""De quantos meses está essa gravidez?"", ""Com quantos meses de gravidez estou?"", ""A gestante já está com 9 meses de gravidez?"", ""Com quantas semanas ou meses de gravidez está essa gestação?"", ""Com a última menstruação em 25 de janeiro, com quantas semanas de gravidez estou?"", ""Se eu estiver grávida, de quantos meses estou?"", ""Com quantos meses de gravidez eu vou estar?"", ""Com quantos meses de gestação está o bebê?"", ""Com quantos meses de gestação está a bebê?"", ""Uma gestação de 7 meses corresponde a 8 ou 9 meses?"", ""A gestante está com 19 semanas de gravidez?"", ""A gestação dura dez meses?"", ""Com base na última menstruação que veio no dia 24 de agosto, com quantos meses de gravidez eu posso estar?"", ""De quantos meses ou de quantas semanas está a gestante?"", ""Com quantos meses de gravidez a mulher está?"", ""Quantos meses de gravidez ela já tem?"", ""Para calcular a idade gestacional, devo usar o dia exato da concepção ou a DUM?"", ""A partir de que idade gestacional a fisioterapia pélvica pode ser realizada?"", ""Com quatro meses de gestação, o bebê já está formado e sem risco de má-formação?"", ""O médico introduz dois dedos na vagina para sentir o útero e calcular o tempo de gestação?"", ""Qual idade gestacional devo considerar: a do ultrassom, que indica 34 semanas e 1 dia, ou a calculada pelo médico, que indica 36 semanas?"", ""A idade gestacional ainda é contada a partir da última menstruação mesmo quando se sabe o dia da concepção?"", ""É normal a idade gestacional estar com 7 semanas e 1 dia pela minha conta, mas com 9 semanas pela DUM?"", ""Com 22 semanas de gravidez, a gestante está no 5º ou no 6º mês?"", ""Por que a gravidez não é contada por semanas para facilitar?"", ""Você conseguiu calcular as datas da gestação pela última menstruação?"", ""Qual data de gestação devo seguir: 15 semanas e 5 dias ou 17 semanas e 1 dia?"", ""Por que meu aplicativo indica 7 semanas de gestação se a previsão do parto é para o início de agosto?"", ""Devo considerar quatro ou cinco semanas para trás na contagem da gestação?"", ""Como fica a faxina em um dia com nove meses de gestação?"", ""Como funciona a contagem das semanas de gravidez, já que estou com 19 semanas e ainda não entendo?"", ""Posso andar de moto com 22 semanas de gravidez?"", ""Se o primeiro dia da gravidez foi 19 de fevereiro, em que dia eu engravidei?"", ""Com quantas semanas de gravidez a Bia está?"", ""Com 11 semanas e 1 dia em fevereiro, quantos meses de gestação eu estou hoje?"", ""Por que dizem que a mulher fica grávida por 9 meses se a gestação dura 40 semanas, o que parece equivaler a 10 meses?"", ""Se eu estiver grávida, de quantas semanas ou meses estaria, considerando que a última relação foi por volta do dia 10 de maio?"", ""Como devo contar os meses de gestação quando o obstetra considera um novo mês a cada dia 14?"", ""Para calcular quando engravidei, devo considerar 4 ou 5 semanas de gestação?"", ""Com 19 semanas e 5 dias de gestação, quando a gravidez completa 6 meses?"", ""A data provável do parto indicada no ultrassom está muito diferente da calculada pela última menstruação?""]",dbcce5e09744b58e48a761ddf411003dec30fc777b4e0f7659674b151ccea41e
24,158,"['embrião', 'feto', 'vida', 'considerado', 'vivo', 'humano', 'um', 'cauda', 'espermatozoide', 'humana']",50,"[""Se o embrião está vivo, ele tem vida?"", ""O embrião deixa de ser vida?"", ""Um embrião é um bebê?"", ""O embrião é um ser humano?"", ""O embrião também era assim?"", ""Se o embrião não tivesse vida, ele não se desenvolveria, certo?"", ""Um embrião só é considerado vivo depois de 6 meses de gestação?"", ""Como se sabe isso sobre o embrião e a vida gestacional e fetal?"", ""O feto faz parte do corpo da mãe?"", ""O que é embrião?"", ""O que é um embrião?"", ""Isso significa que o feto não é um ser vivo?"", ""O feto não é considerado uma vida?"", ""Um feto já é considerado uma vida antes de sair do útero?"", ""Quem afirma que o embrião não é vida?"", ""O que seria um embrião?"", ""O que é um embrião na gestação?"", ""Como ocorre a formação do embrião?"", ""Bebês com poucas semanas de gestação não têm vida?"", ""Como foi gravado um embrião se ele estaria na barriga da mãe?"", ""Como um feto não é considerado uma vida?"", ""Um feto é um ser vivo?"", ""Nessa fase da gestação, o embrião já é considerado bebê?"", ""Um feto é um ser vivo, mas não uma vida?"", ""O bebê só tem vida quando nasce e entra \""fôlego de vida\""?"", ""Uma célula, um embrião ou um feto têm capacidade de sentir dor pela rejeição ou abandono?"", ""O que você acha fantástico na capacidade da mulher de gerar uma vida e carregá-la por nove meses no ventre?"", ""Segundo você, todas as células do corpo se tornariam bebês após nove meses de gestação?"", ""O espermatozoide representa apenas os genes do pai?"", ""Um feto inocente preferiria ser torturado até a morte na barriga da mãe?"", ""Se o argumento for que o feto não tem consciência ou pensamento crítico, essa sugestão continua valendo, já que até os 2 anos a criança também ainda não teria isso?"", ""Como é possível haver fetos sem cérebro que nascem e vivem apenas algumas horas?"", ""O desejo de protagonismo no parto por parte das mulheres pode ser considerado narcisismo?"", ""Sem o óvulo, não seria possível nascer um ser humano?"", ""É verdade que, durante o desenvolvimento, o bebê cria uma cauda que vai desaparecendo aos poucos com o tempo?"", ""É válido matar um embrião apenas porque ele está se desenvolvendo dentro do corpo e não fora dele?"", ""Um embrião com sistema nervoso sente dor?"", ""O que aconteceu com ela para o bebê ser considerado um bebê arco-íris?"", ""Como uma pessoa consegue gerar outra pessoa dentro de si durante a gestação?"", ""Se a gravidez era tão indesejada, por que permitir que o embrião deixasse de ser apenas um \""amontoado de células\"" e se desenvolvesse mais?"", ""Se o bebê for considerado irlandês, como é emitido o documento de nascimento?"", ""Por que o embrião está no espaço?"", ""O feto tem sentimentos?"", ""Onde fica o respeito pelo corpo da criança quando há uma vida dentro do corpo de outra pessoa?"", ""O primeiro que foi mostrado se chama blastocisto?"", ""Por que o embrião parece um T. rex?"", ""É possível fazer doação de embrião?"", ""A mulher cria outro óvulo?"", ""Se uma pessoa ainda estivesse no ventre e pudesse opinar, ela escolheria viver ou não?"", ""Um feto é um ser vivo da espécie humana, com desenvolvimento autônomo e independente, e DNA único diferente do da mãe?""]",445df65a6871d7580e8bc542e7ebbea73e1b18e711863feb2bb491a44bfd3ecd
25,122,"['mei', 'auxílio', 'maternidade', 'direito', 'receber', 'pagar', 'salário', 'parcelas', 'quem', 'atrasadas']",50,"[""Quem tem MEI tem direito ao auxílio-maternidade?"", ""Pagar apenas o MEI garante direito ao auxílio-maternidade?"", ""Quem é MEI também tem direito ao auxílio-maternidade?"", ""Uma gestante com 32 semanas que abrir um MEI e contribuir duas vezes já terá direito ao auxílio-maternidade?"", ""Com 10 contribuições pagas ao MEI, mesmo sem completar 10 meses corridos, a gestante tem direito ao salário-maternidade?"", ""Tenho direito a receber o salário-maternidade com o parto previsto para novembro, mesmo tendo dois meses de MEI em atraso e tendo dado baixa no MEI?"", ""Quem contribuiu no MEI por 2 anos antes do nascimento do filho pode pagar os meses anteriores agora para ter direito ao salário-maternidade?"", ""É necessário estar com o MEI ativo para solicitar o auxílio-maternidade?"", ""Se uma pessoa abrir um MEI hoje e o bebê nascer daqui a 40 dias, ela poderá receber o auxílio-maternidade?"", ""Devo pagar a guia do MEI ou do INSS para ter direito ao auxílio-maternidade?"", ""Com apenas onze parcelas pagas do MEI, já tenho direito de dar entrada no salário-maternidade?"", ""Quais são os requisitos para quem é MEI solicitar o salário-maternidade?"", ""Tenho direito ao auxílio-maternidade se dei baixa no meu MEI há 10 meses?"", ""Quem abriu o MEI três meses antes de engravidar, pagou três guias e depois parou de contribuir ainda tem direito ao auxílio-maternidade?"", ""Como MEI, preciso completar 10 contribuições antes do nascimento do bebê para ter direito ao auxílio-maternidade?"", ""Quem teve MEI e foi desenquadrada pode fazer isso para garantir o auxílio-maternidade, ou quem já teve MEI não pode fazer isso?"", ""Quem contribui como MEI há 11 meses e teve o bebê em novembro precisa continuar pagando por mais um ano para dar entrada no salário-maternidade?"", ""Mesmo abrindo um MEI durante a gravidez, é possível receber o auxílio-maternidade?"", ""Eu consigo receber o auxílio-maternidade sendo MEI, com guias do INSS atrasadas e sem ter pago nenhuma guia antes do nascimento do bebê?"", ""Se eu abrir um MEI para minha esposa durante a gestação, ela terá direito ao salário-maternidade?"", ""Como faço para dar entrada no auxílio-maternidade se tive um bebê há 9 dias e pago MEI?"", ""O salário-maternidade também vale para quem é MEI?"", ""Se eu reativar o meu MEI estando grávida de 2 meses, terei direito ao auxílio-maternidade?"", ""Quem é MEI também tem direito ao salário-maternidade do INSS?"", ""Quem é MEI tem direito ao salário-maternidade?"", ""É possível receber dois salários-maternidade sendo MEI, com contribuições há 2 anos como terapeuta, e também pagando guia individual como pessoa física por atuar como professora autônoma?"", ""Se a gestante parar de pagar, é preciso dar baixa para não ficar com pendências, como no MEI?"", ""Estou grávida de 8 meses e meu bebê nasce em fevereiro; ainda dá tempo de pagar uma parcela do MEI antes do nascimento?"", ""Como uma microempreendedora individual pode contribuir mais para ter direito a um salário-maternidade acima de um salário mínimo?"", ""Se eu sou MEI facultativo e contribuí neste ano, posso receber o auxílio-maternidade?"", ""Sou MEI e, ao solicitar o salário-maternidade, há opções que não sei informar; como devo preencher?"", ""Quem tinha MEI e está com os boletos em débito ainda consegue solicitar o auxílio-maternidade?"", ""Essa guia seria para recolhimento complementar, caso a segurada como MEI queira receber mais de um salário mínimo na licença-maternidade?"", ""Quem teve o último emprego CLT em 2022 e atualmente é MEI consegue receber auxílio-maternidade apenas pela contribuição do MEI?"", ""É preciso ser MEI para fazer essa contribuição como contribuinte individual e receber auxílio-maternidade?"", ""Com a última contribuição feita em 05/2021 pelo MEI e engravidando em 2025, ainda é possível conseguir o salário-maternidade ou essas contribuições já não têm mais validade?"", ""Ainda dá tempo de regularizar o MEI até o nascimento do bebê em janeiro para receber o auxílio-maternidade?"", ""O que uma segurada MEI com contribuições atrasadas pode fazer para conseguir receber o salário-maternidade?"", ""Para solicitar o salário-maternidade, é preciso pagar o boleto de emissão mesmo já tendo contribuído pelo DAS do MEI, ou pode ser usado o extrato de pagamentos?"", ""No caso de quem tem MEI, o salário-maternidade é igual ao de uma autônoma, correspondendo a um salário mínimo por quatro meses?"", ""O MEI tem direito ao salário-maternidade a partir do pagamento da primeira parcela do DAS?"", ""Uma gestante com MEI e parcelas atrasadas ainda consegue solicitar o auxílio-maternidade?"", ""Como proceder se o meu pedido de salário-maternidade foi negado porque, depois do parto, continuei pagando o DAS como MEI?"", ""Para receber o auxílio-maternidade do MEI, é preciso regularizar as contribuições em atraso ou basta pagar apenas as parcelas a partir de agora, se o bebê vai nascer em fevereiro?"", ""Quem contribui ao INSS como prestadora de serviço e também pelo MEI pode solicitar auxílio-maternidade pelas duas contribuições?"", ""Sendo gestante e MEI, qual data devo informar no pedido do salário-maternidade?"", ""Eu teria direito a dois salários-maternidade, tendo trabalhado com carteira assinada até julho e depois passado a contribuir como MEI?"", ""No caso de uma pessoa que fez a última contribuição ao MEI em 05/2021 e engravidou em 2025, o salário-maternidade seria pago em uma única parcela ou em quatro parcelas de um salário?"", ""Quem teve MEI e foi desenquadrada em 2025 pode pagar a guia como segurada facultativa para garantir o auxílio-maternidade, ou isso não é possível por ter tido MEI?"", ""Para MEI, ainda são necessárias 10 parcelas de contribuição para ter direito ao auxílio-maternidade, enquanto para contribuinte individual basta uma contribuição?""]",e3d20032af98e873f59317eb5b1cbf5fba2c4687373b9b53a2f1e339fb440b13
26,136,"['anos', 'aos', 'engravidar', '35', '44', 'mulher', '40', 'ainda', 'possível', 'endometriose']",50,"[""Uma mulher de 36 anos ainda pode engravidar?"", ""Aos 34 anos ainda é possível engravidar e levar a gestação adiante?"", ""Uma mulher de 33 anos ainda pode engravidar?"", ""Com 42 anos, ainda consigo engravidar?"", ""Com 50 anos, ainda é possível engravidar?"", ""É possível engravidar aos 40 anos?"", ""É possível estar grávida aos 45 anos?"", ""É possível engravidar aos 35 anos?"", ""Os médicos disseram que é impossível engravidar ou ser mãe aos 44 anos?"", ""Com 36 anos, ainda é possível engravidar e ter filhos?"", ""É possível estar grávida com 47 anos, mesmo tendo menstruado em janeiro por dois dias e a ginecologista tendo falado em pré-menopausa?"", ""Uma mulher de 31 anos que parou de menstruar ainda pode engravidar?"", ""É possível uma mulher de 52 anos engravidar?"", ""Com 43 anos, após uma perda, ainda há chance de engravidar?"", ""Uma mulher mais velha pode engravidar?"", ""É possível engravidar aos 55 anos, mesmo menstruando regularmente?"", ""Uma mulher de 52 anos, na menopausa, ainda tem chance de engravidar?"", ""Uma mulher de 44 anos é velha para engravidar?"", ""Uma mulher mais velha pode engravidar novamente?"", ""Aos 36 anos, já estou passando do tempo para engravidar?"", ""É possível engravidar aos 51 anos?"", ""Gravidez aos 41 anos é considerada de risco?"", ""Ainda é possível engravidar e ser mãe aos 32 anos, mesmo sem estar casada?"", ""É possível estar grávida aos 47 anos, depois de 27 anos sem engravidar, mesmo tendo sido informada de pré-menopausa e tendo menstruado por 3 dias em janeiro?"", ""Com 48 anos e menstruando normalmente, é fácil engravidar?"", ""O que devo fazer diante do medo de tomar essa vitamina B12 injetável durante a gravidez?"", ""Quais são os riscos de engravidar aos 40 anos, tendo transtorno de Hashimoto e um filho com TEA?"", ""O que pode ser feito por uma mulher com depressão e ansiedade que usa medicamentos e está grávida ou pretende engravidar após os 35 anos?"", ""Por que os médicos não solicitam esses exames durante a gravidez após os 35 anos?"", ""Existe alguma alimentação que ajude os óvulos nessa divisão celular antes dos 45 anos?"", ""Quem tem policisto tem possibilidade de engravidar?"", ""Quem tem 30 anos e adenomiose deve começar a tentar engravidar agora?"", ""Uma mulher de 43 anos com esclerose múltipla deve considerar engravidar?"", ""Quem teve eclâmpsia pós-parto há 22 anos pode engravidar novamente aos 40 anos?"", ""É verdade que quase todas as mulheres que engravidam depois dos 39 anos têm bebê do sexo feminino?"", ""Quem tem baixa reserva ovariana consegue engravidar naturalmente?"", ""A pessoa que engravidou aos 44 anos estava tomando anticoncepcional?"", ""Uma gravidez em uma pessoa com endometriose é considerada uma gravidez de risco?"", ""O útero consegue se alargar naturalmente durante a gravidez?"", ""Com 43 anos, ainda é possível engravidar depois da retirada dos pólipos endometriais?"", ""As orientações sobre gravidez após os 35 anos também se aplicam a quem tem 35 anos e já é hipertensa?"", ""Uma mulher de 40 anos, laqueada e com herpes genital de repetição em tratamento com aciclovir pode fazer fertilização para engravidar?"", ""A idade ou a saúde do esposo de 42 anos pode trazer algum problema para uma gravidez planejada após os 35 anos, ou isso é apenas um mito?"", ""Uma gestante de 40 anos, na terceira gravidez e após 18 anos do filho caçula, deve se preocupar por ainda não estar acostumada com a gestação?"", ""Com 40 anos, ainda é possível pensar em uma segunda gestação mesmo com medo da menopausa?"", ""O que posso fazer para conseguir engravidar mesmo tendo endometriose?"", ""Uma gravidez descoberta aos 44 anos pode trazer problemas para a criança por a mãe já ter tido dengue duas vezes?"", ""Ainda há tempo de tentar ter o segundo filho após parar a injeção trimestral aos 39 anos?"", ""Você conseguiu engravidar depois dos 32 anos, mesmo tendo SOP?"", ""É arriscado engravidar novamente aos 37 anos após três cesáreas anteriores?""]",8110f1fbc78e2d959aa731cfc5c5a0c045dbd1443cff5344b759962681ead0d4
27,148,"['parto', 'posição', 'durante', 'deitada', 'parir', 'médicos', 'trabalho', 'acontece', 'cabeça', 'mulheres']",50,"[""No parto, a mulher fica de cócoras em cima da cama?"", ""Por que os médicos não oferecem essa opção na hora do parto?"", ""O que acontece quando a mãe não entra em trabalho de parto?"", ""Os médicos deveriam interferir no parto ou não?"", ""Por que mudaram o método de parto que já dava certo?"", ""Por que foi preciso fazer tanta força durante o parto?"", ""O que acontece com o bebê durante o parto?"", ""O que acontece quando a gestante não entra em trabalho de parto?"", ""Como é o trabalho de parto?"", ""Como foi o primeiro trabalho de parto?"", ""Durante o parto, a gestante pode mudar de posição?"", ""O bebê sai pela cabeça durante o parto?"", ""No parto, é preciso fazer força com a cabeça do bebê para ele sair?"", ""O que acontece quando o bebê não desce durante o trabalho de parto?"", ""Como acontece o parto?"", ""Por que não pode fazer o parto com pinças?"", ""A posição da mãe na maca do hospital dificulta o parto?"", ""Por que alguém está batendo nas costas dela durante o parto?"", ""É verdade que a gestante pode escolher a posição no momento do parto?"", ""O parto normal é o correto para a mãe e para o bebê?"", ""Por onde o bebê sai no parto?"", ""Toda mulher pode ter parto normal?"", ""O que acontece quando o parto não dá certo?"", ""Qual é a melhor posição, de forma geral, para o parto?"", ""Qual é a melhor posição para o parto?"", ""Quais recomendações devem ser seguidas caso o parto ocorra em casa?"", ""É verdade que mulheres indígenas costumam parir de cócoras e que isso evita certas consequências comuns em mulheres do meio urbano?"", ""O que significa a frase \""vou passar por isso de novo\"" no contexto do parto?"", ""Era necessário que eu passasse por isso durante o parto?"", ""Os médicos colocam a gestante para parir deitada de costas por preguiça?"", ""Por que as parturientes não ficam separadas e acabam vendo outras mães com seus bebês?"", ""As mulheres têm cerca de duas vezes mais proteção para questões relacionadas ao parto, ou até mais?"", ""Por que o homem precisa estar na sala de parto?"", ""Como deve ser a atenção às gestantes durante o parto?"", ""Como foi o parto da gestante que estava com 30 semanas de gravidez e montando o plano de parto?"", ""O que é \""colete\"" no contexto do parto?"", ""Por que a posição do parto precisa beneficiar o médico, se quem dá à luz é a mãe?"", ""Uma mulher em trabalho de parto pode parar para almoçar?"", ""Na internação para o parto, a gestante ficou sozinha com um acompanhante ou havia outras mães internadas?"", ""O que significa desrespeitar a mulher durante o parto?"", ""A gestante não pode fazer força em todo momento durante a gravidez ou no parto?"", ""O parto precisa doer tanto?"", ""Ainda fazem exame de toque durante o parto?"", ""Como fazer para o bebê sair com mais facilidade durante o parto?"", ""Ela empurrou na hora errada durante o parto?"", ""O que acontece se fizerem a mulher rir durante o parto?"", ""O parto é assim como mostrado na animação em 3D?"", ""Você estava anestesiada durante o parto?"", ""Como fica o parto quando o bebê está sentado?"", ""Se a bolsa estiver estourada, a gestante pode dançar durante o trabalho de parto?""]",27b08fbc6b250b68fbad17dd56580b81224487353fde5f3e0a5f2465f3886cf2
28,130,"['olívia', 'nascer', 'vai', 'olivia', 'dia', 'fevereiro', 'janeiro', 'no', '29', '30']",50,"[""A Olívia vai nascer no dia 30 ou 31 de janeiro?"", ""A Olívia vai nascer no dia 30 de janeiro?"", ""A Olívia vai nascer no dia 28 de janeiro?"", ""A Olívia vai nascer no dia 27 de janeiro?"", ""A Olívia vai nascer em 30 de janeiro?"", ""A Olívia vai nascer no dia 29 ou 30 de janeiro?"", ""A Olívia vai nascer no dia 26 ou 30 de janeiro?"", ""A Olívia vai nascer no dia 2 de fevereiro?"", ""A Olívia vai nascer no dia 28 ou 29 de janeiro?"", ""Olívia vai nascer no dia 31 de janeiro?"", ""A Olivia vai nascer no dia 29 de janeiro?"", ""A Olívia vai nascer no dia 26 ou 27 de janeiro?"", ""A Olívia vai nascer no dia 15 de fevereiro?"", ""A Olívia vai nascer no dia 30 ou 31?"", ""A bebê Olívia vai nascer no dia 3 de fevereiro?"", ""A bebê Olívia vai nascer no dia 27 de janeiro?"", ""A Olivia vai nascer no dia 2 de fevereiro?"", ""A Olívia vai nascer no dia 5 de fevereiro?"", ""A Olívia vai nascer no dia 10 de fevereiro?"", ""A Olívia vai nascer no dia 3 de fevereiro?"", ""A Olivia vai nascer no dia 21 de fevereiro?"", ""A Olivia vai nascer no dia 31 ou em 1º de fevereiro?"", ""A Olivia vai nascer em 1º de fevereiro?"", ""A Olívia vai nascer em 22 de janeiro?"", ""A Olívia vai nascer no dia 27 ou 28?"", ""Em que mês Anthony vai nascer?"", ""Quando a Cellyna vai nascer?"", ""A Jade vai nascer em 2026?"", ""Vai nascer um rato?"", ""Quantos meses a Maia tem?"", ""A bebê Daya vai nascer na Coreia ou no Brasil?"", ""A Zöe vai nascer no dia 12 ou no dia 13 de outubro?"", ""Heloise nasceu às 1:31?"", ""A Olívia vai nascer no aniversário da Jihyo do Twice, no início de fevereiro?"", ""A Olívia vai nascer no mesmo dia que eu, em 3/2?"", ""A bebê Olivia vai nascer no dia 30 de janeiro, tornando-se um presente de aniversário para mim?"", ""Eu acertei ao dizer que a Olívia vai nascer em 30 de janeiro?"", ""Quando a Chloe vai nascer?"", ""Olívia vai nascer hoje ou amanhã?"", ""O parto da Olívia está previsto para o fim de janeiro ou para o início de fevereiro?"", ""A bebê Olivia pode nascer no dia 5 de fevereiro, no meu aniversário?"", ""A Olivia vai nascer no dia 5 ou no dia 6?"", ""Quando vai nascer o próximo filho?"", ""Em que dia ou em que mês a bebê Olivia vai nascer?"", ""A Olívia vai nascer na quarta-feira?"", ""A bebê Olívia vai nascer no mesmo dia 29 de janeiro que a pessoa que comentou faz aniversário?"", ""A Olívia pode nascer perto do meu aniversário, que é no início de fevereiro?"", ""A bebê Olívia vai nascer no mesmo dia do meu aniversário, em 31 de janeiro?"", ""A bebê Olívia vai nascer no dia 28 ou em 1º de fevereiro?"", ""A Olívia vai nascer no final de janeiro ou no começo de fevereiro?""]",fed5a5416a6e78fdf70399a5795a5e225b35b378091117b9a088511f1ea6cad1
29,138,"['dormir', 'mamar', 'noite', 'peito', 'sono', 'acordar', 'rotina', 'bruços', 'pegar', 'dorme']",50,"[""O que posso fazer quando o bebê fica o tempo todo no peito e no colo?"", ""O que posso fazer para meu bebê dormir a noite toda sem acordar na madrugada para mamar?"", ""O que fazer quando o bebê dorme ou parece ter preguiça de mamar?"", ""O que fazer quando o bebê começar a virar de bruços durante o sono?"", ""O que fazer quando a bebê de 2 meses dorme no peito depois de cerca de 3 minutos e não mama direito?"", ""É preciso criar uma rotina para o bebê dormir melhor?"", ""O que fazer quando a bebê escolhe dormir de bruços aos 2 meses de idade?"", ""O que fazer quando o bebê não arrota e, ao deitá-lo, ele golfa?"", ""É normal que uma bebê de 22 dias não durma no berço, nem nas sonecas durante o dia?"", ""É normal um bebê dormir direto, sem acordar durante a noite?"", ""É um problema o bebê pegar no peito e já dormir?"", ""Como evitar que a bebê adormeça no peito e acorde poucos minutos depois querendo mamar de novo?"", ""O que posso fazer para ajudar minha bebê a dormir?"", ""Como são as rotinas de sono para bebês de 0 a 3 meses?"", ""Um bebê de quase 2 meses que só dorme no bebê conforto pode fazer mal?"", ""O que fazer quando o bebê está com fome, mas não quer pegar o peito?"", ""É seguro deixar um bebê de quase 2 meses dormir de bruços durante o dia, enquanto ele está sendo observado?"", ""O que fazer quando o bebê está cansado e ofegante?"", ""Dar uma mamadeira à noite faz o bebê dormir por mais tempo?"", ""O que fazer se o bebê rolar para a posição de bruços durante a noite?"", ""Há dicas de rotina de sono para bebês com mais de 3 meses?"", ""É normal a bebê não conseguir pegar no peito de madrugada?"", ""Posso deixar meu bebê dormir por 6 horas durante o dia?"", ""Um bebê precisa ser acordado a cada 3 horas para mamar?"", ""Há alguma dica que possa ajudar uma bebê de 1 mês a dormir no berço, mesmo com refluxo, gases e cólicas?"", ""É normal uma bebê de quase 7 meses não aceitar frutinhas amassadas nem comidinha e só aceitar leite com mucilon?"", ""Por que a barriga de um bebê de 3 meses ronca e ele chora muito?"", ""É normal uma bebê de 4 meses querer mamar o tempo todo, dormir e acordar chorando procurando o peito por mais de 12 horas?"", ""Por que meu bebê, que estava comendo bem, agora vira o rosto e chora quando insisto para ele comer?"", ""A pressão na língua do bebê pode deixá-lo incomodado, mesmo ajudando a fortalecer a sucção para mamar na mãe?"", ""Por que minha bebê de seis meses mama de hora em hora e continua assim até agora?"", ""É normal uma bebê de quase 2 meses, que tem língua presa, fazer estalos ao mamar?"", ""O que posso fazer para fazer minha bebê de 36 dias mamar mais vezes?"", ""Colocar o bebê para mamar ajuda a parar o soluço?"", ""Como lidar com um bebê de 45 dias que acorda a cada 40 minutos ou 1 hora chorando cada vez mais alto?"", ""Por que meu bebê, que completou 3 meses ontem e dormia bem, está acordando de hora em hora à noite há uma semana?"", ""Quando o bebê dorme mais tempo do que o esperado, a mãe costuma acordar para verificar se ele está respirando?"", ""O que posso fazer se minha bebê não aceitar fórmula antes de eu voltar ao trabalho?"", ""Você colocava o bebê para dormir de bruços a noite toda?"", ""O que devo fazer se minha bebê não quer pegar a chupeta, mesmo quando tento colocá-la no meio da madrugada?"", ""O que fazer quando a mãe precisa voltar a trabalhar após 4 meses e o bebê só aprendeu a dormir sugando?"", ""O que posso fazer quando meu bebê, no período de exterogestação, sente sono, mas chora quando tento fazê-lo dormir e só consegue dormir no colo?"", ""O pediatra pode autorizar que um bebê durma a noite inteira sem mamar?"", ""Como posso organizar a rotina da minha bebê de 1 mês, que está mamando fórmula porque não consegui amamentá-la?"", ""Faz mal colocar um bebê de 4 meses sentado por muito tempo, por força na coluna que ainda não está madura?"", ""A mãe pode fazer caminhada para o bebê dormir?"", ""Devo introduzir fórmula para minha bebê dormir mais, porque acho que ela está dormindo pouco?"", ""Há alguma dica para evitar ter que acordar à noite para ordenhar quando o peito fica empedrado?"", ""O fato de meu bebê só dormir no peito pode estar causando os despertares noturnos?"", ""Como fazer minha filha de três meses dormir no berço durante o dia, se ela só pega no sono no colo da mãe?""]",f564ed5ec3329a619791cf58b7243867bd3916e30faf4066f5783af4b2e92be6
30,131,"['aborto', 'abortar', 'alguém', 'vida', 'pessoas', 'favor', 'coragem', 'matar', 'sobre', 'como']",50,"[""Como alguém pode ser a favor do aborto?"", ""Como alguém ainda pode ser a favor do aborto?"", ""Como pode haver pessoas a favor do aborto?"", ""Como alguém pode achar que o aborto é um direito?"", ""Como alguém tem coragem de abortar e dizer que não é vida?"", ""Por que muitas pessoas apoiam o aborto?"", ""Como alguém pode fazer um aborto?"", ""Como alguém pode ter coragem de abortar?"", ""Como alguém consegue defender o aborto?"", ""Como alguém pode abandonar ou abortar um bebê?"", ""Por que pensar logo no aborto como a opção mais cruel?"", ""Quando algo dá errado na vida, a solução é abortar?"", ""Como uma mulher pode ter coragem de abortar um bebê?"", ""As pessoas que fazem aborto ficam atormentadas depois?"", ""Abortar é uma escolha de matar alguém?"", ""Como as pessoas têm coragem de fazer aborto de bebês?"", ""Como as pessoas conseguem fazer aborto?"", ""A pessoa queria ter sido abortada?"", ""Um bebê gostaria de ter sido abortado?"", ""Como fica a questão do aborto em caso de risco de vida para a mulher?"", ""O que as pessoas favoráveis ao aborto pensam sobre isso?"", ""O aborto deveria ser legalizado até 7 semanas de gestação?"", ""O aborto é considerado assassinato?"", ""Quem precisa fazer um aborto?"", ""O aborto é considerado uma criança?"", ""Como alguém pode chamar de asquerosa a criação de Deus?"", ""Há algum artigo que comprove que existem milhares de crianças em situações ruins porque a mulher não teve a opção de abortar?"", ""Por que uma mulher que sofreu violência sexual e engravidou tiraria a vida de um bebê inocente?"", ""O hipotireoidismo pode ter sido o motivo de os meus três filhos terem nascido prematuros?"", ""Como seria o mundo hoje se Maria tivesse abortado?"", ""A médica realmente afirmou que não tinha como ajudar a esposa em caso de aborto?"", ""Como pode haver lei para tirar um feto do conforto amniótico?"", ""Antes de nascer, faz sentido dizer que o feto quer ou não quer ser abortado?"", ""Se era possível interromper a gravidez antes, por que agora isso não pode mais acontecer?"", ""Para você, o aborto é como matar uma planta?"", ""Os filhos rejeitados do mundo deixariam de existir se houvesse aborto?"", ""Quais seriam as consequências se a mãe tivesse abortado?"", ""A solução de Lugol deve ser a 5% na gravidez?"", ""Crianças com doenças ou sequelas têm menos direito à vida do que pessoas saudáveis?"", ""Por que não permitir que as pessoas interrompam uma gestação indesejada para abreviar o sofrimento?"", ""As crianças de um orfanato prefeririam ter sido abortadas antes de nascer?"", ""Em uma gravidez resultante de uma relação irresponsável, quem deveria pagar o preço: a vida que está no ventre?"", ""Como alguém pode ser a favor de matar um serzinho tão indefeso?"", ""É certo abortar um ser vivo?"", ""A dor de uma pessoa estuprada não conta ao discutir o aborto?"", ""Quais argumentos podem ser apresentados sobre o aborto?"", ""Se o aborto é considerado assassinato, por que a ciência define a vida como começando em uma célula?"", ""Qual é o direito de alguém interromper essa gestação?"", ""Por que você disse \""e também o que diz a Bíblia sobre abortar\""?"", ""É justo tirar a vida do bebê por um erro que não foi dele?""]",2c5dae85cf94052b10421663befe3ce8af3e9a9aeba553cfff463d33a521705d
31,127,"['sexo', 'menino', 'saber', 'menina', 'descobrir', 'sexagem', 'identificar', 'ultrassom', 'indica', 'do']",50,"[""Ainda é possível saber o sexo do bebê com 3 meses de gravidez?"", ""Com cinco meses de gravidez, já é possível saber o sexo do bebê?"", ""Para saber se o bebê é menina ou menino, é preciso fazer um ultrassom?"", ""Já é possível saber se o bebê é menina ou menino?"", ""Com 4 semanas de gravidez já é possível saber o sexo do bebê?"", ""Já foi possível saber o sexo do bebê?"", ""E se o bebê estiver no meio, ainda é possível descobrir o sexo pela primeira ultrassom?"", ""Como é possível uma gestante não saber o sexo do bebê?"", ""Já foi descoberto o sexo do bebê?"", ""É possível identificar o sexo do bebê apenas pela foto do ultrassom?"", ""É possível saber se o bebê é menino pela barriga?"", ""É possível descobrir o sexo do bebê por meio do exame de sexagem?"", ""Quando será descoberto o sexo do bebê?"", ""Por que não fazer o exame de sexagem para descobrir o sexo do bebê?"", ""O sexo do bebê já não está óbvio?"", ""O exame de sexagem fetal deu certo e o bebê era realmente menina?"", ""Sabia o sexo do bebê antes de ser revelado?"", ""Alguém já descobriu o sexo do bebê?"", ""No ultrassom, o bebê foi identificado como menina ou menino?"", ""Com 20 semanas de gestação, já é possível saber o sexo do bebê?"", ""Foi informado o sexo do bebê?"", ""Se o bebê estiver de costas, ainda é possível ver o sexo no exame?"", ""Vale a pena gastar para saber o sexo do bebê antes de nascer?"", ""Quando será revelado o sexo do bebê?"", ""Esse teste para descobrir o sexo do bebê realmente funciona?"", ""Se eu tiver relação no dia em que o muco clara de ovo começou, a chance de o bebê ser menino é quase 100%?"", ""Não basta usar apenas azul e rosa para revelar o sexo do bebê?"", ""Estender a mão para baixo para indicar menino e para cima para indicar menina é um teste confiável para descobrir o sexo do bebê?"", ""O que significa a frase \""Se Deus for Deus, vai ser menina\"" em relação ao sexo do bebê?"", ""Estar cheia de pelos loiros pelo corpo durante a gravidez significa que o bebê nascerá loiro?"", ""A posição das marquinhas na calcinha indica se o bebê é menina, menino ou gêmeos?"", ""Como saber as taxas dos hospitais relacionadas ao parto?"", ""É possível saber antes que o bebê vai morrer durante a gestação?"", ""Se a cor muda ao misturar o suco com a urina por causa da acidez e não pelo sexo do bebê, por que esse teste é dito como tendo 50% de chance de acertar o sexo do bebê?"", ""Em uma gestação com uma placenta e duas bolsas, como identificar o sexo dos bebês?"", ""Se no teste do repolho roxo sair rosa ou vermelho, isso significa que o bebê é menino?"", ""Na revelação do sexo do bebê, o marido pode usar uma luva de boxe para bater no local onde sai a tinta e descobrir se é menina ou menino?"", ""O que fazer quando a ultrassonografia mostra que o bebê é menina, mas a sexagem fetal indica sexo masculino, depois de já ter comprado a maior parte do enxoval?"", ""Foi possível identificar o pico de ovulação com os testes?"", ""É possível saber se o bebê é menino ou menina com 37 semanas de gestação, se ainda não deu para ver?"", ""Quem determina o sexo de um bebê?"", ""Espinhas na gravidez indicam que o bebê é menina?"", ""Como uma gestante sem dinheiro consegue fazer um exame para saber se o bebê é menino ou menina?"", ""O fato de eu não sentir mais enjoos aos três meses de gravidez indica que o bebê é menino?"", ""Como foi descoberto que o bebê era um menino?"", ""Como posso identificar o útero durante a gravidez?"", ""Em quantos dias é possível saber se conseguiu engravidar?"", ""Onde você fez o exame de sexagem fetal?"", ""Uma gestante de 5 meses pode estar com um menino mesmo que o bebê esteja na mesma posição das gestações anteriores em que nasceram meninas?"", ""No posto de saúde fazem exames gestacionais para ver o feto e descobrir o sexo do bebê?""]",6f1a3b0c3c729c40cb77035fd6ea6fd679ce3da11d27d0e280867dddaf665d2e
32,116,"['creche', 'criança', 'meses', 'palavras', 'ano', 'colocar', 'fala', 'frases', 'falar', 'desenvolvimento']",50,"[""O que um bebê com 7 meses precisa conseguir fazer?"", ""O que um bebê de 7 meses precisa conseguir fazer?"", ""É normal uma bebê de 6 meses ainda não responder, mas prestar atenção quando os adultos falam com ela?"", ""Como foi esse período até os 11 meses de vida do bebê?"", ""Você comentou esse comportamento da bebê com o pediatra?"", ""Um bebê de 4 meses já pode ir para a creche?"", ""Com quantos meses o filho foi para a creche?"", ""É normal um bebê de três meses tentar conversar com a mãe?"", ""Como foi a experiência de colocar o bebê na creche em meio período?"", ""É normal uma criança de 1 ano e 6 meses ainda jogar os brinquedos no chão?"", ""É natural um bebê andar aos 6 meses, ou isso é extremamente cedo?"", ""A partir de que mês de vida, por necessidade, é possível colocar o bebê na creche antes de completar 1 ano?"", ""É irresponsável sair e deixar a criança sozinha no sofá?"", ""É normal que uma criança fale muitas coisas, mas ainda não forme frases?"", ""Com quantos meses ou anos você colocou sua bebê na creche?"", ""Alguns bebês têm essa necessidade ou isso é só uma fase?"", ""O que devo fazer se minha bebê de 7 meses rola desde os 5 meses, mas tem dificuldade para voltar?"", ""Estou certa ou errada em pensar assim sobre colocar meu bebê na creche?"", ""É normal um bebê de 1 ano e 7 meses ainda não falar?"", ""Como posso ajudar no desenvolvimento da criança em casa?"", ""Um bebê recebe colo e abraço sempre que chora na creche?"", ""O que há de errado em dar o brinquedo para a mais nova?"", ""E se a minha filha não quiser o brinquedo e quiser jogar fora?"", ""Como é o dia a dia e o período de adaptação de um bebê na creche?"", ""Como está sendo a adaptação dele na creche?"", ""É possível criar uma frequência para comportamento infantil e crises de agressividade em crianças de 3 anos?"", ""Como posso saber qual é o meu ciclo menstrual se não menstruo desde o nascimento da minha filha, que já tem 1 ano e 3 meses, e ainda estou amamentando?"", ""É um problema minha filha quase não ter contato com outras crianças, interagindo mais com adultos, mesmo morando em um sítio e tendo contato com a natureza e animais?"", ""Começar a dar isso ao bebê com 10 meses ainda pode fazer diferença para ele ser inteligente?"", ""Devo colocar meu filho na creche para ajudar no desenvolvimento da fala, mesmo ele tendo TDAH e completando três anos?"", ""Por que a simpatia para a criança falar precisa ser feita com água da chuva?"", ""Quando o novo bebê chegar em casa, minha bebê mais velha pode regredir em alguns marcos do desenvolvimento?"", ""É normal uma criança de 2 anos e 11 meses chorar e não querer ir para a escola nos primeiros dias, mas se acalmar depois?"", ""A sua filha fala de forma diferente?"", ""Uma criança entende quando a mãe precisa dar mais atenção ao bebê e deixá-la de lado às vezes?"", ""Meu filho de 2 anos e 9 meses tem medo de outras crianças por ter apanhado algumas vezes ou por ser mais calmo?"", ""É normal um bebê de 8 meses ainda ter muitas cólicas?"", ""Por que meu filho escalava a porta da geladeira, subia em todo lugar e até no telhado da casa para ver como era lá em cima?"", ""O que fazer quando é necessário colocar a criança na creche, mesmo sendo sofrido para ela?"", ""Que tipo de criação é essa em que a criança só empresta se quiser?"", ""O bebê de 4 meses fica apertado dentro da barriga da mãe?"", ""Quais são os atrasos no desenvolvimento de um bebê de 6 meses?"", ""É normal que a risada de uma bebê de 6 meses fique mais contida do que aos 5 meses?"", ""O que devo dar a uma criança com falta de atenção para melhorar sua atenção?"", ""É normal sentir medo e culpa ao colocar o bebê de 11 meses na creche em meio período?"", ""É normal um bebê de 1 ano e 4 meses ainda não ter dentes, tendo apenas dois dentinhos inferiores?"", ""Ainda dá tempo de usar essa tática em um bebê com cinco meses?"", ""Um bebê de 1 ano e 5 meses ainda pode apresentar disquesia?"", ""Como é a simpatia do pinto para a criança falar?"", ""Quais exercícios posso fazer para ajudar minha filha a evoluir?""]",c39326d9a4e6df19ea8ef4d936e26ab260632b4b6e1d21d0d7741a4b5ed2885a
33,143,"['menina', 'menino', 'será', 'tabela', 'bebê', 'ou', 'saber', 'chinesa', 'sexo', 'se']",50,"[""O bebê pode ser menino ou menina?"", ""Será que o bebê é menino ou menina?"", ""Você sabe se o bebê é menina ou menino?"", ""A bebê é menina ou menino?"", ""O bebê será uma menina?"", ""O bebê vai ser outra menina ou um menino?"", ""O bebê é menina ou menino?"", ""Já se sabe se o bebê é menino ou menina?"", ""Já se sabe se o bebê é menina ou menino?"", ""O bebê vai ser menina ou menino?"", ""Será que o bebê vai ser um menino?"", ""O bebê vai ser menino ou menina?"", ""O bebê é menino ou menina?"", ""O bebê é uma menina ou um menino?"", ""O bebê da gravidez é um menino?"", ""Qual é o sexo do bebê, menina ou menino?"", ""O bebê vai ser uma menina?"", ""O bebê será menina?"", ""O bebê pode ser uma menina?"", ""Será que o bebê é menina?"", ""O bebê vai ser menina?"", ""É certeza que o bebê será menino?"", ""Será que o bebê é um menino?"", ""O bebê será um menino?"", ""Será que o bebê é menino?"", ""Por que fevereiro e março são exceções na tabela chinesa para saber se é menino ou menina?"", ""Por que, ao dizer que o bebê é menino, a minha probabilidade de acertar também é de 50%?"", ""Por que a mãe já sabia, antes do nascimento, que o bebê seria menina?"", ""Uma criança nascida em maio pode ser menina?"", ""Se o médico já tinha um palpite, isso significa que é um menino?"", ""Se ela estiver grávida, o bebê será uma menina?"", ""O bebê vai parecer mais com a mãe ou com o pai?"", ""Está nascendo mais bebês meninas do que meninos?"", ""Meninos demoram mais para nascer do que meninas?"", ""De que cor será o bebê: verde, azul ou rosa?"", ""É possível influenciar o sexo do bebê para que seja menina?"", ""Na quarta gravidez virá uma menina?"", ""O bebê que está a caminho será um menininho loiro e parecido com a mãe?"", ""Será que o sonho também acertou a aparência do bebê?"", ""Será que o bebê que está a caminho será uma \""mini Clarinha\"", ou seja, uma menina?"", ""Vai nascer outro bebê, e ele será menino ou menina?"", ""Com quantos meses é possível saber se o bebê é menino ou menina?"", ""A tabela chinesa funcionou e indicou menino corretamente?"", ""O bebê maior é uma menina ou um menino?"", ""E se forem dois bebês, um menino e uma menina?"", ""O bebê que a irmã está esperando é menino ou menina?"", ""O médico disse se o bebê é menina ou menino?"", ""Quando eu engravidar, como vou saber se o bebê será menino ou menina?"", ""Os bebês esperados são um casal, isto é, um menino e uma menina?"", ""Os emojis que enviei indicam se o bebê é menina ou menino?""]",5f493ca296ecf6b9abcd6010a972431a3120c2c167a28f5f337e82da08566660
34,110,"['katlen', 'ketlin', 'kat', 'ket', 'grávida', 'ketlen', 'novo', 'está', 'novamente', 'passar']",50,"[""A Ketlin está grávida de verdade?"", ""Será que a Katlen está grávida?"", ""Ketlin está grávida de verdade?"", ""Ketlen está grávida novamente?"", ""A Katlen está grávida de verdade?"", ""É verdade que a Kat está grávida?"", ""A Katlen está realmente grávida?"", ""A Ketlin está grávida mesmo?"", ""Você tem certeza de que a Katlen está grávida?"", ""Katlen está grávida novamente?"", ""Ketlin está grávida ou não?"", ""A Kat está grávida de novo?"", ""Ket está grávida novamente?"", ""A Katlen já estava grávida?"", ""A Ketlin está grávida?"", ""É verdade que a Katlen está grávida?"", ""A Kat está grávida?"", ""A Katlen estava grávida de verdade?"", ""Kat está grávida novamente?"", ""A Katlen está grávida ou não?"", ""A Katlen está grávida de uma menina?"", ""A Keti está grávida?"", ""Ketlin já está grávida?"", ""Como assim Ket já está grávida?"", ""Você acha que a Katlen está grávida?"", ""Ter outro bebê significa passar novamente por essa dor do parto?"", ""Os testes juntos na caixinha podem se contaminar?"", ""O bebê da Kate vai ser menino ou menina?"", ""Estou dilatando neste momento?"", ""Por que o Léo falou para Ketlen que eles iam fazer um bebê juntos?"", ""Quantos filhos Kate quer ter, um ou dois?"", ""O bebê que vocês vão ter será menina ou menino?"", ""Quem diz que é melhor matar para não morrer de fome realmente pensa no que está dizendo?"", ""A Kat vai passar por um parto novamente?"", ""Catarina vai passar por todo esse processo de novo?"", ""A Kethen já teve o bebê Davizinho?"", ""Se a Ketlyn estiver grávida, vocês vão revelar se o bebê é menino ou menina?"", ""O texto informa que Ketlen vai ficar grávida?"", ""A Quet estava grávida?"", ""Ketlin vai ter outro filho?"", ""A Ket vai ter outro bebê?"", ""Ela está grávida novamente do segundo filho?"", ""Kathleen está grávida novamente?"", ""Onde está a Ket, que está grávida?"", ""Ketlen também pode ter bebê?"", ""A Ketlin passou a mão na barriga; isso pode indicar que ela está grávida?"", ""Se a Kat estiver grávida, o bebê é menina ou menino?"", ""O Void falou que a Kety vai engravidar neste ano?"", ""Kátia já está pensando em ter outro filho?"", ""Cat Cat está grávida de fato, sim ou não?""]",f944199c6b2e10172ac5a98519ca024ff8963311bea4ebd7bc9945559f1e41de
35,108,"['estar', 'menstruação', 'menstruado', 'tendo', 'ausência', 'grávida', 'veio', 'indicar', 'mesmo', 'menstruar']",50,"[""É possível estar grávida mesmo tendo ficado um mês sem menstruar e depois ter vindo uma menstruação em pouca quantidade?"", ""É possível estar grávida se a última menstruação foi em 10 de janeiro e não veio em fevereiro nem em março?"", ""Com a menstruação atrasada há um mês, posso estar grávida?"", ""É possível estar grávida quando a menstruação já atrasou novamente, depois de no mês anterior ter descido com 7 dias de atraso?"", ""Se a menstruação veio no dia 1º de setembro e até agora não desceu, posso estar grávida?"", ""É possível estar grávida após três meses sem menstruar, mesmo sem sentir nenhum sintoma?"", ""É possível eu ter engravidado mesmo sem ter menstruado nos últimos dois meses?"", ""É possível estar grávida mesmo depois de ter sangrado e sem saber se aquilo era menstruação?"", ""É possível estar grávida após dois meses sem menstruar, mesmo sem sentir sintomas de gravidez?"", ""É possível estar grávida mesmo tendo menstruado hoje, depois de ter sentido sintomas durante todo o mês?"", ""É possível estar grávida após dois meses sem menstruar, mesmo sem sentir sintomas de gravidez ou notar a barriga?"", ""Há possibilidade de eu estar grávida, se minha menstruação veio em setembro por 13 dias e em outubro não veio?"", ""Minha última menstruação veio em 10 de janeiro e não desceu em fevereiro nem em março; isso pode indicar gravidez?"", ""Posso estar grávida mesmo tendo tido uma menstruação com três dias de atraso e fluxo leve, sem usar nenhum método de prevenção?"", ""Minha última menstruação foi em 10 de janeiro e não menstruo em fevereiro nem em março; isso pode ser gravidez?"", ""É possível estar grávida com dois meses sem menstruar, mesmo sem sentir sintomas de gravidez?"", ""Menstruação atrasada e irregular, com duas ocorrências no mês passado, pode indicar gravidez?"", ""É possível estar grávida mesmo tendo apenas um pequeno sangramento na calcinha e sem a menstruação descer desde janeiro?"", ""É possível estar grávida mesmo tendo atrasado a menstruação por 4 dias e depois apresentado sangramento por 3 dias?"", ""É possível estar grávida mesmo tendo tentado engravidar por 7 meses e tendo uma menstruação que veio na quarta-feira e já estava indo embora na quinta-feira?"", ""O atraso da menstruação neste mês quer dizer que estou grávida?"", ""É possível estar grávida se a menstruação veio apenas em pequenos pingos em junho e julho e não desceu em agosto, com a barriga inchada e estranha?"", ""Uma menstruação que veio bem pouca e durou três dias pode indicar gravidez?"", ""É possível estar grávida mesmo sem sentir nenhum sintoma de gravidez após dois meses sem menstruar?"", ""É possível estar grávida mesmo sem sentir sintomas de gravidez, após três meses sem menstruar?"", ""O colo do útero estar fechado, mas baixo, pode indicar gravidez?"", ""Um atraso menstrual de quase um mês, junto com vômitos, náuseas, mais fome e exaustão, pode indicar gravidez mesmo com amamentação?"", ""A ausência de menstruação em março, o sangramento recente e os enjoos podem indicar gravidez?"", ""Quando a mulher para de menstruar e sente vontade de fazer relação sexual, isso pode ser sinal de gravidez?"", ""É possível que eu esteja grávida após ter tido relação quatro dias depois da menstruação, perto do período fértil, e apresentar enjoo, sono excessivo e cansaço?"", ""A ausência da menstruação em dezembro pode indicar gravidez?"", ""É possível que eu esteja grávida mesmo tendo dois miomas pequenos, tendo apresentado hemorragia, com menstruação de 4 dias em um mês e 3 dias no mês seguinte, e estando com sintomas de gravidez?"", ""A saída rosada no teste caseiro, junto com cólicas há dois dias e ausência de menstruação, pode indicar gravidez?"", ""No último dia da menstruação, quando sai uma secreção preta ou marrom, é nessa hora que acontece a gravidez?"", ""A falta de menstruação desde 15 de setembro até 25 de outubro pode indicar gravidez?"", ""Ficar dois meses sem menstruar pode ser sinal de gravidez?"", ""É possível estar grávida mesmo tendo menstruado duas vezes em dezembro e novamente no dia 27, e tendo feito um teste que mostrou apenas um ponto?"", ""O que devo fazer para confirmar se estou grávida, já que estou tentando engravidar e minha menstruação ainda não desceu?"", ""Quatro dias de atraso menstrual podem ser sinal de gravidez?"", ""Mesmo menstruando todos os meses, a barriga crescendo, com cefaleia, enjoo, fadiga e aumento dos seios, isso pode ser gravidez?"", ""Como posso saber se estou grávida se não lembro a data da minha última menstruação?"", ""Mesmo tendo menstruado duas vezes no mesmo mês, com menstruação de três dias, teste de gravidez negativo, fraqueza, sono e falta de vontade de fazer as coisas, isso pode ser gravidez?"", ""Mesmo usando DIU e tendo menstruado duas vezes no mês, a dor na parte baixa da barriga e o inchaço podem ser sinal de gravidez?"", ""Como diferenciar os sintomas de gravidez dos sintomas da menstruação e dos efeitos colaterais do anticoncepcional?"", ""A pessoa que sentiu uma cólica forte, achando que a menstruação ia descer, mas ela não desceu, está grávida?"", ""É possível estar grávida mesmo com dor nos bicos dos seios, sangramento por dois dias que não parecia sangue puro e testes de gravidez negativos?"", ""É possível saber se engravidei antes da menstruação descer no dia 3?"", ""É possível estar grávida mesmo tendo menstruado por 3 dias, quando o fluxo costuma durar 5 dias, e sentindo cólicas, inchaço e aumento do apetite?"", ""Fazer xixi toda hora e a menstruação ainda não descer pode estar relacionado à gravidez?"", ""Se a menstruação está atrasada e a barriga está crescendo, isso pode indicar gravidez?""]",01a445663d9242d22150f5a2e92dafe58a5e4e1486c29d0f9c749987697a0ad6
36,132,"['dor', 'analgesia', 'parto', 'mulheres', 'epidural', 'dói', 'comparar', 'algumas', 'durante', 'normal']",50,"[""É comum não sentir tanta dor durante o parto?"", ""A dor do parto é insuportável?"", ""É verdade que a dor do parto é insuportável?"", ""É normal não sentir dor durante o parto?"", ""Esse tipo de parto sem dor é fácil assim para todas as mulheres?"", ""A dor do parto é pior do que a dor nos seios ou outras dores?"", ""O parto só é considerado lindo se houver dor?"", ""A dor do parto normal é realmente suportável?"", ""Como é a dor do parto normal?"", ""Na hora do trabalho de parto, dói?"", ""É possível fazer parto normal sem dor?"", ""Se é possível ter um parto sem dor, por que sofrer?"", ""Qual é o segredo para não sentir dor no parto normal?"", ""As dores aumentam quando o médico rompe a bolsa na hora do parto?"", ""Como foi possível ter um parto normal sem dor?"", ""Todo parto tem dores?"", ""Quem disse que sentir dor no parto é bom?"", ""O parto normal realmente dói muito?"", ""A dor do parto é diferente da dor de cólica menstrual?"", ""O parto dói tanto assim?"", ""O parto dói tanto assim mesmo?"", ""O parto normal dói muito?"", ""A dor do parto normal é comparada a quê?"", ""É normal a dor do parto cessar rapidamente após o nascimento do bebê e não voltar depois?"", ""Quem já teve um parto normal induzido e outro sem indução pode comparar o nível de dor entre eles?"", ""Qual é a composição dessas injeções usadas na analgesia ou anestesia do parto?"", ""Como funciona a analgesia epidural no parto?"", ""Por que algumas mulheres engravidam novamente mesmo após terem passado por um parto muito doloroso?"", ""As tâmaras fizeram efeito para ajudar no trabalho de parto?"", ""Por que o Andolba passou a ter mentol na composição no pós-parto, se antes ajudava na cicatrização e nas dores e agora arde tanto?"", ""Quem se importa com esse hormônio durante o parto?"", ""Por que a rede pública não se preocupa em oferecer analgesia para mulheres que passam dias em trabalho de parto?"", ""Por que algumas mulheres gritam tanto durante o parto normal se dizem que ele é tão bom?"", ""A analgesia no parto só acontece para mulheres ricas?"", ""Se existe a opção de analgesia de parto, por que ela não é feita logo durante o parto para evitar a dor?"", ""O parto acontece da mesma forma em mulheres que não sabiam que estavam grávidas e não sentiram nada?"", ""O leite dado ao bebê não deveria ser administrado sem tanta pressão?"", ""O que acontece quando isso não ocorre durante o parto?"", ""Como fica o parto para uma mãe que terá cesárea e para uma mãe que sofre com dor por não ter passagem?"", ""Como era a dor no ciático relatada na gravidez?"", ""Como essa simulação da dor do parto funciona?"", ""Um curso de preparação para o parto normal ensina a parir ou apenas torna o processo mais fácil?"", ""As mulheres têm algum hormônio que ajuda a suportar melhor esse tipo de dor, como a dor do parto?"", ""O pente ajudou a aliviar a dor do parto?"", ""As contrações continuam ocorrendo normalmente durante o parto após a anestesia?"", ""Por que algumas mulheres toleram melhor a dor do parto ou da cesárea do que outras, se a dor não é igual para todas?"", ""Quando começam as dores do parto em uma mulher grávida?"", ""O bebê sente algum desconforto durante o trabalho de parto?"", ""Por que algumas mulheres que fizeram parto normal são contra tomar remédio para reduzir a dor do parto?"", ""Como se consegue dormir sentindo dor durante a maternidade?""]",01f8faf313daefbb80e2aa4d7b0e9a897ef3d7e53db60c65e9870ec98ab239c1
37,107,"['produção', 'materno', 'leite', 'aumentar', 'posso', 'minha', 'fórmula', 'suficiente', 'voltar', 'colostro']",50,"[""Como posso aumentar minha produção de leite materno se tenho pouco leite e consigo amamentar pouco?"", ""Como aumentar a produção de leite materno quando estou sem leite no peito?"", ""Como posso aumentar a produção de leite materno?"", ""Como posso aumentar a produção de leite materno para conseguir amamentar meu bebê até os 6 meses?"", ""O que é bom para aumentar a produção de leite materno?"", ""Como posso aumentar minha produção de leite materno?"", ""Como fazer para aumentar a produção de leite materno?"", ""Como posso aumentar a produção de leite materno para estocar antes da volta ao trabalho e evitar usar fórmula no retorno?"", ""Como posso aumentar a produção de leite materno para conseguir voltar a amamentar, mesmo tendo iniciado a fórmula?"", ""O que posso fazer para voltar a ter leite materno para o meu bebê?"", ""Como posso aumentar a produção de leite materno para conseguir oferecer leite suficiente para minha bebê sem precisar de fórmula?"", ""O que posso fazer para aumentar minha produção de leite materno depois que ela diminuiu com a volta ao trabalho presencial?"", ""Como posso aumentar a minha produção de leite materno enquanto estou amamentando?"", ""Quais problemas algumas mães podem ter para a descida do leite ou para a produção de leite?"", ""Como posso aumentar minha produção de leite materno para continuar amamentando meu bebê de 4 meses?"", ""É possível aumentar a produção de leite materno para que o bebê possa se alimentar do meu leite em vez de fórmula?"", ""Como aumentar a produção de leite materno quando a bebê parece não estar mamando o suficiente, mesmo com a pega correta?"", ""O que você fez para conseguir aumentar a produção de leite materno?"", ""Se eu parar de tirar leite materno e deixar apenas minha bebê mamar, a produção de leite vai cair muito?"", ""Como posso continuar amamentando até os dois anos se sinto que minha produção de leite está baixa?"", ""Como posso aumentar a produção de leite materno para o retorno ao trabalho, se minha bebê tem 3 meses e meio e em alguns dias quase não consigo tirar leite?"", ""O que fazer quando a produção de leite materno está muito baixa, mesmo bebendo muita água, tomando chá, comendo de tudo, com a pega do bebê correta e indo ao banco de leite?"", ""Você conseguiu resolver a baixa produção de leite materno?"", ""Você tem pouca produção de leite ou a produção é suficiente para o bebê?"", ""Como minha esposa pode aumentar a produção de leite materno?"", ""O líquido amniótico pode aumentar depois de ter caído para 8 com 18 semanas de gestação?"", ""É normal não ter nenhum sinal de leite materno 10 dias após o nascimento da filha?"", ""A pega incorreta, a tensão e a privação de sono podem ter diminuído a produção de leite materno?"", ""Ainda é possível aumentar a produção de leite materno nessa fase, mesmo tirando apenas 15 ml na bombinha?"", ""Existe algum exame que mostra se o leite materno está suprindo tudo o que o bebê precisa?"", ""A diabetes gestacional pode atrapalhar a produção de leite materno?"", ""Coletor de leite e extrator de leite são ambos necessários na amamentação ou apenas um deles é suficiente?"", ""É indicado retirar o colostro para levar à maternidade caso o leite não desça?"", ""O leite materno substitui uma parte da água na preparação da mamadeira?"", ""Por quanto tempo foram usados os remédios e a extração de leite para aumentar a produção de leite materno?"", ""A ausência desse hormônio significa que as mães não amam o bebê ou que o vínculo com ele fica mais fraco?"", ""Ainda há tempo de aumentar a produção de leite materno 27 dias após a cesárea?"", ""É normal a produção de leite materno diminuir após os primeiros dias, mesmo tendo saído bastante leite no início?"", ""Por que meu leite secou 10 dias após o parto?"", ""O leite materno está sendo suficiente para o Matteo?"", ""Fumar pode atrapalhar a produção de leite materno?"", ""Dar o leite ordenhado na mamadeira reduz a estimulação da produção de leite materno?"", ""Devo fazer ordenha e guardar o leite para quando voltar a trabalhar em quatro meses?"", ""Mesmo estimulando mais agora, há risco de eu não conseguir produzir leite suficiente para minha bebê no futuro?"", ""Em quantos dias foi percebida a saída de leite das mamas?"", ""É possível uma mulher continuar tendo leite nas mamas mesmo sem ter filhos e sem estar grávida?"", ""O chá de camomila para aumentar a produção de leite materno pode ser de saquinho ou deve ser o natural?"", ""O hipotireoidismo pode causar dificuldade na descida do leite ou na produção de leite?"", ""Posso continuar amamentando em casa e oferecer leite de vaca ao bebê apenas enquanto estou no trabalho?"", ""Como uma gestante pode aprender sobre produção de leite materno para não sofrer no momento da amamentação?""]",098fc756ac88b8f1f06a05ecac524b13cc834149fb4d27ec6dd58633a98d2175
38,89,"['alparone', 'giovanna', 'grávida', 'está', 'quem', 'pai', 'real', 'verdade', 'informação', 'falsa']",50,"[""É verdade que Giovanna Alparone está grávida?"", ""A Giovanna Alparone está grávida de verdade?"", ""É real que Giovanna Alparone está grávida?"", ""Giovanna Alparone está grávida mesmo?"", ""É verdade que a Giovanna Alparone está grávida?"", ""Giovanna Alparone está grávida ou não?"", ""Giovanna Alparone já está grávida?"", ""Como assim a Giovanna Alparone está grávida?"", ""Giovanna Alparone está grávida de verdade?"", ""A Giovanna Alparone está grávida?"", ""É sério que Giovanna Alparone está grávida?"", ""A Giovanna Alparone estava grávida?"", ""É mentira ou verdade que Giovanna Alparone está grávida?"", ""Giovanna Alparone estava grávida?"", ""Giovanna Alparone está mesmo grávida?"", ""É mentira que Giovanna Alparone está grávida?"", ""É verdade que Giovanna Alparone está grávida, mesmo sendo muito nova?"", ""Giovanna Alparone estava grávida ou não?"", ""Giovanna Alparone está grávida agora?"", ""Isso é verdade mesmo que a Giovanna Alparone está grávida?"", ""De quem a Giovanna Alparone está grávida?"", ""A gravidez da Giovanna Alparone é real?"", ""Então quer dizer que Giovanna Alparone está grávida?"", ""É mentira que a Giovanna Alparone está grávida?"", ""A Giovanna Alparone está grávida agora?"", ""O bebê que Lore Improta está esperando é um menino?"", ""Quem é o pai do bebê, caso Giovanna Alparone esteja grávida?"", ""Qual é o valor real da maternidade São Luiz Star, já que o custo não seria de apenas 19 mil reais?"", ""A barriga da Giovanna Alparone está grande?"", ""Luccas Neto foi quem engravidou a Giovanna Alparone?"", ""Giovanna Alparone está grávida aos 16 anos?"", ""A informação de que Giovanna Alparone está grávida é apenas uma edição?"", ""A Jhennifer Souza já teve a bebê?"", ""Por que, no vídeo seguinte, foi dito que Giovanna Alparone não estava grávida?"", ""Como é possível que Giovanna Alparone esteja grávida?"", ""Por que as pessoas estavam dizendo que Giovanna Alparone estava grávida meses atrás?"", ""Giovana Alparone já teve relação sexual?"", ""Giovanna Alparone está grávida, já que nos vídeos ela não aparece grávida?"", ""Giovanna Alparone está grávida por estar com um namorado novo?"", ""Giovanna Alparone já está grávida com 1 ano de idade?"", ""Como Giovanna Alparone estaria grávida?"", ""Como Giovanna Alparone engravidou?"", ""Giovanna Alparone está grávida de dois bebês?"", ""A informação de que Giovanna Alparone está grávida é falsa?"", ""Arlequina está grávida mesmo?"", ""Por que estão dizendo que A Borges está grávida?"", ""Como a Giovanna Alparone está grávida?"", ""Giovanna Alparone está grávida de verdade ou usa uma barriga falsa?"", ""A suposta gravidez de Giovanna Alparone é mentira?"", ""Se for verdade que Giovanna Alparone está grávida, quem é o pai do bebê?""]",8d2559a84828abecbd56fd0b34ddbc2cf3709ee6400555b29228c4089ca7b2f2
39,111,"['bomba', 'tirar', 'leite', 'elétrica', 'bombinha', 'minutos', 'sucção', 'resolver', 'extrair', 'extratora']",50,"[""Como carregar a bombinha de tirar leite?"", ""Por que a bomba de leite está retirando bem pouco leite?"", ""O que estava acontecendo com a sua bomba elétrica de tirar leite quando ela também não fazia sucção?"", ""Como usar a bombinha de tirar leite para conseguir extrair leite, se ao usar não sai nada?"", ""Estou usando a bomba de extração de leite de forma errada?"", ""Como usar a bomba de tirar leite que você comprou?"", ""É normal demorar para tirar o leite com essa bomba de leite?"", ""Por que, ao colocar a bomba no peito, o leite não saiu?"", ""Por que, quando tento usar a bomba, sinto como se estivesse beliscando e ainda não consigo extrair leite?"", ""Usar a bombinha elétrica com mais frequência pode fazer diferença na quantidade de leite extraída?"", ""A bomba não está conseguindo retirar leite do peito?"", ""É normal a bomba demorar mais de 20 minutos para tirar 60 ml de leite ou ela está fraca?"", ""Qual é a sua bomba de tirar leite?"", ""A bombinha elétrica está fraca ou estou com pouco leite, se quase não senti a extração e tirei muito pouco leite?"", ""Como deve lavar a bomba de tirar leite?"", ""Esse aparelho fica sugando o leite durante o dia inteiro?"", ""Você não está conseguindo coletar leite com a bombinha elétrica?"", ""Por que a bomba tira-leite está sugando normalmente, mas não suga o leite quando é colocada no peito?"", ""Por que a bombinha elétrica parou de retirar leite depois de tirar 30 ml do meu peito?"", ""Quanto tempo a bomba elétrica de tirar leite demora para carregar?"", ""Esse problema de o leite sair do recipiente quando a bomba enche até a altura do bico de sucção ainda acontece?"", ""É normal que a válvula de silicone da bomba de tirar leite não se mova?"", ""O motorzinho da bomba de tirar leite foi esterilizado?"", ""É normal a bomba extratora de leite durar pouco tempo e descarregar muito rápido?"", ""Qual mamadeira devo usar com a bomba elétrica para tirar leite?"", ""Esse silicone libera toxinas?"", ""A bomba elétrica de tirar leite é falsa se não vier a borracha da boca dos seios e essa peça não aparecer nas imagens da caixa?"", ""É preciso usar um adaptador para que a bomba pegue também a aréola?"", ""Um bebê de 4 meses com hérnia já foi levado ao médico para avaliar a melhor forma de resolver o problema?"", ""Qual é a forma correta de usar essa bomba tira-leite: começar na massagem e depois aumentar até o maior nível, ou colocar logo na maior força que a mãe aguentar?"", ""Não é melhor tirar um pouco para ele recuperar o fôlego?"", ""Como resolver um problema semelhante com a sua bebê?"", ""É necessário higienizar a mama antes e depois de retirar leite com a bomba?"", ""Seria possível comprar uma ordenhadeira para ajudar a tirar o leite?"", ""Ao esterilizar a bomba de tirar leite, é preciso incluir todos os componentes, inclusive os de silicone?"", ""Existe alguma solução se a bomba de tirar leite tiver sido danificada após ser esterilizada no micro-ondas e estiver saindo pouco leite?"", ""A bombinha de tirar leite está funcionando, mas não desliga; como resolver isso?"", ""Por que o leite preparado com Nestogeno Espessar não fica tão grosso mesmo após agitar, seguindo as orientações mostradas no vídeo?"", ""Como posso apertar a bombinha de tirar leite para ela voltar a fazer sucção?"", ""Como usar a bomba de amamentação e com que frequência ela deve ser utilizada?"", ""É normal o bico do peito ficar muito grande durante a extração de leite, ou isso indica que estou fazendo algo errado?"", ""O diagnóstico relacionado à dificuldade para tirar leite pode estar errado?"", ""A borracha maior da bombinha de tirar leite permite a passagem do leite para o copinho?"", ""No power pump, quando a orientação é fazer 20 minutos, isso significa 10 minutos em um seio e 10 minutos no outro?"", ""Essa bombinha elétrica ajuda a aumentar a produção de leite?"", ""Por que a minha bomba de tirar leite só fica no modo massagem?"", ""Qual velocidade costuma ser usada na bombinha de tirar leite?"", ""O fato de o leite já estar saindo antes da descida do leite faz com que a produção de leite seja menor?"", ""Por que, ao tentar ordenhar, quase não sai leite?"", ""Como fazer para extrair o leite de inhame?""]",1d75829ff9a988f905a79b23af7011a96855d0f1530e9383c3dbca58b38ff326
40,103,"['sentir', 'enjoos', 'enjoo', 'normal', 'início', 'gravidez', 'dor', 'ventre', 'azia', 'cólicas']",50,"[""É normal parar de sentir dor com seis semanas de gravidez, estando com sete semanas?"", ""É normal que os enjoos no início da gravidez impeçam de comer?"", ""É normal sentir mais sofrimento nesta gravidez do que na primeira gravidez?"", ""É normal não sentir cólicas nesta quarta gravidez, como aconteceu nas gestações anteriores?"", ""Na gravidez de 5 semanas, é normal sentir tanta dor a ponto de quase não conseguir caminhar e ter dificuldade para defecar?"", ""Você está sentindo muito enjoo durante a gravidez?"", ""É normal sentir muita cólica no início da gravidez?"", ""Você está sentindo enjoo durante a gravidez?"", ""É normal sentir muita dor com 5 semanas de gravidez?"", ""É normal o enjoo na gravidez não passar mesmo após mais de 8 semanas?"", ""Por que sinto tanta dor na barriga no início da gravidez?"", ""Com quanto tempo de gravidez os enjoos costumam começar?"", ""Com quantos dias de gravidez as náuseas costumam começar?"", ""Durante a gravidez, há enjoos?"", ""É normal, com 5 ou 6 semanas de gravidez, não sentir enjoo e apresentar muitos gases, cólicas estomacais e seios doloridos?"", ""É normal sentir muita dor com cinco meses de gravidez?"", ""É normal não sentir muito mal-estar durante a gravidez?"", ""É normal sentir dor no estômago, enjoo, cólica e dor no pé da barriga com 3 semanas de gravidez?"", ""É normal sentir muita cólica, enjoo e insônia nos primeiros dias de gravidez?"", ""É normal, no primeiro trimestre da gravidez, não sentir pressão baixa, mal-estar, enjoos e fraqueza, mesmo sem conseguir comer nada?"", ""É normal sentir cólica com dois meses de gravidez?"", ""É normal cuspir muito durante a gravidez?"", ""É normal ainda sentir enjoo aos 3 meses de gravidez?"", ""É normal, com 4 semanas de gravidez, não ter enjoo nem dor de cabeça e apresentar apenas atraso menstrual e dor nos seios?"", ""É normal sentir dores leves no baixo ventre e na lombar no início da gravidez, por volta de 4 semanas?"", ""O que fazer para diminuir a prisão de ventre na gravidez?"", ""A pessoa que está com mal-estar e muita dor na boca do estômago está grávida?"", ""O jejum de 4 dias pode ser um tipo de tratamento para esses sintomas que surgiram após a gestação?"", ""Com quantas semanas de gravidez surgiu o gosto de ferro na boca?"", ""É mito que a azia na gravidez indica que o bebê vai nascer cabeludo?"", ""O que pode aliviar a dor na virilha na gravidez quando nada parece melhorar?"", ""É normal não sentir dor de cabeça, enjoo ou cólicas, quando antes eu sentia esses sintomas?"", ""É normal a azia piorar na 34ª semana de gravidez, mesmo com a medicação passada pelo obstetra?"", ""É normal sentir tontura constante, que piora ao se movimentar, com 6 semanas de gravidez?"", ""É normal sentir muito enjoo com 11 semanas e 5 dias de gravidez a ponto de não conseguir trabalhar e faltar vários dias?"", ""O que fazer quando, com 9 semanas de gravidez, a gestante está muito mal, com enjoos ao longo do dia, sem conseguir comer nada e já precisou de soro na veia?"", ""É normal, com seis semanas de gravidez, ficar muito enjoada a ponto de não suportar cheiros e não conseguir usar nem desodorante?"", ""A dor no corpo no início da gravidez pode parecer um estado gripal?"", ""É normal uma gestante no primeiro trimestre tremer o dia todo e precisar de uma cadeira para tomar banho?"", ""Existe alguma coisa para aliviar o gosto amargo ou azedo que fica na língua e na garganta durante a gravidez?"", ""É normal sentir a área íntima pulsando no início da gravidez, de forma sutil, em alguns momentos do dia?"", ""É possível que eu esteja grávida mesmo sentindo muita dor no pé da barriga, dor de cabeça, vontade de vomitar e de desmaiar?"", ""Quais dicas podem ajudar a melhorar o enjoo na segunda gravidez?"", ""Mulheres que já costumam ter náuseas, como ao andar de carro, têm menos propensão a ter náuseas durante a gestação?"", ""Por que eu enjoava só de pensar em comer durante a gravidez?"", ""O que posso fazer para aliviar os enjoos e as ânsias na gravidez, já que não consigo nem beber água sem sentir vontade de vomitar?"", ""É normal ficar nervosa e ansiosa com 1 mês e 3 dias de gravidez?"", ""É normal estar grávida de 6 meses e não sentir nada além de azia?"", ""Você teve diarreia no início da gravidez?"", ""É normal, na terceira gestação e com 2 meses de gravidez, sentir fortes dores de cabeça, escurecimento da visão e tontura?""]",08a6dc77082dd7d832192eee6a5aa8fed5f5785118e9f409909dd0a57c2a4ef6
41,98,"['chá', 'gestantes', 'tomar', 'consumir', 'café', 'podem', 'consumo', 'orégano', 'canela', 'limão']",50,"[""Quais chás uma gestante pode tomar?"", ""Quais chás estão sendo tomados durante a gravidez?"", ""Gestantes podem tomar chá de hortelã?"", ""Gestantes podem tomar chá de erva-doce?"", ""Durante o primeiro mês de gravidez, pode-se tomar chá?"", ""Por que as enfermeiras não recomendam tomar chá durante a gravidez?"", ""Gestantes podem consumir café durante a gravidez?"", ""Gestantes podem tomar chá da casca do abacaxi?"", ""Gestantes podem tomar chá de anis estrelado?"", ""Tomar chá-mate durante a gravidez faz mal?"", ""Na reta final da gravidez, pode tomar chá de canela?"", ""Está tudo bem com você após tomar chá de espinheira-santa com boldo durante a gestação?"", ""Grávida pode tomar chá de semente de mamão?"", ""É errado tomar chá de boldo para enjoo durante a gravidez?"", ""É necessário ficar nove meses sem tomar café durante a gestação?"", ""Gestantes podem tomar chá de moringa?"", ""Uma gestante pode tomar chimarrão nos primeiros três meses de gravidez?"", ""O chá de cravo com gergelim preto tomado antes de descobrir a gravidez pode ter prejudicado a gestação?"", ""Na gravidez, pode usar alecrim como tempero na comida?"", ""É correto tomar duas xícaras de café pela manhã durante a gravidez?"", ""Qual é a orientação sobre o consumo de chimarrão durante a gravidez?"", ""O chá de orégano que foi tomado nas primeiras semanas de gestação pode fazer mal ao bebê?"", ""A mulher grávida pode tomar chá de tamarindo, conhecido como tamarina?"", ""Gestantes podem tomar refrigerante uma vez por semana?"", ""Você chegou a usar gengibre na água ou em chá durante a gravidez?"", ""Para gestantes, o Lugol correto é o de 5% ou o de 2%?"", ""Durante a gravidez, especialmente nos primeiros três meses, há problema em consumir vinagre de álcool?"", ""Gestantes podem usar Avamys 27,5 mcg/dose?"", ""Gestantes podem comer atum e sardinha durante a gestação, mesmo havendo relatos de alto índice de mercúrio nesses alimentos?"", ""Gestantes podem tomar resveratrol durante a gravidez?"", ""Gestante pode consumir alho cru para ajudar no tratamento da candidíase?"", ""O uso de maconha é seguro nos primeiros três meses de gravidez?"", ""Todas as gestantes podem ter acesso a essa injeção?"", ""Gestante pode tomar creatina durante os primeiros três meses de gravidez?"", ""Gestantes podem ouvir frequências?"", ""Gestantes com 40 semanas podem tomar óleo de prímula?"", ""O consumo de água tônica nas primeiras semanas de gravidez, antes de saber da gestação, pode prejudicar o bebê?"", ""No pós-parto, a mulher pode consumir orégano e canela?"", ""O cacau sagrado é seguro para consumo durante a gravidez?"", ""Gestantes também podem sentir dor nas pernas durante a gravidez?"", ""Gestantes podem comer comida japonesa por causa do risco de toxoplasmose?"", ""Gestantes podem colocar alfavaca na comida?"", ""Quem está amamentando pode tomar chá de mandaci?"", ""A água de coco para gestantes precisa ser do próprio coco?"", ""Gestantes podem consumir folha de louro nos alimentos?"", ""Qual remédio uma gestante pode tomar para dor de dente com inflamação?"", ""Gestantes podem dançar?"", ""Uma gestante de 8 semanas precisa parar de tomar chá de limão?"", ""Gestantes podem tomar chá de limão com alho para tratar gripe?"", ""A pimenta faz mal na gravidez?""]",79e48ecd6f81c1c4810e483863a5e4904eb8a3996541a3e300f46aee559a0102
42,88,"['tia', 'sara', 'mariana', 'grávida', 'bia', 'está', 'verdade', 'sarah', 'thally', 'sofia']",50,"[""A Tia Sara está grávida de verdade?"", ""A tia Sara está realmente grávida?"", ""Tia Sara está grávida de verdade?"", ""A tia Sara está grávida mesmo?"", ""A tia Sara está grávida novamente?"", ""A tia Sara está grávida?"", ""Será que a tia Sara está grávida mesmo?"", ""Sara está grávida mesmo?"", ""É verdade que a tia Sara está grávida?"", ""É verdade mesmo que a tia Sara está grávida?"", ""A gravidez da tia Sara não é mentira, certo?"", ""Tia Sarah já contou para a família que está grávida?"", ""A tia Sarah está grávida?"", ""A Sara está grávida?"", ""A Mariana está realmente grávida?"", ""É verdade que a Mariana está grávida?"", ""A tia Sara está grávida ou não?"", ""A Mariana está grávida mesmo?"", ""A tia Sara está grávida, sim ou não?"", ""A Tia Sara está grávida?"", ""A suposta gravidez da tia Sara não é uma brincadeira, certo?"", ""A Mariana está grávida?"", ""A Mariana está grávida de novo?"", ""A tia está grávida mesmo?"", ""É verdade que a Sara vai ser mãe?"", ""Se a Bia estiver grávida de um menino, o bebê pode se chamar Yuri?"", ""Qual foi a causa da morte da Sofia, filha da cantora Lexa?"", ""A Thally está grávida de gêmeos?"", ""A Bia está grávida ou não?"", ""A Jéssica está grávida?"", ""É verdade que a Nathy está grávida?"", ""A Jadizinha terá um bebê este ano?"", ""A Leia Furacão está grávida de verdade?"", ""Joyce está grávida novamente?"", ""A Borges está grávida?"", ""A Jaqueline está grávida de verdade?"", ""A Mary está mesmo grávida?"", ""A Lat está grávida?"", ""Onde Ana Hickmann disse que estava grávida?"", ""O bebê da tia Sara é menina ou menino?"", ""A tia Ana estava grávida?"", ""Jade está grávida de verdade?"", ""A Isabel pretende ter mais filhos?"", ""Por que a senhora decidiu engravidar depois da Natália Valente?"", ""Por que as coisas são só para a Sara e não para o Timi?"", ""A Kathleen vai ser tia?"", ""Qual é o resultado da gravidez da Tia Sara?"", ""A tia Sara vai ter outro filho ou filha?"", ""Quantos anos a Sara tem?"", ""A Mariana vai voltar com a Sofia?""]",331925ca85dfa459a75f02735fe3b0b7a25945fb6ddccccee6a27fe44056c0e1
43,152,"['negativo', 'atraso', 'menstrual', 'teste', 'negativos', 'testes', 'estar', 'atrasada', 'farmácia', 'mesmo']",50,"[""É possível estar grávida mesmo com 18 dias de atraso menstrual e teste de gravidez negativo?"", ""É possível estar grávida com a menstruação atrasada há um mês, mesmo com teste de gravidez negativo?"", ""É possível estar grávida mesmo com 13 dias de atraso menstrual e teste de gravidez negativo?"", ""É possível estar grávida mesmo com a menstruação atrasada há 1 mês e 14 dias e com teste de gravidez negativo?"", ""É possível estar grávida mesmo com o teste de gravidez negativo e a menstruação atrasada?"", ""É possível estar grávida mesmo com três testes de gravidez negativos e 36 dias de atraso menstrual?"", ""Com 4 dias de atraso menstrual e teste de gravidez negativo, ainda pode ser gravidez?"", ""Com dois meses de atraso menstrual e teste de gravidez negativo, ainda pode ser gravidez?"", ""É possível estar grávida mesmo após três testes de gravidez negativos, feitos com 4, 7 e 11 dias de atraso menstrual?"", ""Com 5 dias de atraso menstrual e teste de farmácia negativo, ainda é possível estar grávida?"", ""Com 7 dias de atraso menstrual e dois testes de gravidez negativos, ainda pode haver gravidez?"", ""É possível estar grávida mesmo com teste de gravidez negativo, faltando dois dias para a menstruação descer?"", ""É possível estar grávida mesmo com sete dias de atraso menstrual e cinco testes de farmácia e um exame de sangue negativos?"", ""É possível estar grávida mesmo com 4 dias de atraso menstrual, relação desprotegida no final do ciclo e um teste de gravidez negativo?"", ""Com 8 dias de atraso menstrual, teste de gravidez negativo, cólicas e sem menstruação, ainda pode haver gravidez?"", ""É possível estar grávida mesmo com teste de gravidez negativo, com um dia de atraso menstrual e teste de ovulação negativo?"", ""É possível estar grávida mesmo com 11 dias de atraso menstrual e tendo feito um teste negativo com 3 dias de atraso?"", ""É possível que eu esteja grávida, mesmo com dois testes de gravidez negativos e com atraso menstrual e outros sintomas?"", ""É possível estar grávida mesmo com o teste de gravidez negativo feito no dia 13 de setembro e com a menstruação atrasada?"", ""É possível estar grávida mesmo com 12 dias de atraso menstrual e testes negativos?"", ""É possível estar grávida após dois meses de atraso menstrual mesmo com teste negativo?"", ""Minha menstruação está atrasada há um mês e o teste de gravidez deu negativo; ainda posso estar grávida?"", ""Mesmo com dois dias de atraso menstrual, teste de gravidez negativo e um sangramento que durou um dia, ainda posso estar grávida?"", ""É possível estar grávida mesmo com a menstruação 6 dias atrasada e três testes de gravidez negativos, 39 dias após a relação?"", ""Foi gravidez, mesmo com teste de sangue negativo e 6 dias de atraso menstrual?"", ""O que significa quando um teste de gravidez mostra carinha e outro não mostra nada, com 10 dias de atraso menstrual?"", ""Um teste de gravidez com uma listrinha clara e exame de sangue negativo, antes do atraso menstrual, pode indicar gravidez?"", ""Com quantos dias de atraso menstrual foi feito o primeiro teste de gravidez?"", ""O atraso menstrual com sintomas de gravidez e teste negativo indica gravidez ou apenas uma alteração no ciclo?"", ""É possível que eu esteja grávida, considerando o possível sangramento de nidação, o atraso menstrual e um teste de gravidez com linha bem fraca?"", ""Esses sintomas, a secreção rosada e o teste negativo feito anteontem podem indicar gravidez, mesmo com a menstruação prevista para o dia 21 e após relação desprotegida com ejaculação no dia 13?"", ""Mesmo com exame de sangue negativo, a ausência de menstruação pode indicar gravidez?"", ""Com 40 anos, com a menstruação atrasada há 10 dias e testes de farmácia com resultados divergentes, é possível estar grávida?"", ""É possível estar grávida mesmo sendo laqueada há 9 anos, com 23 dias de atraso menstrual e sintomas de gravidez?"", ""Com dois meses de atraso menstrual, um exame negativo e um teste de farmácia que deu positivo e depois mudou algumas horas depois, isso pode indicar gravidez?"", ""Com 21 dias de atraso menstrual, há possibilidade de o resultado ser positivo para gravidez?"", ""É possível estar grávida mesmo tendo feito teste de farmácia e exame de hCG, ambos com resultado negativo, e sem menstruar desde agosto?"", ""Você conseguiu descobrir o que causou o atraso menstrual e o beta negativo?"", ""O sangramento que veio com 14 dias de atraso e permaneceu normal por quatro dias pode ser menstruação e não gravidez?"", ""Devo fazer outro teste de gravidez após dois testes negativos, atraso menstrual em julho e dor no bico do peito?"", ""A menstruação atrasada e o teste de farmácia positivo indicam que eu estava grávida?"", ""Ainda existe possibilidade de gravidez mesmo após vários testes de farmácia negativos, beta-hCG negativo e um sangramento menstrual em pouca quantidade?"", ""Há possibilidade de eu estar grávida mesmo com teste de gravidez digital indicando 1-2 semanas, um ultrassom transvaginal sem visualizar gestação, um teste repetido no dia seguinte com resultado negativo, secreção rosada por dois dias e menstruação atrasada há 9 dias?"", ""É possível que eu esteja grávida, mesmo com dois meses de atraso menstrual, teste de gravidez negativo e um escape de sangramento rosado?"", ""Com 12 dias de atraso menstrual, beta realizado com 9 dias de atraso negativo e vários testes de farmácia negativos, ainda posso estar grávida?"", ""É possível fazer o teste de gravidez no primeiro dia de atraso menstrual?"", ""É possível estar grávida mesmo com 28 dias de atraso menstrual, quatro testes de gravidez negativos e aguardando o resultado do beta hCG?"", ""Com a menstruação atrasada há quase um mês, com muitos sintomas e um teste com apenas um traço, o resultado é negativo?"", ""Ainda é possível estar grávida mesmo com teste de gravidez negativo após atrasar a injeção trimestral?"", ""Mesmo com tontura, fisgadas no pé da barriga, menstruação prevista para amanhã e teste de gravidez negativo hoje, ainda posso estar grávida?""]",08cdfe67474019944d4569d0744be24b48dc3b24cce4c2e8f40ae309e8c2750f
44,102,"['placenta', 'remoção', 'mão', 'remover', 'manual', 'retirada', 'braço', 'anestesia', 'poderia', 'vagina']",50,"[""A remoção da placenta é feita com a mulher ainda viva?"", ""A placenta deve ser retirada logo após o nascimento do bebê?"", ""A remoção da placenta é feita para evitar que a mulher morra?"", ""O cirurgião realmente coloca a mão dentro do útero para remover a placenta?"", ""Para que serve a remoção da placenta?"", ""Existe um jeito mais fácil de remover a placenta após o parto?"", ""A remoção da placenta acontece sempre dessa forma?"", ""Ainda enfiam a mão lá dentro para remover a placenta?"", ""A retirada da placenta só é feita em alguns casos?"", ""A remoção da placenta precisa ser feita manualmente, com a mão?"", ""A remoção manual da placenta é feita com a pessoa ainda viva?"", ""A placenta precisa ser retirada de qualquer jeito após o parto para evitar infecção?"", ""Depois do parto, é necessário abrir ou dilatar novamente para remover a placenta?"", ""O que acontece se a placenta não for retirada após o parto ou cesárea?"", ""A remoção da placenta precisa doer assim?"", ""Na remoção da placenta, eles realmente aplicam anestesia?"", ""É estranho um médico colocar a mão na vagina para remover a placenta?"", ""Se o médico sabia que a placenta não foi retirada e preferiu não remover, deveria ter feito outro procedimento ou tratamento?"", ""A mulher pode morrer por causa da remoção da placenta?"", ""Hoje em dia também se faz isso para ajudar a expulsar a placenta após o parto?"", ""A remoção da placenta é feita com a mulher consciente ou inconsciente?"", ""Seria melhor fazer uma cirurgia em vez de tentar remover manualmente a placenta no parto?"", ""A placenta é removida pelo canal vaginal?"", ""É possível remover a placenta sem enfiar a mão dentro da vagina ou do útero?"", ""Há alguma forma de diminuir as chances de a placenta precisar ser removida manualmente após o parto?"", ""A pessoa poderia ter mais um filho?"", ""É melhor fazer a embolização das veias uterinas antes da FIV ou depois do nascimento do bebê?"", ""No parto normal, a mão é introduzida na vagina?"", ""Quais são os prejuízos que a mulher pode ter posteriormente após o parto?"", ""O médico só poderia ter esse palpite porque o bebê é menino?"", ""Em que parte a pessoa colocou a mão para remover a placenta?"", ""Por que a mulher ficou com anemia após ficar com a placenta retida?"", ""Se um bebê acabou de sair, como não caberia um braço na vagina naquele momento?"", ""O rombo provocado pela retirada da placenta fechou depois de um tempo?"", ""No parto, não foi dada anestesia?"", ""Por onde o profissional introduziu a mão para remover a placenta?"", ""Antes de puxar a placenta, costuma-se fazer massagem e esperar primeiro?"", ""Não pode puxar o cordão umbilical para retirar a placenta?"", ""Deus não poderia ter presenteado a maternidade com verdadeiro prazer ou, no mínimo, sem sofrimento?"", ""É possível retirar o bebê do útero, remover um tumor e colocá-lo de volta?"", ""É possível comer a placenta depois do parto?"", ""É possível retirar o bebê e colocá-lo de volta ao útero, considerando que a placenta fica colada à parede do útero e que o feto está envolto pela bolsa amniótica?"", ""Na remoção da placenta após o parto, o fato de o caminho já estar aberto faz doer menos?"", ""Por que o médico puxa a placenta depois que o bebê nasce?"", ""Qual é o nome da doença ou condição que faz algumas gestantes recusarem anestesia?"", ""É normal precisar de remédio na veia para a placenta sair depois do parto?"", ""Por que você não percebeu a retirada da placenta?"", ""Uma piada pode fazer a mulher sentir novamente a dor da remoção da placenta?"", ""Que exame ou procedimento é esse mostrado no vídeo sobre a remoção da placenta?"", ""Durante o parto normal, o profissional realmente introduz o braço no útero para limpar o tecido placentário?""]",456dd922ad143025df177c730f7d0d21ddf53649f65798237c8f347f1fd2c62a
45,87,"['sus', 'pelo', 'natal', 'pré', 'realizado', 'analgesia', 'escolha', 'lei', 'gestante', 'escolher']",50,"[""No SUS, a gestante tem essa opção de escolha em relação ao parto?"", ""É possível escolher o tipo de parto, como a cesárea, pelo SUS?"", ""O que é preciso fazer para conseguir uma cesariana por escolha pelo SUS?"", ""No SUS, a gestante pode escolher a posição em que vai parir?"", ""É verdade que, mesmo com a lei da cesariana, é obrigatório ter parto normal pelo SUS?"", ""No SUS, podem recusar a presença de acompanhante no parto?"", ""A gestante tem direito de escolher o tipo de parto pelo SUS apenas em alguns estados?"", ""É possível ter parto humanizado pelo SUS?"", ""Quem escolhe o tipo de parto no SUS: a gestante ou o hospital?"", ""Isso também vale para o parto realizado pelo SUS?"", ""No hospital do SUS, é permitida a presença do pai durante o parto?"", ""Como conseguir uma cesárea agendada pelo SUS?"", ""O SUS não libera analgesia de parto, né?"", ""Por que o SUS ainda obriga a gestante a ficar deitada na hora do parto?"", ""É possível receber anestesia no parto normal pelo SUS, dependendo do hospital?"", ""No SUS, o parto é realizado nessa posição?"", ""Uma gestante atendida pelo SUS pode escolher fazer cesárea a partir de 39 semanas sem indicação clínica?"", ""É possível conseguir analgesia epidural para o parto pelo SUS?"", ""Quem vai dar à luz pelo SUS tem direito de escolher a posição do parto, como em pé ou agachada?"", ""O SUS faz pré-natal?"", ""O SUS oferece acompanhamento pré-natal para a mulher grávida?"", ""Alguém conhece alguém que conseguiu usar analgesia no parto pelo SUS?"", ""Os hospitais do SUS perguntam à gestante como ela quer ter o bebê?"", ""O parto com analgesia epidural foi realizado pelo SUS?"", ""Existe risco de a mãe ou o bebê morrerem no parto na fila do SUS?"", ""Se, no dia do parto na semana seguinte, não houver feridas aparentes de herpes, o parto normal pode ser realizado?"", ""Você pode me enviar o modelo de plano de parto?"", ""Existe risco de a gestante ficar deficiente se se mexer durante a raqui anestesia?"", ""No pré-natal é possível saber se a gestante pode ter parto normal ou se precisará de cesárea?"", ""Como é feito o tratamento da fístula obstétrica pelo SUS?"", ""Existe algum médico em Bauru/SP que atenda pelo Bradesco Saúde e faça pré-natal?"", ""O modelo de plano de parto funciona no SUS?"", ""Por que a mulher não sabia o sexo do bebê se podia ir ao SUS?"", ""O que uma gestante atendida pelo SUS pode fazer para evitar que a episiotomia seja feita no parto?"", ""Nas maternidades do SUS há pulseirinha que apita?"", ""A mulher que teve o parto pelo SUS ficou sozinha no quarto da maternidade?"", ""Como uma gestante não conseguiu fazer nem uma ultrassonografia pelo SUS?"", ""Estou com 30 semanas de gestação e ainda não tenho esses documentos; preciso solicitar algo no SUS?"", ""A cesárea do Matteo foi por escolha ou os médicos acharam melhor?"", ""Parto humanizado é um atendimento melhor no hospital?"", ""O SUS realiza esse tipo de cirurgia robótica para hérnia umbilical e diástase pós-gravidez?"", ""O plano de parto funciona para quem vai dar à luz em hospital público pelo SUS?"", ""Existem relatos de partos bons no SUS?"", ""Como encontrar uma doula pelo SUS?"", ""É lei que a gestante tem direito de escolher o tipo de parto depois das 39 semanas?"", ""O SUS cobre o exame da 22ª semana para verificar o encurtamento do colo do útero?"", ""O ultrassom endovaginal não é realizado pelo SUS?"", ""Como vocês foram parar nas clínicas para o acompanhamento da gravidez pelo SUS?"", ""Se meu endereço foi atualizado e não aparece mais como Nova Iguaçu, ainda vou encontrar essa barreira para marcar as consultas e exames do pré-natal no SUS?"", ""No SUS, uma gestante pode ser obrigada a induzir o parto e só fazer cesárea se o bebê estiver em sofrimento?""]",525ccab4f3839e93a71ab6129e555e0ea9bef83e49059aeb2d9523ddec8c6fba
46,125,"['filho', 'outro', 'vocês', 'vão', 'ter', 'quer', 'filhos', 'você', 'segundo', 'vai']",50,"[""Você vai ter mais um filho?"", ""Você vai ter outro filho?"", ""Você pode ter outro filho?"", ""A pessoa planeja ter mais um filho?"", ""Você vai ter outro bebê?"", ""Você vai ter outro filho ou filha?"", ""Você vai ter o quarto filho?"", ""Você quer ter outro filho?"", ""Vocês estão tentando ter outro filho?"", ""Você não quer ter outro filho?"", ""Você pretende ter outro filho?"", ""Você vai ter um filho?"", ""Você vai ter outra filha?"", ""Você está falando do seu próximo filho?"", ""Vocês estão esperando um filho?"", ""Você vai ter filhos?"", ""Você terá seu segundo filho, sim ou não?"", ""Vocês vão ter outro filho?"", ""Quando vocês vão ter outro filho?"", ""Por que vocês querem ter outro filho?"", ""Vocês estão realmente esperando um filho?"", ""Sua mãe terá outro filho?"", ""Vocês não podem ter outro filho?"", ""Você vai conseguir ter um filho?"", ""Quantos filhos você tem?"", ""Se a mãe é A+ e o pai é B+, com filhos B+, isso pode causar icterícia no feto?"", ""Uma mulher que nunca teve filho pode ter mastite?"", ""Como reagir, como serva do Senhor, quando um dos dois quer ter filho e o outro não quer?"", ""Por que o filho é um bebê reborn?"", ""O que foi feito para conseguir ter um filho?"", ""O que foi tomado durante a gestação para ajudar no desenvolvimento intelectual do segundo filho?"", ""É normal que a vagina fique mais larga depois de ter filho?"", ""Vocês podem orar pela minha família para que consigam ter um segundo filho, já que isso está muito difícil?"", ""As meninas vão ter que passar por um parto?"", ""Quando a Olívia estiver brincando em parquinhos, vocês vão mandá-la dividir os brinquedos com outras crianças?"", ""Você já escolheu o elemento do seu segundo filho?"", ""É normal ficar tão desconfortável só de pensar em dar à luz a ponto de repensar se realmente quer ter um filho?"", ""O filho da Borges é do Pablo?"", ""Para ter um filho ou uma filha é preciso fazer sexo?"", ""O filho não cresce?"", ""O bebê também era filho dela?"", ""Quando você vai contar para as crianças?"", ""Você pode ter quatro meninos?"", ""Quantos bebês ainda terei na vida?"", ""Qual é o sexo do próximo filho?"", ""Com que idade a avó de vocês teve a mãe de vocês?"", ""Ela vai ter condições de criar o bebê?"", ""Quantos filhos ela está esperando?"", ""Como você criou sua filha?"", ""Isso quer dizer que vocês vão ter relações sexuais para tentar ter outro bebê?""]",c006d388573e42743e689817c9bea6e87b1b409932f97edb286e5931013291c0
47,96,"['oxigênio', 'respirar', 'procedimento', 'luvas', 'rápido', 'sonda', 'precisar', 'esse', 'uti', 'tão']",50,"[""O bebê consegue respirar naturalmente?"", ""O bebê já deixou de usar oxigênio?"", ""Por que o bebê ainda está usando oxigênio?"", ""Por que não tiram um pouco para o bebê respirar?"", ""Por que o bebê ainda está precisando de oxigênio?"", ""O bebê não vai conseguir sair do oxigênio?"", ""O bebê vai conseguir respirar sozinho?"", ""O bebê passa todo esse tempo sem respirar?"", ""A enfermeira não se importa com o bebê ficar sem oxigênio?"", ""Como alguém pode não deixar o bebê respirar e ainda achar que isso está certo?"", ""Por que fizeram isso com o bebê se ele estava se engasgando?"", ""Seria melhor dar uma pausa para o bebê respirar, já que ele ficou aflito?"", ""Por que empurraram o bebê tão rápido?"", ""Esse bebê vai precisar usar oxigênio a vida toda?"", ""O bebê precisará usar oxigênio para sempre?"", ""Esse bebê precisou de suporte respiratório por muito tempo?"", ""O bebê corre risco de engasgo?"", ""Por que o enfermeiro não deu ao bebê aos poucos?"", ""Por que esse bebê fica recebendo oxigênio continuamente?"", ""Os bebês não param para respirar durante esse procedimento?"", ""Esse bebê vai precisar usar oxigênio por toda a vida?"", ""É normal um bebê chegar a perder o fôlego assim?"", ""Esse bebê vai precisar ficar sempre com oxigênio ou está usando sonda?"", ""Por que o bebê está com oxigênio no nariz?"", ""Como o bebê não se engasgou?"", ""O que é uma cesárea corporal e o que preciso saber sobre esse procedimento?"", ""No cuidado de um bebê na UTI, é seguro usar a mesma luva para tocar em várias superfícies?"", ""O que é sepse neonatal?"", ""Por que, mesmo depois de crescer, ele ainda não retirou a sonda respiratória?"", ""O meu filho ficou na UTI quando nasceu?"", ""Onde estão as luvas no cuidado desse bebê?"", ""Um bebê consegue mastigar mesmo sem ter dentes?"", ""Por que os bebês nas UTIs ficam com os braços dessa forma?"", ""É საჭირო precisar de gaze e esparadrapo para cuidar do umbigo do bebê?"", ""A bebê pode não estar pegando o peito direito ou pode ter língua presa?"", ""Por que esse bebê ainda precisa dessa cânula?"", ""A injeção para amadurecer o pulmão do bebê foi eficaz?"", ""O bebê poderia se afogar com essa rapidez, e a administração deveria ter sido feita em mais tempo?"", ""Por que o procedimento foi feito tão rápido se o bebê estava cansado e nem respirava direito?"", ""É necessário que esse procedimento com o bebê seja feito tão rápido?"", ""Por que a barriga cresceu tão rápido?"", ""Por que o bebê ainda está com a borrachinha no nariz, mesmo já estando grandinho?"", ""O bebê consegue arrancar o que está preso no peito dele?"", ""A respiração da florzinha foi feita até a fase expulsiva e, no expulsivo, foi feita a respiração em J?"", ""O bebê parecia estar engasgado e chorando?"", ""O bebê ficou com sequela respiratória?"", ""O bebê ainda está sendo amamentado?"", ""Por que o bebê continuou usando sonda?"", ""A equipe de uma UTI neonatal sabe o que está fazendo ao cuidar do bebê?"", ""Onde está a pausa na respiração do bebê?""]",d4a19da52f10e185c916c918c5092970e571904dac800a633326d1425120a0ba
48,89,"['falsa', 'barriga', 'mostrada', 'parece', 'mentira', 'vídeo', 'dela', 'verdade', 'verdadeira', 'essa']",50,"[""A barriga mostrada é falsa ou de verdade?"", ""A barriga mostrada é falsa?"", ""A barriga mostrada é falsa ou é de verdade?"", ""A barriga mostrada é de verdade ou é falsa?"", ""A barriga é falsa?"", ""A barriga pode ser falsa?"", ""A barriga mostrada no vídeo é de verdade?"", ""A barriga mostrada é falsa ou verdadeira?"", ""A barriga mostrada é de verdade ou é de mentira?"", ""Essa barriga é falsa, não é?"", ""A barriga mostrada é de mentira ou é de verdade?"", ""A barriga é de mentira?"", ""A barriga dela pode ser falsa?"", ""A barriga mostrada no vídeo é falsa?"", ""Essa barriga é falsa mesmo?"", ""A barriga mencionada é falsa ou não?"", ""A barriga dela poderia ser falsa, já que aparentemente ela não está com barriga?"", ""A barriga mostrada no vídeo é de mentira?"", ""Essa barriga é de verdade?"", ""Isso é verdade ou é barriga falsa?"", ""Essa barriga é falsa?"", ""A barriga mostrada no vídeo parece ser verdadeira?"", ""A barriga parece ser falsa, como aquelas barrigas falsas?"", ""É barriga falsa?"", ""Essa barriga é de mentira?"", ""O bebê tem as mesmas capacidades sensoriais de quando estava na barriga?"", ""O que posso fazer para igualar os seios, já que um parece ser maior e produzir mais leite do que o outro?"", ""Na situação mostrada, deve-se usar uma seringa normal ou de silicone?"", ""Por que, quando lavam louça e passam pano, a barriga delas aguenta mais?"", ""Onde está a barriga de silicone?"", ""É verdade ou mentira que não existe meia gravidez?"", ""Por que ela parece ser mãe de menino?"", ""Essa barriga é a mesma que o Lucas comprou para a Jessica e tem o mesmo tamanho que a barriga da Jessica?"", ""Por que você canta falando da nossa barriga?"", ""A barriga da Gi é verdadeira?"", ""Por que a barriga tem uma linha?"", ""Leozinho está usando uma barriga falsa?"", ""Eles abriram a barriga da mulher para tirar essa foto?"", ""Esse bebê e esse teste são de mentira?"", ""Por que ela não segurou a barriga dela?"", ""O que há na barriga dessa mulher?"", ""Seria possível recorrer a uma barriga de aluguel?"", ""Por que a bermuda dela não está molhada, mesmo com a bolsa aparentemente estourada?"", ""A bebê mostrada no vídeo é uma bebê ou uma boneca reborn?"", ""Por que a barriga da Leia não aparece?"", ""Isso é uma barriga ou uma carreta?"", ""A barriga mostrada é de borracha?"", ""Qual é o tamanho da barriga?"", ""Por que a barriga está amassada?"", ""Por que a barriga dela está desse jeito?""]",91e1411433fe3caf2a1ab10ae84d4274db89fbf6255c57b1a8a3ed8350b89d84
49,86,"['vitamina', 'b12', 'gotas', 'ui', 'd3', 'k2', 'crianças', 'dar', 'vitaminas', 'dose']",50,"[""Qual é a quantidade de vitamina D indicada para uma menina de 3 anos?"", ""Qual é a dose de vitamina D para meu filho de 10 anos?"", ""O que acontece se eu der mais de uma gota de vitamina D ao meu filho apenas uma vez; isso faz mal?"", ""Posso dar 2.000 UI de vitamina D três vezes por semana para a criança?"", ""Dar 2 gotas de vitamina D no lugar de 1 faz mal para a criança?"", ""Quais são as outras opções de vitaminas para bebês?"", ""Uma criança de 1 ano e 6 meses precisa fazer a dosagem de vitamina D antes de começar a suplementação?"", ""Para uma criança de 6 anos, a dose de vitamina D também é de uma gota?"", ""Para uma filha de 12 anos, é necessário dar vitamina D junto com vitamina K ou pode ser dada apenas a vitamina D?"", ""Quantas UI de vitamina D a pediatra indicou para a filha de 4 anos?"", ""Qual é o nome da vitamina indicada pela pediatra para a filha de 4 anos?"", ""Se os exames de vitamina D da criança estão bons, ainda é preciso suplementar?"", ""Quantas gotas de vitamina D devo dar ao meu bebê de dois meses?"", ""Qual dose de vitamina D posso dar ao meu filho de 3 anos, que pesa 18 kg?"", ""Aconteceu algo à criança depois de receber 2 gotas de vitamina D no lugar de 1?"", ""A quantidade indicada de vitamina D para as crianças é por dia ou por semana?"", ""Crianças também podem usar vitamina B12?"", ""Quantas gotas de vitamina D com K2 unificada devo dar ao meu filho de 5 anos?"", ""As crianças precisam suplementar vitamina D junto com K2, como os adultos, por causa do cálcio?"", ""É melhor fazer a criança tomar sol, já que a dose de 200 UI de vitamina D para uma criança de três anos é considerada nula?"", ""Para um bebê de 5 meses, quantas gotas correspondem à dose de 10.000 UI de vitamina D?"", ""Os bebês de 2 meses precisam de suplementação adicional de vitamina D?"", ""Depois que o bebê estiver maior, pode dar ômega 3, vitamina B12 e iodo?"", ""Para uma criança de 3 anos e 15 kg, a dose de vitamina D de 200 UI é de 3 gotas?"", ""Dar 2 gotas por engano de vitaminas A, D e Z para um recém-nascido faz mal?"", ""Por que sinto tontura, fraqueza e perda de força quando tomo sulfato ferroso e iodo?"", ""O que posso dar para a Maia dormir?"", ""As vitaminas para tentantes engordam?"", ""É necessário consultar um médico para comprar vitaminas e suplementação para tentantes, ou é possível comprar sem receita?"", ""Ao mudar da coenzima Q10 em gotas de 100 mg para o Five, qual dose devo tomar?"", ""Quantas crianças já foram assassinadas pelos próprios genitores porque não eram desejadas?"", ""Como faço para tirar o peito da minha filha de 2 anos e 9 meses?"", ""Qual é a marca da vitamina D3 de 10 mil que você tomou?"", ""Também é necessário dar a vitamina A da True Source?"", ""Você mandou manipular a vitamina D da criança?"", ""Qual é a recomendação de zinco para uma criança acima de 7 anos?"", ""A vitamina Apevitim deixa a criança estressada?"", ""Na minha cidade, a vacinação, a pesagem e a medição das crianças são feitas apenas uma vez por ano?"", ""Qual dosagem de vitamina B12 uma gestante com B12 de 270 deve manipular?"", ""A vitamina K2MK7 também é indicada para bebês?"", ""Você pode me indicar uma marca de suplemento para o meu bebê de 2 anos e 5 meses?"", ""O ar-condicionado faz mal para uma criança de 4 anos que está gripada e com tosse com secreção?"", ""Essas quatro vitaminas também são indicadas para o homem?"", ""Qual suplemento você sugere para um recém-nascido, em vez de Adtil?"", ""O Femibion 3 pode ser usado até o bebê completar 2 anos?"", ""Dar duas gotas de vitamina D no lugar de uma, apenas uma vez, também pode causar esse problema?"", ""O que acontece se eu der 2 gotas de Addera de 400 UI para o bebê por um dia?"", ""Por quanto tempo devo tomar essa vitamina após o parto?"", ""Esses sintomas podem estar relacionados à vitamina B12, já que as dores de cabeça pararam dois dias após suspender o uso?"", ""O Ferrix tem sabor melhor do que o Neutrofer para o bebê?""]",cfe73b9b39c1b9872e0f39edf12a3d8691b1c1dd3635426d6d98413023470f8b
50,84,"['peso', 'kg', 'mensagem', 'pesar', 'levar', 'quilos', 'nasceu', 'pesagem', 'medir', 'vacinar']",50,"[""Quantos quilos o bebê pesava?"", ""Qual foi o peso da bebê ao nascer?"", ""Com quantos quilos o bebê nasceu?"", ""Com quantos quilos a bebê nasceu?"", ""Com que tamanho e peso o bebê nasceu?"", ""Um bebê precisa ganhar muito peso e ficar sempre próximo da média?"", ""Com quantos centímetros e qual foi o peso de nascimento do bebê?"", ""Com quantos quilos e centímetros a bebê nasceu?"", ""Como saber se o bebê já está com o peso adequado?"", ""Preciso levar minha bebê para pesar novamente, mesmo tendo pesado ela no mês passado?"", ""Com quantos quilos a Maria nasceu?"", ""Com quantos quilos e centímetros ela nasceu?"", ""O bebê nasceu com quantos centímetros e qual foi o peso ao nascer?"", ""Preciso levar a criança novamente agora, se já fiz a primeira pesagem em fevereiro e ela estava com as vacinas em dia?"", ""Qual era o tamanho da bebê, em peso e medida?"", ""Um bebê com 1,95 kg, ou quase 2 kg, sobrevive?"", ""É preocupante que um dos meus bebês esteja com percentual de peso 10, bem abaixo do peso?"", ""É normal uma recém-nascida não estar ganhando peso, mesmo parecendo saudável?"", ""Quantos quilos tem esse bebê?"", ""Com quantos quilos e centímetros a Maria nasceu?"", ""O bebê ganhou peso?"", ""Com que peso a bebê Helena nasceu?"", ""É preocupante a minha bebê, que fez 4 meses ontem e está com 4,7 kg, estar nessa situação de peso?"", ""Você chegou a informar o tamanho com que a bebê nasceu?"", ""Qual é a opinião sobre um bebê ter dificuldade para ganhar peso?"", ""Por que essa mensagem apareceu para mim se eu não tenho filho e meu nome nunca vem para o acompanhamento de peso?"", ""Se a criança já foi pesada e registrada no sistema, isso é motivo de preocupação?"", ""Uma pesagem feita há alguns meses ainda pode ser considerada válida ou pode ser desconsiderada?"", ""O que pode explicar um bebê ter nascido com 5,270 kg e crescido tanto?"", ""É normal continuar recebendo mensagens para pesar e medir a criança mesmo estando com a pesagem em dia no posto?"", ""A pesagem mencionada é apenas para quem tem criança?"", ""É possível pesar o filhote todos os dias para acompanhar esse ganho de peso?"", ""Como sabem que o filhote ganha 100 quilos por dia?"", ""Os 700 gramas a mais devem ser considerados em relação ao peso de nascimento ou ao peso da primeira consulta do bebê?"", ""O que significa o sistema retornar \""indiferente\"" ao informar o número de matrícula do bebê de 2 meses?"", ""O fato de meu marido ser Rh negativo pode explicar a diferença entre mim e minha filha?"", ""Por que não levar a bebê ao pediatra agora?"", ""A mensagem para levar as crianças para vacinar, pesar e medir também é destinada à mãe de um bebê de 6 meses?"", ""A circunferência da cabeça de um bebê é maior do que a de uma mão?"", ""Como é a dor de um bebê de 3 a 5 quilos saindo do corpo?"", ""Um bebê de 32 semanas com 1,600 kg, classificado como PIG constitucional, ainda é considerado abaixo do peso?"", ""A filha da pessoa era grande desde bebê ou teve um estirão de crescimento depois?"", ""Com 45 kg e um bebê que nasceu com 3.600 gramas, seria possível ter tido parto normal?"", ""Um bebê que nasce com 3.500 g e 52 cm é considerado pequeno?"", ""Você chegou a conversar com um médico do posto ou com um pediatra?"", ""Quais são os riscos de um bebê nascer com 5,2 kg?"", ""É preciso levar algum documento ao CRAS sobre a medição e a pesagem da criança?"", ""É possível um bebê ter cólica desde o nascimento?"", ""Devo me preocupar por ter esquecido de levar a criança para pesar e medir neste mês?"", ""Ela falou o peso e o tamanho do bebê?""]",8a74bda739dd1595ea77ee322a84d43a05993c30c81a28d4e14270ef3b02c4e2
51,100,"['tudo', 'certo', 'parto', 'deu', 'bem', 'ocorreu', 'acompanhante', 'foi', 'ela', 'conseguiu']",50,"[""O parto foi normal?"", ""O médico chegou a concluir o parto?"", ""O parto foi feito para dar certo?"", ""Foi um parto normal?"", ""O parto ocorreu tudo certo?"", ""Como foi o parto dessa gestação?"", ""Tudo correu bem no parto?"", ""O médico realizou o parto?"", ""O parto da gestante deu tudo certo?"", ""O parto ocorreu bem?"", ""O parto deu tudo certo?"", ""O parto correu tudo bem?"", ""Ela disse que passaria por tudo aquilo de novo no parto?"", ""Houve alguma complicação ou algo anormal aconteceu no parto?"", ""O parto não doeu?"", ""Como foi tudo durante o parto?"", ""O que aconteceu para que ela tivesse tantas complicações no parto?"", ""Deu tudo certo com a evolução do trabalho de parto?"", ""A gestação e o parto deram tudo certo?"", ""O parto será normal?"", ""O parto vai correr tudo bem?"", ""O parto mencionado foi particular?"", ""Ela teve o parto em casa?"", ""Ela conseguiu ter o bebê por parto normal?"", ""Ela conseguiu ter um parto normal?"", ""A bisavó faleceu em consequência do parto?"", ""Ela estava feia durante o trabalho de parto?"", ""Em qual hospital ocorreu o parto?"", ""Guilherme vai desmaiar no parto?"", ""Na hora do parto, é possível chamar a polícia e exigir o direito ao acompanhante?"", ""Os partos das outras meninas também foram normais e rápidos como o de Eloisy?"", ""Essa pessoa vai passar por um parto novamente?"", ""Ela esperava que o bebê nascesse saudável?"", ""O parto em casa da Kariane ocorreu bem?"", ""É normal, no parto, o médico cortar a bolsa e retirar o bebê?"", ""Os documentos das taxas de parto devem ser solicitados antes do parto ou depois do parto?"", ""Ela recebeu orientação sobre o resguardo no pós-parto?"", ""O parto foi dentro da água?"", ""Quem será o acompanhante no parto?"", ""O pai da criança não ajudou nesse processo durante as contrações e o parto?"", ""Essa menina foi ao hospital para parir sozinha, sem a presença de avó, tia ou prima?"", ""Qual é a evolução dele na UTI?"", ""A parturiente chegou a ir ao chuveiro para relaxar?"", ""A morte dela no parto pode ter sido erro médico?"", ""O que você está testemunhando quer dizer que está tudo bem meninas engravidarem à vontade, como se isso não desse errado?"", ""Deu tudo certo na indução com a bolinha de Foley?"", ""Por que a mulher não deu à luz no hospital?"", ""Você conseguiu ter parto normal ou precisou fazer cesárea?"", ""O acompanhante da gestante não estava presente no parto?"", ""O parto foi natural?""]",7f0f40c85f41b81e9deb38511ce01fe13429c0a25abb4b720a1aaa704a2a4d07
52,86,"['eclâmpsia', 'pressão', 'pré', 'arterial', 'alta', 'risco', 'parceiro', 'afetar', 'baixa', 'hellp']",50,"[""É possível evitar a pré-eclâmpsia que pode aparecer a partir de 20 semanas de gravidez?"", ""Você sabe o que pode ter causado essa pressão alta durante a gravidez?"", ""Quais dicas ou cuidados devo ter nesta nova gravidez após ter tido pré-eclâmpsia grave na gestação anterior?"", ""É possível ter pré-eclâmpsia mesmo quando a pressão está sempre normal nas consultas de pré-natal?"", ""O que fazer em caso de pré-eclâmpsia tardia na gestação?"", ""Quem não tem pressão alta, mas está com gravidez de alto risco, também pode apresentar pré-eclâmpsia?"", ""Na gravidez, uma pressão de 140/30 é normal ou pode indicar pré-eclâmpsia?"", ""A pressão de 9 por 10 durante a gravidez é normal?"", ""Com 23 semanas de gravidez e pressão de 80x60, isso é motivo de preocupação?"", ""A gestante sente algum sintoma relacionado à pré-eclâmpsia?"", ""Na gravidez, a pressão de 130/80 é considerada alta?"", ""Em caso de alto risco de pré-eclâmpsia, com quantas semanas a gestação é interrompida?"", ""A pressão baixa na gravidez pode ficar ainda mais baixa e afetar o bebê?"", ""Durante a gestação, quem tem pressão baixa de 10/6 não tem risco?"", ""O que fazer se a pressão arterial, que normalmente é 10/7, subir para 12/8 durante a gravidez?"", ""A gravidez só é considerada de risco quando a gestante tem problemas de pressão arterial e diabetes?"", ""É normal na gravidez a pressão ficar em 8 por 7, com batimentos cardíacos de 114 e a visão escurecendo?"", ""Ter pressão alta na hora do parto é grave?"", ""Gestantes com pressão baixa, como 10/6, não têm risco?"", ""Esses sintomas podem indicar pré-eclâmpsia na gestação?"", ""Qual é a relação entre ter um parceiro fixo e a pressão alta na gravidez?"", ""É normal a pressão de uma gestante ficar sempre baixa, em torno de 10 por 6 ou 11 por 6?"", ""Faz sentido induzir o parto por pressão alta e alteração nos exames de pré-eclâmpsia se os comprimidos alteram a pressão arterial?"", ""Por que a pré-eclâmpsia não foi mencionada?"", ""É normal a pressão arterial continuar desestabilizada 14 dias após o parto, depois de picos no final da gravidez?"", ""O lúpus sistêmico já existia e só se manifestou no período pós-parto por causa do estresse?"", ""A icterícia ao nascer pode afetar o resultado do teste do olhinho?"", ""A anemia forte e o lúpus sistêmico, mesmo controlado, podem ser o motivo de o bebê não estar se desenvolvendo com 20 semanas de gravidez?"", ""Contrair varicela com 10 semanas de gravidez pode afetar o bebê?"", ""É seguro ter outra gravidez depois de ter tido pré-eclâmpsia e síndrome HELLP?"", ""O tipo sanguíneo da mãe e do pai pode ter relação com o CIUR e com o alto risco de pré-eclâmpsia na gravidez?"", ""Quais são os riscos de uma gestação com sinequia?"", ""É possível identificar a pré-eclâmpsia apenas com exame de sangue?"", ""Como você está agora após ter tido pré-eclâmpsia no pós-parto?"", ""É verdade que a anemia grave e a pré-eclâmpsia pós-parto aconteceram porque o parto foi induzido?"", ""É normal ter esse problema nas mãos desde as 30 semanas de gestação, estando com 31 semanas e na segunda gravidez, após ter tido pré-eclâmpsia na primeira gestação?"", ""Por que a probabilidade de pré-eclâmpsia é maior em uma nova gestação com o mesmo parceiro?"", ""Tomei dois comprimidos de naratriptana e posso estar grávida; isso pode ser um problema?"", ""Com 36 anos e na terceira gestação, há risco de desenvolver pré-eclâmpsia?"", ""A esposa teve pré-eclâmpsia durante o parto e no pós-parto?"", ""Esse tratamento com metildopa, Somalgin Cardio, Prevcal 500 e colina pode prevenir a pré-eclâmpsia?"", ""Como está hoje a gestante que foi diagnosticada com pré-eclâmpsia e estava aguardando completar 37 semanas para realizar o parto?"", ""Por que o meu primeiro exame morfológico indicou baixo risco de pré-eclâmpsia antes de 37 semanas, mesmo eu não tendo pressão alta e tendo varizes no útero?"", ""É possível ter pré-eclâmpsia 11 dias após o parto?"", ""Se a pressão arterial fica em torno de 10 ou 11 e não aumentou até agora, isso caracteriza pré-eclâmpsia?"", ""O parceiro é o responsável pela pré-eclâmpsia?"", ""É normal a pressão continuar alta e a dor de cabeça persistir na gravidez, mesmo usando esses medicamentos?"", ""Como posso ajudar minha esposa, que está grávida e tem pressão alta, crise de ansiedade e diabetes gestacional?"", ""O homem interfere na pressão arterial da mulher?"", ""Você teve pré-eclâmpsia e pode compartilhar um pouco da sua experiência?""]",888af07aae85d74b22d0c25f2c064dd26ccb70b258095dd854f8ec055dc2b6e7
53,87,"['plano', 'saúde', 'carência', 'convênio', 'reembolso', 'cobre', 'cobertura', 'parto', 'contratar', 'custos']",50,"[""Existe um plano de saúde apenas para o parto?"", ""O parto pode ser feito pelo plano de saúde da empresa?"", ""O que fazer quando o plano de saúde disponibiliza apenas um hospital para realizar o parto?"", ""Como devo proceder para manter o plano de saúde até o parto?"", ""Há indicação de algum plano de saúde sem carência para parto?"", ""Ao contratar um plano de saúde que cobre apenas pronto-socorro, há desconto no valor do parto particular?"", ""Se eu tenho plano de saúde e escolhi uma maternidade para o parto, posso chegar no dia do parto e esperar que um profissional da maternidade o realize?"", ""Se eu engravidar a partir de 20/11/2025, o plano de saúde cobre o parto?"", ""O contrato do plano de saúde inclui cobertura obstétrica?"", ""O valor da maternidade já inclui o médico que fará a cesárea ou ele é pago à parte?"", ""Posso contratar o plano de saúde estando grávida de 6 semanas para fazer o pré-natal e os exames, mesmo com carência de 10 meses para o parto?"", ""É possível pagar 20 mil na maternidade sem ter plano de saúde?"", ""A carência para parto também se aplica aos planos de saúde oferecidos pela empresa?"", ""É possível contratar um plano de saúde com 30 semanas de gestação?"", ""Os planos de saúde empurram a cesárea porque o parto normal é mais barato?"", ""Pode existir plano de saúde sem carência zero em hipóteses bem específicas para parto?"", ""Como funciona o reembolso do plano de saúde para contratar uma equipe particular no parto?"", ""Há alguma informação específica sobre a carência do plano de saúde para o parto quando faltam poucos dias para terminar o prazo?"", ""Para que eu precisaria de uma maternidade privada se tenho plano de saúde e a melhor maternidade onde moro é pública?"", ""Onde posso conseguir um plano de parto?"", ""A analgesia para o parto é paga?"", ""Quais direitos meu filho tem por constar obstetrícia na carteirinha do plano de saúde?"", ""Se a gestante chegar em trabalho de parto na emergência 15 a 20 dias antes de completar a carência do plano de saúde, ela tem direito ao parto?"", ""Como funciona o reembolso da equipe de parto para gestantes?"", ""Se a pessoa chegar à emergência em trabalho de parto, consegue usar o convênio para o parto?"", ""Uma gestante de 8 meses que mora nos Estados Unidos precisa pedir a analgesia epidural no plano de parto?"", ""A maternidade São Luiz Star oferece anestesia no parto?"", ""A Unimed cobre parto humanizado pelo convênio ou é preciso pagar a mais?"", ""Uma bebê nascida com 36 semanas e 5 dias é considerada prematura para que o plano de saúde cubra a Beyfortus?"", ""O plano de parto oferece opções para assinalar as preferências da gestante?"", ""Se a gestação for omitida na contratação, a operadora pode negar consultas e exames?"", ""Posso pedir reembolso de R$ 6 mil pelo parto normal cobrado pela minha médica credenciada ao convênio?"", ""Qual é o plano de saúde que cobriu o parto na maternidade São Luiz Star?"", ""Planos de saúde com cobertura obstétrica são obrigados a disponibilizar anestesista para realizar a epidural no parto?"", ""Em qual cidade e hospital ocorreram os partos normais pelo plano de saúde?"", ""Se o bebê foi incluído no plano de saúde com 7 dias de vida, ele precisa cumprir carência?"", ""Como o plano de saúde pode negar o ultrassom solicitado para avaliar sofrimento fetal e restrição de crescimento em uma gestante de 32 semanas com gravidez de alto risco?"", ""Por onde começar a estudar sobre parto normal pelo plano de saúde no Brasil antes de engravidar?"", ""Existe planejamento familiar no posto de saúde?"", ""Por que uma empresa que visa lucro venderia um plano de saúde sem carência para parto?"", ""O seguro de saúde cobre todos os custos de um parto nos Estados Unidos?"", ""Quando irão humanizar o trabalho de parto e a saúde feminina?"", ""Como posso escolher uma cesariana pelo convênio se a médica não quiser fazer essa recomendação?"", ""Por onde começar a verificar o reembolso do convênio para que ele dê certo no parto normal?"", ""Existe algum plano para garantir cobertura para o bebê caso ele precise de UTI, mesmo faltando 60 dias para o parto da minha esposa?"", ""Você pegou o encaminhamento no posto de saúde para a maternidade?"", ""Se a gestante já faz consultas, exames e ultrassons pelo plano, esse ultrassom solicitado pela médica deveria ser coberto?"", ""Se o parto precisar ser adiantado por causa da pressão alta, a gestante consegue fazer a cesárea pelo plano de saúde?"", ""Como posso encontrar um seguro ou plano para dar continuidade ao pré-natal iniciado no Brasil estando nos Estados Unidos com cinco meses de gravidez?"", ""Por que foi colocada a cobertura de obstetrícia no plano de saúde do meu filho quando ele nasceu?""]",322c0c6b3ee97df00bc794d05478e188ccfd1bc9547466410c0c0efc5955ddbb
54,100,"['família', 'bolsa', 'recebe', 'vacinar', 'benefício', 'pesar', 'posto', 'medir', 'perde', 'quem']",50,"[""Receber Bolsa Família pode atrapalhar o recebimento do salário-maternidade?"", ""Ao solicitar o auxílio-maternidade, a pessoa perde o Bolsa Família?"", ""Quem recebe Bolsa Família pode receber auxílio-maternidade?"", ""Quem recebe Bolsa Família pode pedir salário-maternidade?"", ""Quem recebe Bolsa Família tem direito ao auxílio-maternidade?"", ""Se a esposa grávida de 8 meses der entrada no auxílio-maternidade, ela pode perder o Bolsa Família?"", ""Receber o auxílio-maternidade faz cortar o Bolsa Família?"", ""Receber salário-maternidade pode atrapalhar o Bolsa Família?"", ""Receber auxílio-maternidade faz o Bolsa Família ser cortado?"", ""O salário-maternidade suspende o Bolsa Família?"", ""Quem recebe Bolsa Família perde o benefício ao solicitar auxílio-maternidade?"", ""Quem recebe Bolsa Família deve colocar o quê ao solicitar o salário-maternidade?"", ""O Bolsa Família é cortado por causa do auxílio-maternidade?"", ""Quem recebe Bolsa Família e pede licença-maternidade perde o benefício?"", ""Quem recebe Bolsa Família pode ter direito ao salário-maternidade?"", ""É possível receber salário-maternidade mesmo recebendo Bolsa Família?"", ""Esse auxílio para grávidas do Bolsa Família só é recebido quando a criança nasce?"", ""Para quem recebe Bolsa Família, o valor a informar para o auxílio-maternidade deve ser um salário mínimo ou o valor do Bolsa Família?"", ""Se eu receber o auxílio-maternidade, o Bolsa Família pode ser cortado?"", ""Quem recebe Bolsa Família pode receber o salário-maternidade sem perder o benefício?"", ""Quem recebe Bolsa Família pode ser segurada facultativa para solicitar o salário-maternidade?"", ""Uma gestante maior de idade que mora com alguém, nunca trabalhou e não tem número do Bolsa Família tem direito ao auxílio-maternidade?"", ""Quem recebe Bolsa Família deve pedir o salário-maternidade como individual ou como facultativa para não perder o benefício?"", ""Receber Bolsa Família pode prejudicar o pedido de licença-maternidade?"", ""Quem recebe Bolsa Família e solicita o auxílio-maternidade perde o Bolsa Família ou tem o benefício cortado pela metade?"", ""Por que você está com uma bolsa de sangue?"", ""Uma pessoa de 58 anos com um filho de 16 anos precisa fazer o acompanhamento no posto para pesar, medir e vacinar o filho, mesmo tendo recebido essa mensagem?"", ""Existe alguma mulher que já teve 17 ou 19 bebês em um único parto?"", ""Por que o benefício foi bloqueado mesmo depois de ter ido ao posto para vacinar, pesar e medir as crianças?"", ""A Olívia vai conseguir falar apenas português quando estiver maior, mesmo se a família voltar para o Brasil?"", ""O que significa a mensagem do Bolsa Família pedindo para levar as crianças para vacinar, pesar e medir?"", ""Como faço para marcar a pesagem e a medição das crianças se minha agente de saúde está de férias e eu não consigo acessar as páginas pelo Caixa Tem?"", ""Quem recebe Bolsa Família precisa vacinar os filhos, inclusive um filho de 16 anos?"", ""Essa gestante não tem família, posto de saúde ou posto de família para ajudá-la?"", ""Chupar o dedo pode prejudicar a arcada dentária do bebê?"", ""Qual contribuição devo escolher, 11% ou 5%, para não perder o Bolsa Família?"", ""Essa mulher tem direito ao Bolsa Família?"", ""A embolização das veias uterinas pode atrapalhar o sucesso da FIV?"", ""Quando o bebê recebe a alta da maternidade?"", ""Uma gestante que tem dois filhos e não recebe o valor de R$ 50,00 também pode receber esse benefício?"", ""Como resolver a situação de ter perdido a data da pesagem do Bolsa Família se o posto de saúde não quer mais pesar porque já enviou a lista, mesmo constando no site do governo que o prazo vai até dezembro?"", ""O uso de Vitacid por muitos anos pode atrapalhar a gravidez?"", ""É verdade que é preciso levar as crianças para vacinar, pesar e medir para manter o Bolsa Família?"", ""Durante o pré-natal, é preciso informar ao posto de saúde que se é beneficiária do Bolsa Família para que as informações sejam enviadas ao governo?"", ""Quando uma mulher perde o bebê, a culpa é de Deus?"", ""Pagar como autônoma pode causar problema no Bolsa Família?"", ""Receber Bolsa Família traz risco de perder o benefício?"", ""Uma dona de casa que vende coisas em casa e recebe Bolsa Família deve contribuir como autônoma ou como contribuinte facultativa para ter direito ao auxílio-maternidade?"", ""Se uma mulher que recebe Bolsa Família contribuir para o INSS, isso pode prejudicar o benefício do Bolsa Família?"", ""É possível fazer a pesagem da criança em qualquer posto de saúde?""]",7608c3e4fc78d021b07dc8f50e0223df43ac62833af42caf469187cbc1e84541
55,109,"['pai', 'homem', 'quem', 'onde', 'filho', 'criança', 'dos', 'será', 'bebês', 'do']",50,"[""Quem é o pai do bebê?"", ""Quem foi o pai do bebê?"", ""De quem é o pai do bebê?"", ""Quem é o pai da criança?"", ""Será que ele é o pai do bebê?"", ""Quem é o pai desse bebê?"", ""Você sabe quem é o pai do bebê?"", ""Quem seria o pai do bebê?"", ""Quem vai ser o pai do bebê?"", ""Quem será o pai dessa criança?"", ""O bebê pode ser do seu pai?"", ""Quem será o pai?"", ""Quem vai ser o pai?"", ""Quem é o pai do bebê dela?"", ""Será que o bebê é de outro homem?"", ""Quem é o pai do filho dela?"", ""Onde está o pai do bebê?"", ""Quem será o pai do bebê?"", ""Quem é o pai do bebê dessa menina?"", ""Quem é o pai dessa criança?"", ""Quem pode ser o pai do bebê?"", ""Já descobriram quem é o pai do bebê?"", ""Quem é a mãe do bebê?"", ""Quem é o pai do menino?"", ""Onde está o pai da criança?"", ""Meu filho de 10 anos precisa ser pesado após receber essa mensagem?"", ""Um bebê sabe que precisa parar para respirar enquanto toma leite?"", ""Será que o Void vai ser pai novamente?"", ""Agora é filhinho ou filhinha do Voidizinho?"", ""Esse foi o seu primeiro filho?"", ""O rapaz será pai dos quatro bebês?"", ""O pai pulou da ponte para não pagar a pensão?"", ""Como um homem pode sair e deixar uma criança sozinha?"", ""Mães que tiram a vida desses bebês indefesos sentem remorso?"", ""De onde vêm os bebês?"", ""Se a mãe e o filho são B positivo, quais podem ser o tipo sanguíneo e o fator Rh do pai?"", ""A pessoa mencionada vai ser pai de novo?"", ""Quem é o pai dos filhotes?"", ""Quem é a mãe biológica nesse caso?"", ""Como fica o pai que pensou que o filho estava morto após a troca dos bebês?"", ""Quando será feito o teste de DNA da filha que ele teve com a modelo gringa e da menina loirinha de 10 anos?"", ""Esse homem deveria fazer um teste de DNA para confirmar se o filho é dele?"", ""O menino daquele filme da Rox é o pai do bebê?"", ""Alfred é o pai do bebê?"", ""O pai do bebê é um dos aventureiros?"", ""É normal o homem sentir que só vira pai de verdade quando o bebê nasce e pega no colo?"", ""O que o pai tem a ver com o parto?"", ""Esta gravidez é do primeiro filho?"", ""Onde essa senhora mora?"", ""O filho também era grandão?""]",5f36dabbd11123c8f7a7da5ac6b8d353b37a968d9269d367b76560c4ffbe67bf
56,83,"['mala', 'levar', 'roupa', 'roupas', 'tamanho', 'maternidade', 'hospital', 'rn', 'itens', 'coisas']",50,"[""O que é preciso levar na mala maternidade do bebê?"", ""A mala da maternidade deve ser a da mãe ou a do bebê?"", ""O lencinho foi incluído na mala da maternidade?"", ""Também é necessário levar coisas para a mãe na maternidade, além das do bebê?"", ""Você colocou a manta na mala da maternidade?"", ""Você colocou duas peças de roupa para cada troca na mala maternidade do bebê?"", ""Você está levando fraldas na mala da maternidade?"", ""O que foi usado da sua mala maternidade?"", ""Na mala da maternidade, é adequado levar três camisolas e três vestidos?"", ""O que você usou da sua mala maternidade?"", ""É preciso levar toalha para o bebê na mala maternidade, mesmo que a maternidade dê banho?"", ""Por que as mães levam tanta roupa para a maternidade?"", ""Cadê a mamadeira e a chupeta na mala maternidade?"", ""Duas toalhas de boca são pouco para levar na mala maternidade do bebê?"", ""Você levou duas saídas de maternidade para o bebê?"", ""Quais itens uma gestante deve levar para o hospital no dia do parto?"", ""Como preparar a mala maternidade para o bebê?"", ""Por que levar tanta roupa para o hospital na hora do parto?"", ""É só essa quantidade de fraldas para a mala maternidade?"", ""O que devo comprar para o enxoval do bebê na minha primeira gestação?"", ""É melhor levar roupa tamanho RN ou P para a maternidade?"", ""Você não vai arrumar a sua mala maternidade?"", ""Por que saiu da maternidade de pijama?"", ""Qual tamanho ou peso deve ter a mala para levar à maternidade?"", ""A roupa e os itens da mala maternidade são todos tamanho RN?"", ""O que devo levar em conta na hora de comprar um bebê conforto?"", ""Onde está o saquinho de roupas sujas na mala maternidade do bebê?"", ""Na saída da maternidade, a roupa do bebê por baixo era de algodão?"", ""Ter aderência por fora dificulta levar a gravidez adiante?"", ""Essa roupa é adequada para sair da maternidade?"", ""O hospital disponibiliza alguma coisa na maternidade?"", ""Para uma bebê que vai nascer no fim de agosto ou início de setembro em um hospital público sem ar-condicionado, devo montar as roupinhas com macacão, body e calça?"", ""É preciso limpar ou lavar as malas da maternidade antes de usá-las?"", ""Você não desconfia de que a Emelly Vick esteja quase grávida porque eles estão querendo comprar coisas de criança agora?"", ""Na Holanda, é obrigatório ter a enfermeira que acompanha a mãe depois da saída do hospital?"", ""Você vai levar a caderneta de vacinação da bebê?"", ""Por que levar soro fisiológico para o hospital na mala maternidade?"", ""O que você já comprou para o enxoval do bebê e o que ainda falta?"", ""Com 31 semanas de gravidez, já é cedo para lavar as roupas do bebê por medo de pegar poeira?"", ""O bebê precisa de enxoval em vez de um carro?"", ""Quantas trocas de roupa devem ser levadas na mala maternidade, considerando os dias de internação e possíveis vazamentos de cocô e xixi?"", ""Para um bebê recém-nascido que vai fazer um mês, qual tamanho de roupa é mais adequado: RN, um tamanho maior ou no tamanho certo, considerando o peso?"", ""Você pode fazer uma lista de roupas de 0 a 3 meses com as quantidades que considera ideais?"", ""A saída de maternidade é para ser usada no dia em que o bebê sai da maternidade?"", ""Você não lava as roupas para a maternidade antes do parto?"", ""A cadeira de amamentação faz falta no enxoval logo no início?"", ""Para onde devemos levar o bebê quando esse sinal no olho aparecer?"", ""O saco de dormir de zíper ficará grande ou pequeno para o bebê quando ele nascer em julho?"", ""É obrigatório ficar três dias no hospital após o parto?"", ""Está faltando alguma coisa na mala maternidade?""]",96dad5c42f5f1dc4cb2e7639fa259ec6bc40c8c643aa549114c13f61234376aa
57,69,"['emily', 'vick', 'emilly', 'grávida', 'está', 'verdade', 'sarah', 'realmente', 'brincadeira', 'verdadeira']",50,"[""A Emilly está grávida?"", ""Emily está grávida de verdade?"", ""A Emily está realmente grávida?"", ""É verdade que Emily está grávida?"", ""A Emeli está grávida?"", ""A Emily está grávida mesmo?"", ""Emilly Vick está grávida de verdade?"", ""A Emily está grávida?"", ""A Emily está grávida de verdade, na vida real?"", ""Será que a gravidez é da Emily?"", ""É brincadeira ou a Emily está grávida de verdade?"", ""É verdade que Emily Vick está grávida?"", ""É verdade que Emilly Vick está grávida?"", ""Emilly Vick está realmente grávida?"", ""É verdade que a Emilly Vick está grávida?"", ""É verdade que você está grávida, Emily?"", ""Emily Vick está grávida e vai ter um filho?"", ""Emilly Vick está grávida?"", ""É verdade ou mentira que Emilly Vick está grávida?"", ""Em que ano a Emily vai ficar grávida?"", ""É verdadeiro que Emilly Vick está grávida?"", ""Emilly ficou grávida e não contou para os seguidores?"", ""Alguém está grávida?"", ""Sara está realmente grávida?"", ""A Emily Vick está grávida?"", ""Como a criança vai ficar 16 horas sem comida quando for para a creche ou a escola, e o que pode ser feito?"", ""Ela iria querer passar pela dor do parto?"", ""Quando a Lorraine vai ficar grávida?"", ""É verdade que você está grávida da Jade?"", ""Margareth está grávida?"", ""Gessi está grávida?"", ""Quando ela vai ficar grávida?"", ""Jacqueline está realmente grávida?"", ""Por que a Emily e o Leozinho não podem ter filhos?"", ""Por que Emily fez essa cirurgia de cesárea?"", ""Por que Emilly diz para Ketlen fazer outro teste de gravidez?"", ""A gravidez anunciada é verdadeira ou é uma brincadeira?"", ""A Ely está grávida ou não?"", ""Por que a Paloma escondeu a gravidez?"", ""Se a Emily estiver grávida, o pai é o Leo ou o Void?"", ""Funk está grávida?"", ""Amanda está grávida?"", ""Katy está grávida?"", ""O vérnix realmente tirava as rugas do bebê?"", ""Qual é o nome do filho da Emily?"", ""Ria está grávida?"", ""A Emily faria algo para fazer mal ao próprio filho?"", ""O bebê de Emily é menina ou menino?"", ""Como a Emily vai ficar grávida depois de ter feito cirurgia para ficar magra?"", ""Kaleb está grávido?""]",bf86486f0680d36d1c5b4db7e27e01fe2d88f7b775be3c38b9ec04a5ac1e7a16
58,73,"['cálcio', 'magnésio', 'suplementação', 'tomar', 'deve', 'tomado', 'tipo', 'eclâmpsia', 'gestação', 'pré']",50,"[""A gestante deve tomar cálcio durante a gestação?"", ""Na gravidez, é certo tomar cálcio ou suplementação de cálcio?"", ""É necessário tomar cálcio durante a gestação?"", ""Na gravidez, o cálcio deve ser tomado ou não serve para nada?"", ""É necessário tomar suplementação de cálcio durante a gravidez quando a médica do pré-natal a indica?"", ""Quantas vezes por dia o cálcio deve ser tomado durante a gestação?"", ""Se a bula do cálcio prescrito pela médica diz que não é para grávidas, ele pode ser usado na gravidez?"", ""Quais são os malefícios da suplementação de cálcio na gravidez?"", ""Qual é o melhor horário para tomar cálcio durante a gestação?"", ""A gestante deve tomar os dois comprimidos de cálcio juntos?"", ""É melhor tomar cálcio à noite durante a gestação?"", ""Há algum caso específico em que a suplementação de cálcio na gravidez seja indicada?"", ""Na gestação, os dois comprimidos de cálcio devem ser tomados juntos ou separados?"", ""É normal sentir-se muito mal ao iniciar suplementação de cálcio na gravidez?"", ""Devo esperar completar 12 semanas de gestação para tomar cálcio, se a médica indicou o uso com 7 semanas?"", ""Como saber qual é o limite de cálcio para gestantes?"", ""O que a enfermeira disse sobre a suplementação de cálcio na gravidez?"", ""Você está suplementando cálcio durante a gestação?"", ""Na gravidez, o cálcio deve ser tomado longe das refeições e a vitamina D3 logo em seguida?"", ""É possível dividir o comprimido de cálcio durante a gestação?"", ""Qual tipo de magnésio é indicado no final da gravidez?"", ""Qual tipo de magnésio deve ser consumido no final da gravidez?"", ""Estou com 12 semanas de gravidez e tomar carbonato de cálcio 500 mg depois do jantar está correto?"", ""Por que o médico prescreveu cálcio com 33 semanas de gravidez?"", ""Uma gestante de 21 semanas deve continuar tomando cálcio mesmo tendo se sentido muito mal com o medicamento e com exames normais?"", ""Uma criança com deficiência de G6PD pode tomar outro tipo de medicamento para vermes?"", ""O Clomid deve ser tomado durante a menstruação ou após ela?"", ""O Materna deve continuar sendo tomado depois do final da gestação?"", ""Luftal Gastro Pro pode ser usado no segundo e no terceiro trimestre da gravidez, se necessário?"", ""O remédio Nutrigeston número 1 pode ser tomado com 5 semanas de gravidez?"", ""Qual tipo de iodo uma gestante deve tomar?"", ""Existe comprovação de benefício do cálcio na prevenção da pré-eclâmpsia?"", ""Tomar creatina durante a gestação faz mal?"", ""Como você conseguiu fazer a suplementação de cálcio e de AAS sem pedido médico durante a gravidez?"", ""O que realmente deve ser tomado durante a gravidez?"", ""O que devo fazer se o médico me prescreveu suplementação de cálcio na gravidez e eu estou com resistência nas artérias uterinas?"", ""Qual é a posologia do carbonato de cálcio para gestantes para prevenir pré-eclâmpsia?"", ""No convênio também estão receitando cálcio na gravidez?"", ""É correto não usar o AAS e o cálcio que a médica me prescreveu na gestação?"", ""Existe algum suplemento de cálcio em comprimidos pequenos para quem não consegue engolir comprimidos grandes na gestação?"", ""Como uma gestante em Moçambique pode adquirir cálcio?"", ""Uma gestante com 36 semanas, sem sinais de pré-eclâmpsia, deve parar de tomar a suplementação de cálcio prescrita em duas cápsulas de 500 mg por dia?"", ""Qual exame deve ser feito para avaliar a necessidade de cálcio na gravidez?"", ""Gestantes com intolerância à lactose podem tomar essa marca de cálcio?"", ""Quem tem dilatação nos rins pode tomar cálcio durante a gestação?"", ""É necessário consumir magnésio antes da gravidez?"", ""Cãibras na gravidez podem ser sinal de deficiência de magnésio?"", ""É normal o SUS prescrever cálcio para a gravidez?"", ""Qual é o melhor horário para avaliar a temperatura corporal?"", ""Após uma cerclagem feita com 12 semanas de gravidez, é possível dirigir para ir e voltar do trabalho?""]",26895da9df501433dc39e7d0f5f5fbb09dc4a637c06bebba8ac1edec879571c8
59,90,"['teste', 'positivo', 'deu', 'resultado', 'falso', 'negativo', 'testes', 'digital', 'gravidez', 'exame']",50,"[""Será que o teste de gravidez deu positivo?"", ""Como ficou o resultado do teste de gravidez?"", ""Qual foi o resultado do teste de gravidez?"", ""Qual teste de gravidez foi feito?"", ""O resultado do teste de gravidez deu positivo?"", ""O teste de gravidez deu positivo?"", ""O teste de gravidez deu positivo ou negativo?"", ""O resultado do teste de gravidez é verdadeiro?"", ""O teste de gravidez confirmou a gravidez?"", ""O teste de gravidez já deu positivo?"", ""O teste de gravidez vai dar positivo?"", ""O teste de gravidez está errado?"", ""O teste de gravidez deu negativo?"", ""Qual foi o resultado dos testes de gravidez?"", ""O teste de gravidez está positivo ou negativo?"", ""Depois de quanto tempo o teste de gravidez deu positivo?"", ""Um dos testes de gravidez estava positivo?"", ""Quando foi feito o teste de gravidez?"", ""Qual é o resultado de um teste de gravidez?"", ""A pessoa conseguiu um teste de gravidez positivo?"", ""Qual teste foi feito para confirmar a gravidez?"", ""O teste de gravidez é confiável?"", ""Esse teste de gravidez é de verdade?"", ""O resultado foi positivo para gravidez?"", ""No fim, o resultado do exame confirmou a gravidez?"", ""O diagnóstico de deficiência de G6PD feito depois pode ter sido um falso positivo?"", ""Quantos testes de farmácia você fez antes de obter um falso negativo?"", ""Como posso saber se ovulei tomando clomifeno, se ele pode causar falso positivo no teste de ovulação?"", ""Cisto e mioma podem causar falso positivo no teste de gravidez?"", ""O que significa o resultado preto no teste do repolho roxo?"", ""Como é feito o exame para detectar HPV?"", ""Por que eu fiquei com o peito roxo e sem respirar quando minha mãe me deu leite no hospital, ainda bebê?"", ""Com 47 anos, se um teste de gravidez deu positivo e outro deu negativo, qual dos dois resultados está correto?"", ""Onde posso conseguir um teste de gravidez, se na farmácia onde moro não tem?"", ""Por que continuo me sentindo assim se o teste de sangue deu positivo, a menstruação veio e o teste de farmácia deu negativo?"", ""No final, ao repetirem o teste de gravidez com a caneta digital, o resultado indicou que elas não estavam grávidas?"", ""Os testes de gravidez podem se contaminar e gerar um falso positivo?"", ""É preciso ir ao hospital fazer um exame para saber se está grávida, já que o teste de gravidez às vezes pode dar resultado errado?"", ""Havia um teste de gravidez com resultado positivo, mesmo que bem clarinho, entre os outros testes?"", ""A pessoa que fez o teste digital com resultado \""grávida 1-2\"" estava grávida?"", ""Mesmo com teste de gravidez positivo, é necessário fazer o exame de sangue e depois a ultrassonografia?"", ""Por que minha esposa teve quatro testes de farmácia positivos e um exame de sangue negativo?"", ""Por que foi feito um teste de gravidez se já parecia óbvio que ela estava grávida?"", ""Como posso conseguir o resultado do teste do pezinho pela internet?"", ""Essas condutas também valem para o teste digital de ovulação?"", ""Deve fazer um novo teste de gravidez para saber se ainda está grávida?"", ""Por que não fazer um teste para saber se está grávida?"", ""Como fazer um teste de gravidez?"", ""Como essa situação aconteceu com os testes de gravidez?"", ""Foi feito o teste de gravidez depois do sangramento?""]",5a4d50fff3b42cc2bae25bfbb86d32364b4b7221bcb9001f9bfa396e6b134868
60,65,"['barriga', 'kg', 'dura', 'crescer', 'endurecer', 'normal', 'gestante', 'cresceu', 'engordar', 'mole']",50,"[""A barriga não cresceu durante os primeiros meses da gravidez?"", ""É normal a barriga de uma gestante não crescer?"", ""É normal que a barriga de uma gestante não seja tão grande?"", ""É normal a barriga de uma gestante ter esse tamanho com apenas 4 meses de gravidez?"", ""É normal estar com cinco meses de gravidez e a barriga ainda ser bem pequena?"", ""A barriga já cresceu com um mês de gravidez?"", ""Como fica a barriga no começo da gravidez?"", ""É normal a barriga não crescer com 7 meses de gravidez?"", ""A barriga da gestante está menor?"", ""A barriga de uma gestante deveria ser pequena e não grande?"", ""Uma gestante não precisa passar pelos meses da gravidez para a barriga crescer assim?"", ""Uma gestante com seis meses de gravidez pode não ter barriga aparente?"", ""Com quanto tempo de gravidez a barriga começa a crescer?"", ""A barriga de uma gestante fica dura?"", ""É normal, com 13 semanas de gravidez, não sentir a barriga endurecer nem perceber nada na barriga?"", ""Como a barriga pode crescer de um dia para o outro na gravidez?"", ""É normal estar com 3 meses de gravidez, sem enjoos e com a barriga baixa?"", ""É normal que a barriga de uma gestante com 13 semanas de gravidez permaneça mole e sem endurecer?"", ""Por que a barriga não aparece com 6 meses de gestação?"", ""Quando a barriga fica mais baixa na gravidez, isso machuca a gestante ou o bebê?"", ""É normal estar com 13 semanas de gravidez e não sentir a barriga endurecer, permanecendo bem mole?"", ""A barriga já cresceu com 5 semanas e 3 dias de gravidez?"", ""É normal não sentir a barriga endurecer ou notar um ‘caroço’ no início da gravidez?"", ""É normal ganhar 10 quilos com 5 meses de gravidez?"", ""Por que algumas barrigas de gravidez são maiores e outras menores?"", ""É normal fazer o exame com elástico na barriga a cada dois dias nessa fase da gestação?"", ""Uma gestante com seis meses de gravidez deve se preocupar com o pé inchado?"", ""O que pode ser quando um bebê de 3 meses fica com a barriga grande, dura e inchada e não evacua todos os dias?"", ""Na gravidez, aparece um calombo na barriga que fica se mexendo de um lado para o outro?"", ""Como é o bebê com 13 semanas e meia de gestação?"", ""Estou fazendo algo errado por não estar com barrigão com 14 semanas de gravidez?"", ""É normal que a barriga fique dura o tempo todo por três dias em uma gestação de 31 semanas?"", ""É normal a barriga de uma mãe mostrar veias?"", ""É normal sentir muito movimento e pontadas rápidas na barriga, como se estivesse grávida de três meses?"", ""O corpo de uma mulher volta automaticamente ao normal depois de uma gestação?"", ""Sentir esse peso com 33 semanas de gravidez é motivo para se preocupar?"", ""É normal, durante a gravidez, o bebê ficar no limite e depois crescer e engordar no mês seguinte, mesmo com a mãe sendo baixa e o pai alto?"", ""Por que minha barriga não cresce com 14 semanas de gravidez?"", ""É normal ganhar 22 quilos até as 29 semanas de gestação, mesmo comendo pouco, tendo azia, enjoos fortes e tendo sido internada por hiperêmese?"", ""É seguro pegar peso durante a gravidez, com o bebê na barriga?"", ""É possível que eu chegue ao final da gravidez pesando 100 kg se atualmente estou com 90 kg?"", ""É normal não ter a barriga aparente com 14 semanas de gestação?"", ""É normal sentir a barriga leve e baixa com 8 meses de gravidez?"", ""É normal sentir um pequeno volume no útero com 12 semanas de gravidez?"", ""Por que a barriga de uma gestante está muito branca se o restante da pele dela não é tão branco?"", ""É normal a barriga já ficar mais saliente e as roupas começarem a apertar com 5 semanas e 2 dias de gravidez?"", ""É normal a barriga ficar dura de repente com 8 meses de gestação?"", ""É comum ter muitos episódios de barriga endurecida durante o dia na gestação?"", ""Como posso engordar na gravidez se sou muito magra e comer muito não adianta?"", ""Por que uma mulher muito magra pode ficar com uma barriga grande durante a gravidez?""]",625b9a87ce1165b1273156b06892cfef350486eaab595c9458fd81724f81156e
61,62,"['laqueadura', 'tubária', 'feito', 'há', 'tendo', 'fazer', 'mesmo', 'anos', 'feita', 'fez']",50,"[""É possível estar grávida mesmo tendo feito laqueadura?"", ""É possível estar grávida mesmo tendo feito laqueadura há 4 anos?"", ""Quem fez laqueadura há 11 anos ainda pode engravidar?"", ""Uma mulher com laqueadura ou “ligada” ainda tem possibilidade de engravidar?"", ""Depois de 11 anos de laqueadura, ainda há possibilidade de engravidar?"", ""É possível ainda engravidar após ter feito laqueadura há 15 anos?"", ""A laqueadura tem o mesmo efeito de impedir a gravidez?"", ""É possível estar grávida mesmo tendo feito laqueadura há 24 anos e com teste de gravidez de farmácia positivo?"", ""Uma mulher pode fazer laqueadura?"", ""No caso dessa suspeita de gravidez após a laqueadura, o que deu?"", ""Existe remédio para engravidar mesmo após laqueadura?"", ""É possível fazer laqueadura tubária logo após um parto normal?"", ""A laqueadura feita há 6 anos pode falhar?"", ""Quais exames são necessários para quem vai fazer laqueadura no parto?"", ""Mesmo tendo feito laqueadura há 9 anos, ficar 1 mês sem menstruar pode indicar gravidez?"", ""É possível eu estar grávida mesmo tendo feito laqueadura e com dois testes de gravidez negativos?"", ""É possível engravidar mesmo após laqueadura ou retirada das trompas?"", ""É possível ser gravidez após uma laqueadura feita há 7 meses, quando ocorre um sangramento rosado leve que só suja o papel?"", ""O que provavelmente será feito no parto, já que a médica quer induzir o parto e depois fazer a laqueadura?"", ""Você conseguiu desfazer a laqueadura?"", ""Quem fez laqueadura pode tomar esse remédio para engravidar rápido?"", ""Na terceira gestação, é melhor ter parto normal e fazer a laqueadura depois ou fazer cesárea com laqueadura?"", ""É possível estar grávida mesmo tendo feito laqueadura e estando com dois dias de atraso menstrual, dor no mamilo e barriga inchada?"", ""É possível fazer laqueadura junto com a cesárea?"", ""Você conseguiu fazer a laqueadura?"", ""A calcinha de média compressão pode ser usada por quem fez cirurgia de laqueadura?"", ""É normal sair muito líquido pela vagina depois de fazer laqueadura?"", ""É normal não ter perdido peso nove meses após ter tido o bebê, mesmo tendo feito laqueadura?"", ""Parar de tomar o Ciclo 21 para engravidar, fazer cesárea e aproveitar a cesárea para realizar laqueadura é uma opção adequada?"", ""Você não consegue combinar com um médico da sua cidade para fazer a cesárea e a laqueadura?"", ""É possível fazer a reconstrução das trompas pelo SUS após uma laqueadura feita há 17 anos para voltar a ser mãe?"", ""Há risco de a laqueadura feita pelo umbigo, em que as trompas foram cortadas e amarradas, falhar?"", ""Uma mulher diabética, após dois partos normais, pode fazer laqueadura?"", ""É preciso passar pelo planejamento familiar no cartório para fazer a laqueadura no parto?"", ""A laqueadura faz a menopausa chegar mais cedo?"", ""A paciente queria fazer laqueadura e o médico não quis realizar o procedimento?"", ""O que pode ser o líquido escorregadio e esbranquiçado que sai por dois dias após uma relação sexual, mesmo tendo feito laqueadura?"", ""Com quem devo falar na maternidade para solicitar a laqueadura no parto?"", ""É possível engravidar após um procedimento AMIU, mesmo tendo tido relação com coito interrompido?"", ""A laqueadura pode ter falhado se o teste de gravidez digital continuar dando o mesmo resultado dias depois?"", ""Existe alguma lei que permita a laqueadura logo após o parto normal?"", ""Mesmo estando laqueada, ainda há possibilidade de gravidez?"", ""O que pode causar esse sangramento e esse corrimento marrom, mesmo após laqueadura há 11 meses?"", ""Por que, após um parto normal, a laqueadura precisou ser feita com incisão como a de cesárea e não pôde ser realizada por videolaparoscopia, porque o útero estava muito dilatado?"", ""Como conseguir ajuda para fazer laqueadura?"", ""Por que não fizeram laqueadura nessa mulher?"", ""Alguém que fez laqueadura se arrependeu?"", ""Em uma mulher que fez laqueadura há 9 anos e menstruou por 2 dias, náuseas, dores de cabeça e outros sintomas podem ser sinais de gravidez?"", ""Mesmo após laqueadura, esses sintomas podem indicar gravidez antes do atraso menstrual?"", ""Como seria a realização da laqueadura tubária no parto normal para uma mulher com problema cardíaco e marca-passo?""]",9bf455fab069cc552970e3ac25e7ddd39fd450314b703f5b5c70f0ce93f18a26
62,80,"['sangramento', 'marrom', 'borra', 'início', 'café', 'semanas', 'coágulos', 'gravidez', 'cólicas', 'coágulo']",50,"[""O sangramento no início da gravidez pode indicar algum problema?"", ""Na gravidez de 6 semanas, é normal ter sangramento marrom com coágulo e estar tudo bem?"", ""É normal sair um pouco de sangue durante a gravidez?"", ""É normal que, nesta gravidez, o sangramento dure 7 dias, sendo diferente da gravidez anterior, em que durou apenas 1 dia?"", ""É normal que tenha ocorrido um pouco de sangramento no começo da gravidez e depois tenha parado?"", ""Sangramento de cor marrom no início da gravidez deve ser motivo de preocupação?"", ""Sangramento que não para na gravidez pode indicar risco de aborto?"", ""É possível que esteja tudo bem comigo e com o bebê apesar do sangramento no início da gravidez e da dor intensa?"", ""É normal apresentar sangramento marrom, bem fraco, no início da gravidez, mesmo após dois testes positivos?"", ""Sangramento durante a gravidez é normal?"", ""Na 4ª semana de gravidez, é normal o sangramento que começou marrom e depois virou vermelho?"", ""Uma gestação de 4 semanas com cólicas e sangramento pode continuar adiante?"", ""É normal ter sangramento vermelho vivo com coágulos na 6ª semana e 6 dias de gravidez, mesmo me dizendo que está tudo bem?"", ""É normal ter um sangramento marrom, em pequena quantidade e mais ralo, com 3 semanas e 6 dias de gravidez?"", ""É normal ter sangramento sem dor com 10 semanas e 3 dias de gravidez?"", ""É normal sangrar no início da gravidez mesmo com testes de gravidez positivos?"", ""É normal ter sangramento rosado por três dias no segundo mês de gravidez?"", ""O que pode causar sangramento marrom por um mês, seguido de sangramento intermitente com corrimento branco e cheiro, em uma gravidez de 5 ou 6 semanas?"", ""É normal ter borra de café, leve sangramento, cólicas e pequenos coágulos no início da gestação?"", ""É normal sair sangue rosado durante a primeira gravidez?"", ""Um sangramento bem pequeno por dois dias, na 4ª semana de gravidez, pode indicar aborto?"", ""É normal ter sangramento e um pouco de cólica com 5 semanas de gravidez há 2 dias?"", ""É normal sair sangue rosado durante a gravidez?"", ""Uma gestante de 15 semanas que sangra desde as 4 semanas pode perder o bebê?"", ""Na segunda gestação, esse sangramento pode acontecer da mesma forma?"", ""Um coágulo com material branco que saiu durante a gravidez pode ser o bebê?"", ""O que posso fazer se estiver com 7 semanas de gravidez, com sangramento leve e me sentindo mal, sem conseguir ir ao hospital?"", ""Essa dúvida sobre a gravidez de 4 semanas e o sangramento foi esclarecida em outros lugares?"", ""Durante a gravidez, o sangramento era realmente uma menstruação, com fluxo e coágulos, ou era apenas um sangramento sem fluxo?"", ""O que aconteceu com a gestação após o sangramento e os exames?"", ""A progesterona é indicada para uma gestante com 3 semanas de gravidez que está com sangramento?"", ""É normal ter sangramento após relação sexual com 24 semanas de gravidez?"", ""Quantos dias durou o sangramento em borra de café durante a gravidez?"", ""O que pode ser um sangramento em borra de café que dura três dias, com leves cólicas no primeiro dia e sem outros sintomas?"", ""Há risco de perder o bebê após um teste positivo antes do atraso e início de sangramento, com fluxo maior ontem e redução hoje?"", ""O que fazer quando uma gestante de um mês está com sangramento rosa e o médico pediu uma ultrassonografia vaginal?"", ""Se eu estiver gestante, devo ir ao médico por causa de uma bolinha dura e dolorida que caiu e sangrou muito?"", ""Como uma gestante que está perdendo sangue e se sente mal pode se cuidar enquanto está longe do hospital?"", ""É grande o risco de perder o bebê antes dos 3 meses de gravidez?"", ""É normal que, nas primeiras duas semanas de gravidez, a esposa tenha um pequeno sangramento vermelho e marrom após um teste positivo?"", ""É normal ter sangramento intenso com 12 semanas de gravidez, mesmo com o colo do útero fechado e com o coração do bebê já tendo sido ouvido?"", ""É normal sair um corrimento marrom com duas semanas de gravidez?"", ""O sangramento gestacional só ocorre quando a gravidez é confirmada?"", ""Pode acontecer de não ter sangramento de escape no primeiro mês de gravidez?"", ""Há algo a dizer sobre a situação de sangramento parecido com borra de café em uma gravidez de 4 semanas?"", ""Você soube qual foi o motivo do sangramento no início da gravidez, mesmo com os testes positivos?"", ""Uma mulher com 4 semanas de gravidez e sangramento parecido com borra de café corre risco de perder o bebê?"", ""Um sangramento no início da gravidez com 7 semanas pode estar relacionado a um aborto espontâneo, como aconteceu no ano passado?"", ""Sangramento com mais de uma semana de duração e dor insuportável na 7ª semana de gravidez podem indicar gravidez ectópica?"", ""O que fazer quando há sangramento na segunda gestação, mesmo sem dor?""]",37e1d659ad60c881f7863cf26d21185866db56180ee52fef65b2d2fd6a1769e3
63,91,"['dilatação', 'cm', 'colo', 'trabalho', 'centímetros', 'útero', 'parto', '10', 'dilatar', 'chega']",50,"[""10 centímetros de dilatação no parto é pouco?"", ""Por que, ao chegar à maternidade com 10 cm de dilatação, o parto não foi normal?"", ""A dilatação no parto vai até 10 centímetros?"", ""Como é a dilatação no parto?"", ""Geralmente as gestantes chegam ao trabalho de parto com apenas 3 cm de dilatação?"", ""No parto normal, a dilatação chega a 10 cm?"", ""Durante o trabalho de parto, é normal dilatar de 2 cm para 7 cm em menos de 30 minutos?"", ""Foram necessários 3 dias para atingir 4 cm de dilatação no trabalho de parto?"", ""É preciso deslocar alguma parte do corpo para acontecer a dilatação no parto?"", ""A dilatação faz o parto demorar?"", ""Após a dilatação chegar a 1 dedo, quanto tempo o parto deve demorar?"", ""Se o bebê não estiver na posição para nascer normalmente, ainda assim ocorre dilatação?"", ""O médico sabe que o bebê realmente vai nascer quando o colo do útero se dilatar bastante?"", ""Por que algumas mulheres não conseguem atingir a dilatação no parto?"", ""O que é dilatação no parto?"", ""A pelve também dilata durante o trabalho de parto?"", ""A dilatação permite fazer um parto normal com mais facilidade?"", ""Mesmo com 10 cm de dilatação, o parto pode não ser normal e acabar em cesárea?"", ""No parto normal, a dilatação do colo do útero precisa chegar a 15 centímetros?"", ""No parto, a dilatação do colo do útero vai se alargando para o bebê conseguir sair?"", ""O que pode ter acontecido para o trabalho de parto não evoluir e a bebê não descer, mesmo com 7 cm de dilatação?"", ""O parto normal só começa a doer quando a dilatação chega a 7 cm?"", ""Por que tive dilatação de 10 cm no parto sem sentir dor?"", ""O que acontece quando há contrações, mas não há dilatação no trabalho de parto?"", ""É possível a dilatação do colo do útero no parto ser maior que 11 centímetros?"", ""É possível estar com seis centímetros de dilatação e não sentir dor nenhuma?"", ""Não teria sido mais fácil ter ido para o hospital para poder gritar durante o trabalho de parto?"", ""A gestante deve recusar o exame de toque durante o trabalho de parto para verificar se está evoluindo?"", ""Após o parto, quantos dias a pressão demorou para normalizar?"", ""Quais técnicas de respiração e posições você fez para ajudar o bebê a descer mais rápido durante o trabalho de parto?"", ""Qual é a droga que ela tomou para não sentir dor e dormir durante o trabalho de parto?"", ""Por que fui liberada do hospital mesmo estando com 3 cm de dilatação?"", ""Você teve problemas na evolução da dilatação durante o trabalho de parto?"", ""É normal que uma gestante com a bolsa rompida, 1 cm de dilatação e sem o tampão há 15 dias seja mandada para casa pela médica?"", ""Se o bebê não respira durante o trabalho de parto, ele pode se afogar?"", ""Como tive parto normal se tive dilatação, fui dilacerada, minha vagina ficou larga e meus órgãos desceram?"", ""Quanto tempo levou para o bebê nascer depois que você estava com esses sintomas e com 1 cm de dilatação?"", ""É possível estar no período expulsivo com 6 cm de dilatação?"", ""Com 10 cm de dilatação ao dar entrada na maternidade, o bebê estava prestes a nascer em casa?"", ""A dilatação do colo do útero volta ao normal depois do parto?"", ""A força para ajudar na dilatação do colo uterino durante o trabalho de parto é a mesma de fazer força para evacuar?"", ""A contagem da dilatação no parto é feita pela gestante ou pela equipe de saúde?"", ""É normal estar com 8 cm de dilatação e ter contrações a cada 5 minutos?"", ""A dilatação só acontece quando o bebê está encaixado corretamente?"", ""A genética influencia a dilatação no parto?"", ""Se a gestante e o bebê estiverem bem, por que a dilatação ainda não aconteceu?"", ""Como a gestante deve se movimentar para ajudar na dilatação do colo do útero durante o trabalho de parto?"", ""Se a dilatação acontecesse de uma vez, a gestante poderia desmaiar?"", ""Quantos dedos de dilatação são necessários para realizar o parto normal?"", ""O que é desproporção cefalopélvica no parto?""]",feb97ff49df96efd77cbc6b628cf8e4f08980a0ea8b97340caf66b3f2589f629
64,96,"['filhos', 'condições', 'mundo', 'filho', 'criar', 'ter', 'têm', 'cuidar', 'mulheres', 'sofrer']",50,"[""Por que alguém tem filho se não tem condições de criá-lo?"", ""Por que alguém que não tem condições de ter filhos os coloca no mundo?"", ""Por que algumas mulheres continuam tendo mais filhos mesmo dizendo que dói?"", ""Por que uma mulher sem condições de cuidar de si mesma está tendo filhos?"", ""Você ainda pode ter filhos?"", ""Por que alguém teria um filho se não tem condições de se alimentar?"", ""Por que a mãe teve dois filhos se dizia que não queria ter filhos?"", ""Por que ter filhos?"", ""Por que uma mulher tão nova já tem quatro filhos?"", ""Por que mulheres hoje em dia não querem ter filhos?"", ""O que aconteceria se uma mãe não quisesse ter filhos?"", ""Por que as pessoas têm filhos?"", ""Ter filhos apenas porque a sociedade exige faz sentido?"", ""Mulheres que não podem ter filhos são menos mulheres?"", ""Por que seria principalmente com os filhos homens e não com as filhas mulheres?"", ""Por que a mulher foi feita justamente para ter filhos?"", ""Qual é o sentido de parir e não cuidar do filho?"", ""Por que essa mulher engravidou sabendo que não tinha condições de criar um filho?"", ""Como uma pessoa sem condições financeiras continua tendo filhos?"", ""Por que ela teria coragem de ter mais filhos, se tem saúde e dinheiro?"", ""Qual a necessidade de sofrer desse jeito ao ter cinco filhos?"", ""Por que uma pessoa sem condições acaba engravidando e colocando um filho no mundo para sofrer?"", ""O pai ou a mãe que escolhe dar essa vida a uma criança faz isso por amor?"", ""É errado ter filhos antes dos 18 anos?"", ""Por que ter mais um filho se já existem outros vivendo com o mínimo?"", ""É possível ter um filho mesmo tendo episódios de crise de pânico e medo de sofrer ataques de pânico durante a jornada da maternidade?"", ""Não é por medo de sofrer para parir?"", ""Pais mais velhos têm maior probabilidade de ter filhos com autismo?"", ""Você concorda com a ideia de que o governo não deve ajudar a cuidar do filho de ninguém?"", ""Foi mentira dizer que a mãe sofre muito para trazer o bebê ao mundo?"", ""Mãe solteira é considerada um monstro por não conseguir ficar com o filho, mesmo precisando trabalhar?"", ""Como a pessoa não tem filhos de até 7 anos e tem apenas filhos de 13 e 17 anos, ela deve se preocupar com a convocação para levar as crianças para vacinar, pesar e medir?"", ""A forma como a mulher traz o filho ao mundo realmente importa?"", ""A queda da natalidade no Brasil ocorre principalmente entre pessoas mais ricas?"", ""Seria uma boa ideia conseguir um emprego e contratar uma babá para cuidar da Sofia?"", ""Você é quem precisa arriscar a própria vida para trazer mais um ser humano ao mundo?"", ""Como ela vai criar essa criança?"", ""Uma mulher de 60 anos, que não teve filhos e tem escape, precisa de tratamento da mesma forma?"", ""Por que há tantos escândalos para ter uma filha?"", ""Pessoas pobres também não deveriam ter filhos?"", ""Quem define o que é estabilidade na vida de alguém para decidir quando ter um filho?"", ""Se uma mulher não tiver ninguém para ajudá-la na primeira semana após o parto, é melhor pensar antes de ter filhos?"", ""Deve-se esperar ter casa própria e mais dinheiro para ter uma criança?"", ""A filha já sabe como se faz um filho?"", ""Já existem avisos de que está na hora de o povo parar de ter filhos?"", ""Como negar que as mulheres têm vários filhos sem reclamar?"", ""Não seria mais fácil ter um bebê ou adotar um?"", ""Qual é o sentido de ter filhos se a pessoa vai maltratá-los, abandoná-los nas ruas ou entregá-los à prostituição?"", ""Dizer que a mulher tem direito de optar por não ter filhos é considerado \""lacrar\""?"", ""Quais são as recompensas de ser mãe ou de ter filhos?""]",a4f815f1a2351687b757dab0d9029773bc1ce7a202236fbbffd35bb921666c5d
65,63,"['barriga', 'falsa', 'mostrada', 'mentira', 'tamanho', 'grande', 'real', 'essa', 'verdadeira', 'desse']",50,"[""É uma barriga falsa ou uma gravidez de verdade?"", ""A barriga mostrada é de mentira ou a gravidez é verdadeira?"", ""A barriga de grávida mostrada é de mentira?"", ""A barriga é falsa ou a gravidez é real?"", ""Essa barriga de gravidez é de mentira?"", ""A barriga de gravidez mostrada é falsa?"", ""A barriga da gestante é de mentira?"", ""A gravidez dela é verdadeira ou a barriga é falsa?"", ""A pessoa mencionada está grávida de verdade ou a barriga mostrada é falsa?"", ""Essa pessoa está grávida de verdade ou a barriga é falsa?"", ""A barriga da gestante é verdadeira?"", ""Uma mulher está grávida com a barriga desse tamanho?"", ""O tamanho da barriga dessa gravidez é mentira?"", ""Essa gravidez é mentira, considerando o tamanho da barriga?"", ""A gravidez dela é real ou a barriga é falsa?"", ""A gravidez mostrada é mentira e a barriga é falsa?"", ""Essa barriga de grávida é falsa?"", ""Por que ela não mostra a barriga da gravidez?"", ""Essa gravidez é verdadeira ou a barriga é falsa?"", ""A barriga de gravidez é falsa?"", ""Essa barriga de grávida é falsa ou verdadeira?"", ""Essa barriga de gravidez é falsa?"", ""Isso é uma barriga de grávida?"", ""A barriga muito grande indica que ela está grávida?"", ""Essa é uma barriga falsa de grávida?"", ""Por que a barriga parecia ser um pano colocado para fingir que ela estava grávida?"", ""A barriga dela parecia meio dobrada no canto quando o Lucas saiu?"", ""Onde está a barriga de grávida da Leia?"", ""Por que não tem como filmar dentro da barriga?"", ""Por que você estava com a barriga grande durante o parto do Davi?"", ""Quando a pessoa fica de lado e a barriga parece puxada, isso indica que ela não está grávida, mas que está usando uma prótese de barriga de grávida?"", ""Por que ela está fazendo o chá revelação com a barriga tão grande?"", ""Dá para perceber que a barriga de grávida era falsa por baixo da calça?"", ""Algumas das pessoas que aparecem com barriga falsa estão realmente grávidas?"", ""A barriga da gestante é de silicone?"", ""Essa gravidez é de barriga de aluguel?"", ""A barriga grande dela é por causa da gravidez?"", ""Como a barriga de uma gestante pode estar desse tamanho em um vídeo se nos outros ela estava menor?"", ""Onde está a barriga da mãe grávida?"", ""É preciso que a barriga esteja grande para a mãe perceber que a filha está grávida?"", ""Por que algumas pessoas se arriscam a engravidar?"", ""A gestação mostrada é de uma mulher grávida ou de um elefante?"", ""Qual seria a melhor prova para mostrar de uma vez que a barriga da gravidez é falsa?"", ""A gravidez é falsa, já que uma parte da barriga parece estranha e o osso está muito para fora?"", ""Por que a gestante não mostra a barriga?"", ""A moça está grávida ou a barriga é falsa?"", ""Essa barriga parece ser de uma gravidez de trigêmeos?"", ""A pessoa mencionada está grávida e com barriga visível?"", ""Dois médicos não perceberam a gravidez mesmo com essa barriga?"", ""Uma barriga desse tamanho indica gravidez?""]",9e5590c77786a0315b10721624cc747d8b23f90be5e6e9c74d428656b3dda407
66,89,"['prematuro', 'nasceu', 'quantas', 'semanas', 'nasce', 'ocorreu', 'complicações', 'gestação', 'sete', 'meses']",50,"[""O bebê nasceu com sete meses de gestação?"", ""É possível ter nascido com sete meses de gestação?"", ""Com quantas semanas de gravidez foi realizado o parto?"", ""Com quantas semanas de gestação o bebê nasceu?"", ""Com quantos meses de gestação a bebê nasceu?"", ""Com quantas semanas de gestação a bebê nasceu?"", ""Com quantas semanas de gestação ocorreu o parto?"", ""Com quantas semanas o bebê nasceu?"", ""Por qual motivo a bebê nasceu com 32 semanas de gestação?"", ""Com quantas semanas de gestação ela estava no parto?"", ""Como foi o parto e com quantas semanas o bebê nasceu?"", ""Com quantas semanas de gestação ocorreu o parto prematuro?"", ""Com quantas semanas de gestação ela teve o parto?"", ""Alguém teve o bebê antes de completar 39 semanas de gestação?"", ""Ainda falta para o bebê nascer, considerando que estou com 6 meses de gravidez?"", ""Depois que o tampão saiu, o bebê nasceu com quantas semanas?"", ""Com quantas semanas de gestação ela estava quando ocorreu o parto prematuro?"", ""Se a gravidez estiver com 9 meses, quando o bebê deve nascer?"", ""Houve algum motivo para o bebê nascer prematuro?"", ""Com quantas semanas de gestação ela nasceu?"", ""Ainda falta muito tempo para o bebê nascer?"", ""A bebê que nasceu de 27 semanas em agosto está bem?"", ""Com quantos meses de gravidez a pessoa estava quando ocorreu o parto prematuro?"", ""Com quantas semanas ocorreu o parto em uma quarta gestação?"", ""O que acontece se a gestação ultrapassar 9 meses e o bebê não nascer?"", ""O que significa idade corrigida quando o bebê nasce prematuro?"", ""Um bebê bem prematuro pode sobreviver depois de meses na incubadora?"", ""O que acontece quando o bebê nasce em pé?"", ""Com qual idade gestacional deve ser marcada a consulta pré-natal pediátrica?"", ""Há notícias novas sobre a mãe e o bebê após o parto prematuro e as complicações?"", ""Em um laudo de ultrassonografia, é correto constar \""feto de 18 meses soluçando\"" ou o correto seria \""8 meses\""?"", ""Ter nascido prematuro pode fazer a pessoa ter dificuldade cognitiva ou ser \""burra\""?"", ""O desenvolvimento de uma bebê que nasceu prematura de 36 semanas é diferente?"", ""Com 29 semanas de gestação, o bebê já deveria estar em posição cefálica?"", ""O fato de o bebê não ter nascido com 9 meses de gestação tem relação com ele ter nascido roxo?"", ""O bebê já nasce com autismo?"", ""É possível retirar o bebê antes das 39 semanas de gestação?"", ""Como você e o bebê estão após o parto prematuro e as complicações?"", ""Faz sentido dizer que um feto que completa nove meses e nasce por parto normal ou cesáreo \""nasceu\""?"", ""Esse bebê prematuro vai precisar de cuidados especiais para sempre?"", ""Uma bebê que nasceu com 27 semanas é considerada prematura?"", ""Por que o bebê nasce dentro do ônibus?"", ""Como um feto pode ter 18 meses?"", ""O que acontece quando um bebê nasce com 7 meses de gestação e não precisa de incubadora?"", ""Por que a Sofia ainda não nasceu?"", ""Com quantas semanas o terceiro bebê vai nascer, se o primeiro nasceu com 38 semanas e o segundo com 39 semanas?"", ""É verdade que, quando a gestante faz o número 2, o bebê já está praticamente para nascer?"", ""Quais cuidados e orientações de alimentação são recomendados para a esposa no pós-parto após a cesárea marcada para terça-feira?"", ""Quanto tempo depois de uma cesárea ocorreu o parto normal?"", ""As semanas de gestação desse bebê podem estar erradas?""]",31fc15f90b318b6fb201d3f184d8fe32a7981501cdbe3488a2b3c772e1fe8313
67,75,"['aborto', 'retido', 'espontâneo', 'curetagem', 'boldo', 'expelir', 'perda', 'abortamento', 'tomou', 'abortar']",50,"[""Você fez exames para saber a causa do aborto?"", ""É possível abortar antes de 7 semanas de gestação?"", ""Você fez curetagem após o aborto?"", ""Com 4 semanas de gestação, será necessário fazer um procedimento ou apenas tomar medicamentos para o aborto?"", ""Até quanto tempo é possível abortar?"", ""Por que tive um abortamento incompleto?"", ""Um aborto de quase 2 meses conta como uma gravidez?"", ""Quando ocorreu com você, o aborto foi retido ou espontâneo?"", ""Quais são os riscos e cuidados após um aborto?"", ""Com quantas semanas de gestação é possível realizar um aborto?"", ""Pela sua experiência, essa situação pode ser aborto?"", ""É possível alguém abortar com 21 semanas de gestação?"", ""Depois da confirmação do aborto retido, você esperou em casa ou fez curetagem?"", ""O aborto pode dificultar uma futura gravidez?"", ""A falta de método contraceptivo é motivo para aborto?"", ""Já é possível abortar?"", ""Existe uma idade gestacional limite para o aborto?"", ""Quanto tempo depois do aborto retido você conseguiu um resultado positivo na gravidez?"", ""O que aconteceu para eu ter sofrido um aborto espontâneo com oito semanas e três dias de gestação?"", ""Havia algo que eu pudesse ter feito para evitar ou mudar esse aborto espontâneo?"", ""Como acontece um aborto?"", ""Como você descobriu que estava com aborto retido e quais foram os sintomas?"", ""O aborto é necessário?"", ""Você tomou chá de boldo para ajudar a expelir um aborto retido?"", ""Como você está após passar por um aborto retido?"", ""Os cuidados com medicamentos são suficientes para um bebê diagnosticado com G6PD?"", ""O aborto espontâneo teve relação com o fator sanguíneo?"", ""A perda da gestação química na sexta semana pode ter acontecido por causa da idade, aos 37 anos?"", ""É normal sair vários coágulos de sangue 12 dias após uma curetagem, principalmente à noite?"", ""No caso de Streptococcus positivo na gravidez, você tomou antibiótico antes do parto ou somente durante o parto?"", ""O TSH acima de 14 no primeiro aborto espontâneo e quase 5 no segundo pode ter relação com os abortos espontâneos da filha?"", ""É normal ter muitos gases após perder o bebê com 9 semanas e 1 dia de gestação?"", ""Existe alguma relação entre quase ter sofrido um aborto na gravidez e a criança nascer com autismo?"", ""Os termos \""abortamento retido\"" e \""abortamento incompleto\"" costumam ser usados na impressão diagnóstica de um laudo de ultrassom?"", ""O que posso fazer para não ter outro aborto espontâneo no início da gestação, considerando que tenho adenomiose difusa e já tive dois abortos?"", ""Quanto tempo depois de uma cesárea posso engravidar novamente?"", ""Quantos dias a menstruação demorou para voltar após a perda do bebê e o procedimento de AMIU?"", ""Depois de um aborto espontâneo com curetagem, posso engravidar novamente daqui a 3 meses?"", ""O uso de progesterona é indicado para quem teve um aborto retido e uma gravidez química?"", ""Ter uma cintura de 110 cm pode ter influenciado na perda do bebê em dezembro de 2024?"", ""O esforço físico durante os ensaios de teatro pode ter causado o aborto que aconteceu com nove semanas de gravidez?"", ""Carregar peso na gravidez pode ter relação com aborto espontâneo?"", ""Por que Deus permitiu a perda de um bebê na gestação, se a pessoa acredita em Deus?"", ""Se eu engravidar novamente, posso ter outro abortamento?"", ""O aborto seguro estraga o útero ou não?"", ""Com quantas semanas aconteceu a perda do bebê?"", ""Após um aborto há um mês e com oito testes positivos, os valores registrados no aparelho fetal Doppler podem ser sinal de um bebê?"", ""É aplicada anestesia durante a curetagem após a perda de um bebê?"", ""Após um aborto, há algum risco de ter relação sexual enquanto ainda estou com sangramento há uma semana?"", ""Se eu engravidar novamente, quais são os riscos?""]",ff055391bbe935a84bb7a94176def51d03f01c2fdadf71718faa40e84221e03c
68,79,"['sentir', 'urinar', 'dor', 'muita', 'normal', 'costas', 'andar', 'pé', 'vontade', 'semanas']",50,"[""É normal, com 4 meses de gestação, travar e sentir dor na região entre as nádegas a ponto de não conseguir andar?"", ""É normal, com 31 semanas de gravidez, sentir muita dor nas costas, dor na virilha, contrações todos os dias e urinar muitas vezes?"", ""Na gravidez de 7 meses, é normal sentir cólicas por um instante, endurecimento da barriga e vontade de urinar quase o tempo todo?"", ""É normal estar com 38 semanas de gravidez sem sentir dores, apenas sono excessivo e fome?"", ""É normal sentir muita dor pélvica com 28 semanas e 3 dias de gestação?"", ""É normal sentir muitas contrações de treinamento, cólicas, barriga baixa, peso, vontade de urinar e pressão na região íntima nessa fase da gravidez?"", ""É normal sentir uma dor intensa na parte de baixo, com 34 semanas de gravidez, como se fosse cair ou sair alguma coisa, que piora ao andar, sentar, deitar e virar na cama?"", ""É normal sentir dor na virilha o tempo todo com 36 semanas de gravidez, a ponto de dificultar andar e dormir?"", ""É normal sentir muita dor desde as 26 semanas de gravidez e estar sem comer direito?"", ""É normal sentir muita dor nas costas com 27 semanas de gravidez?"", ""É normal sentir dor no pé da barriga com 28 semanas de gravidez?"", ""É normal sentir muita dor na barriga no 4º mês de gravidez, entrando para o 5º mês?"", ""É normal sentir dor na barriga na 33ª semana e 3 dias de gravidez a ponto de não conseguir ficar sentada nem deitada de barriga para cima?"", ""É normal sentir dor nas laterais, como se fosse nos ovários, com 4 meses de gravidez?"", ""É normal, com 37 semanas de gravidez, sentir muitas dores na coluna, no pé da barriga e pressão, a ponto de travar e dificultar andar, virar na cama, deitar ou se levantar?"", ""É comum, com 27 semanas de gravidez, sentir muitas dores nas costas, endurecimento no pé da barriga e dor ao caminhar?"", ""É normal sentir dor na pelve com 31 semanas de gravidez?"", ""É normal sentir muita dor na região pélvica na 35ª semana e 5 dias de gravidez, com a dor ora intensificando, ora amenizando?"", ""É normal, com 4 meses de gestação, ter travamentos e sentir dor no final da coluna, na região entre as nádegas, a ponto de às vezes não conseguir andar?"", ""É normal sentir uma dor muito forte nas costas com 35 semanas de gravidez, como se estivesse levando uma facada nas costas?"", ""Com 31 semanas de gravidez, é normal sentir contrações de treinamento com dor descendo para a perna e muita vontade de evacuar?"", ""É normal chegar a 40 semanas e 9 dias de gravidez sem sentir dor nem cólicas?"", ""É normal sentir muita dor no pé da barriga, peso nos quadris, cólicas e vontade de urinar toda hora com 28 semanas e 3 dias de gravidez?"", ""É normal sentir dor na pelve com 32 semanas de gravidez?"", ""É normal sentir uma dor muito forte nas costas com 38 semanas de gravidez?"", ""Por que a maternidade mandou a gestante voltar para casa sabendo que a bebê continuava sentada e não viraria mais?"", ""Quando o bebê se mexe, você sente muita dor?"", ""O que pode acontecer com uma gestante que sente dores na coluna e na bexiga?"", ""É normal sentir dor na região do períneo dois meses após uma laceração de grau 3, principalmente depois de evacuar?"", ""Sentir muita pressão na pelve, com o bebê em posição pélvica, pode ser sinal de trabalho de parto?"", ""É normal sentir dor aos 8 meses de gravidez quando o bebê chuta?"", ""É normal não sentir vontade de ter relação com o esposo durante a gestação?"", ""É normal urinar com mais frequência na gravidez?"", ""Andar de moto durante a gravidez é uma atitude sensata e de cuidado com o bebê?"", ""A dor do ligamento redondo pode acontecer durante uma caminhada mais rápida na gravidez?"", ""Com quantas semanas de gravidez a gestante começa a sentir as contrações?"", ""É normal sentir muita dor de cabeça e pressão de 15/10 no início da gestação?"", ""É normal sentir leves pontadas na cabeça e choques ao se levantar da cadeira com 36 semanas de gravidez?"", ""O que devo fazer se minha esposa sentir dor no meio das costas durante a gravidez?"", ""É normal os pés incharem muito com 30 semanas e 4 dias de gravidez?"", ""É normal sentir muitas dores de contração?"", ""Como você está hoje, com 36,3 semanas, pontadas fortes na vagina, barriga dura e vontade frequente de ir ao banheiro?"", ""Mesmo sem ter saído nada, esses sintomas na 31ª semana de gravidez exigem ir à maternidade?"", ""Barriga endurecida com 23 semanas de gestação pode ser sinal de contrações do parto?"", ""É normal, com 5 semanas de gravidez, sentir como se não houvesse nada na barriga?"", ""É normal, na 33ª semana de gestação, urinar menos vezes ao dia e apenas três vezes durante a madrugada, sem dor ou ardência?"", ""É normal sentir muita fadiga, falta de ar e vontade de dormir com 5 meses de gravidez?"", ""Por que o bebê fica em cima da bexiga durante a gravidez, fazendo a gestante precisar urinar com mais frequência?"", ""É normal, com 36 semanas de gravidez, sentir vontade de evacuar, mas estar constipada?"", ""É normal sentir falta de ar, mesmo estando sentada, com 33 semanas e 2 dias de gravidez?""]",c1cefc5c547c925c2439be5a33b73727da1ba3e4be19574920b35c9a8222bff3
69,74,"['davi', 'irmão', 'irmãozinho', 'davizinho', 'ganhar', 'irmãzinha', 'irmã', 'vai', 'clarinha', 'vir']",50,"[""O Davi vai ganhar uma irmãzinha?"", ""Davizinho vai ter uma irmã ou um irmão?"", ""O Davi vai ganhar um irmãozinho?"", ""Davi vai ganhar um irmãozinho?"", ""O Davizinho vai ter uma irmãzinha ou um irmãozinho?"", ""Davi vai ter um irmãozinho ou uma irmãzinha?"", ""O filho dela vai ter um irmão?"", ""O Davizinho vai ganhar uma irmãzinha com essa nova gravidez?"", ""Vai vir um irmãozinho para o Davi?"", ""O Davizinho vai ter outro irmão?"", ""O Davizinho é o único filho ou haverá outro bebê?"", ""O bebê Davi já nasceu?"", ""Você vai ter outros filhos além do Davizinho?"", ""O Davi vai ter um irmãozinho?"", ""O Davizinho quer ter um irmão?"", ""O Dadá vai ganhar uma irmãzinha ou um irmãozinho?"", ""A Clarinha vai ganhar uma irmãzinha ou um irmãozinho?"", ""O bebê que nasceu foi o Davi?"", ""A Clarinha vai ter um irmãozinho ou uma irmãzinha?"", ""Existe a possibilidade de vir mais um irmãozinho para o Davizinho?"", ""O Davi Martins ganhou um irmão?"", ""O Davi ainda está mamando?"", ""A Clarinha vai ter uma irmãzinha ou um irmãozinho?"", ""Clarinha vai ter mais um irmão ou irmã?"", ""Vai ser mais um irmãozinho para a Clarinha?"", ""O Lucas vai ganhar um priminho ou uma priminha para brincar?"", ""Em 2026 a Jade vai vir?"", ""Com quantos meses o irmão de Alec está?"", ""A Sofia e o irmão dela são gêmeos?"", ""A bebê que está mamando é a Lavinha?"", ""Tem como evitar a colestase gestacional em uma nova gravidez?"", ""Como evitar que o bebê pegue gripe quando tem um irmão mais velho que vai para a escola?"", ""A baby Bella vai ganhar uma irmã ou um irmão?"", ""Quem está previsto para ganhar o bebê em julho de 2026?"", ""Haverá vlog do parto da Elisa?"", ""Vai vir um irmão para a Liz?"", ""Como você criou o Davi?"", ""Qual é o nome do meu irmão?"", ""Katlen está grávida e Davi vai ser irmão mais velho?"", ""Quantos dentes o Davi tem?"", ""O fato de ela ter passado a mão na barriga durante a gravação significa que vem um novo irmãozinho ou irmãzinha para o Davi?"", ""Se meu irmão tivesse sido fruto de um nascimento não desejado, ele gostaria de morrer?"", ""Você queria que o Davizinho nascesse muito grande?"", ""Você ainda vai ao mesmo hospital em que teve o Davi?"", ""Você vai ter cesárea?"", ""Em 2026, o Davizinho já nasceu?"", ""Se o bebê do chá revelação do Davi fosse menina, o nome seria Aylla?"", ""Na época mencionada, ela já tinha tido o Davi ou estava grávida de outra criança?"", ""Você vai ganhar um bebê mesmo?"", ""Anna Clara vai ter outra irmã ou outro irmão?""]",5c52dd510639b933cde1c2ae475480940fbfcf930dfc7185b71d760fb9dbd37a
70,61,"['suplemento', 'vitamina', 'suplementos', 'vitaminas', 'tomar', 'ômega', 'suplementação', 'diminuir', '000', 'pré']",50,"[""Qual suplemento vitamínico para gestante está sendo usado na gravidez?"", ""Na gestação, os suplementos mencionados devem ser tomados antes da refeição?"", ""Qual suplemento a gestante tomou durante a gravidez?"", ""Essas vitaminas precisam ser tomadas durante toda a gravidez?"", ""Quando a mulher engravida, é preciso parar de tomar esses suplementos?"", ""Qual suplementação é indicada para mim, que estou com 9 semanas de gravidez?"", ""O que uma gestante pode tomar para não passar mal ao começar a tomar vitaminas de gravidez?"", ""Na gravidez, a vitamina D que tomo, que já contém vitamina A em boa quantidade, é adequada?"", ""Posso tomar todas as vitaminas na gravidez mesmo sem estar tomando nada?"", ""Ao engravidar, é necessário parar de tomar esses suplementos?"", ""Estou grávida; posso tomar esse suplemento sem prejudicar o bebê?"", ""Por quanto tempo esse suplemento deve ser usado na gravidez?"", ""Qual é o melhor horário para tomar esse suplemento durante a gravidez?"", ""Você está tomando vitaminas durante a gravidez?"", ""Qual é a melhor opção de vitamina ou suplemento para bebê e maternidade?"", ""Com quanto tempo antes de engravidar as vitaminas começaram a ser ingeridas?"", ""A gestante precisa tomar todos esses suplementos para diminuir o risco de pré-eclâmpsia?"", ""Posso tomar vitamina D durante a gravidez, mesmo usando suplementação de cálcio 500 mg, AAS 150 mg e ômega 3?"", ""É errado tomar 10.000 de vitamina D junto com outras vitaminas e magnésio na mesma cápsula durante a gestação de 6 meses?"", ""É ideal para uma gestante tomar 12.000 UI de vitamina D por dia, como foi receitado pelo médico?"", ""O suplemento Materna precisa ser tomado até o final da gestação?"", ""Com quantas semanas de gestação se pode tomar esse suplemento?"", ""Qual polivitamínico é indicado antes da gestação, na fase em que estamos tentando engravidar?"", ""Qual é o nome do produto mencionado para suplementação na gravidez?"", ""Durante a gestação, também é necessário suplementar vitamina K2 MK7?"", ""É possível fazer suplementação na veia sem prescrição médica durante a gravidez?"", ""Uma criança com deficiência de G6PD pode tomar albendazol?"", ""O suplemento Gestamax Gold DHA em cápsulas é bom para uso na gravidez?"", ""Existe alguma vitamina ou suplemento que possa evitar ou prevenir abortos espontâneos?"", ""Quem tem pedra na vesícula pode tomar ômega 3 na suplementação antes de engravidar?"", ""Com quanto tempo após o parto posso tomar a vitamina Nutrigeston?"", ""Os suplementos para diminuir o risco de pré-eclâmpsia devem começar a ser tomados a partir de 12 semanas de gestação?"", ""Gestantes podem tomar suplemento alimentar de levedura de cerveja?"", ""Uma mulher que já tem hipertensão pode engravidar e tomar esse suplemento?"", ""A posologia do Regenesis Premium e do Materna DHA é diferente da do Regenesis e do Maternal Tradicional?"", ""Estou com 12 semanas de gravidez e tomar a vitamina Natazy DHA depois do almoço está correto?"", ""Quais são os riscos de tomar a vitamina Materna da Nestlé na gravidez?"", ""O uso de um suplemento na gravidez com vitamina A alta na forma de retinol pode ter feito mal ao bebê?"", ""Grávidas ou tentantes precisam de ácido fólico e cálcio?"", ""Ômega 3, atividade física e coenzima Q10 também podem ajudar a diminuir o risco de pré-eclâmpsia?"", ""Pode falar mais sobre os quatro suplementos citados para diminuir o risco de pré-eclâmpsia, exceto a L-arginina?"", ""Qual suplemento ou polivitamínico é indicado para uma gestante de 37 anos que acabou de descobrir a gravidez, está tomando apenas ácido fólico do SUS e ainda vai iniciar o pré-natal?"", ""Quais suplementos são específicos para quem está em tratamento de FIV?"", ""Você chegou a usar suplemento com vitamina B6 e gengibre durante a gravidez?"", ""Esses suplementos — ômega 3, vitamina D, coenzima Q10, magnésio e L-arginina — também são recomendados na fase pré-concepcional para quem teve pré-eclâmpsia severa na primeira gestação?"", ""Os suplementos também servem quando a gestante já está com pré-eclâmpsia?"", ""As vitaminas tomadas antes do bebê nascer deixam o bebê mais inteligente?"", ""Como fazer a combinação e a posologia dos suplementos para uma gestante com hipertensão crônica de 9 semanas?"", ""Posso engravidar agora, após concluir um tratamento de 3 meses para falta de vitamina D com 50.000 UI uma vez por semana?"", ""Quais vitaminas são indicadas para quem está planejando engravidar?""]",39055f607766412d4b2cf2c17df8fc409b73a8955679cf8c8ee4cc4fce961d2d
71,71,"['pós', 'após', 'hemorragia', 'parto', 'hemorroidas', 'pontos', 'sexual', 'sangramento', 'parou', 'normal']",50,"[""É normal ficar sangrando após um parto natural?"", ""O sangramento pós-parto já parou?"", ""O sangramento no pós-parto também parou?"", ""O sangramento após o parto parou?"", ""É normal sangrar em alguns dias e em outros não após o parto?"", ""Por quanto tempo durou o sangramento após o parto?"", ""O sangramento após o parto já parou?"", ""É normal ainda ter um escape de sangue 80 dias após o parto, mesmo após consulta médica e ultrassom sem alterações?"", ""É normal sentir dores e ter aumento do sangramento ao fazer exercícios poucos dias após o parto?"", ""É normal ter 4 dias de sangramento no pós-parto?"", ""Qual é o tratamento para hemorragia pós-parto?"", ""A primeira relação sexual após o parto normal costuma ser muito dolorosa?"", ""É normal o sangramento voltar 30 dias após o parto, depois de duas semanas sangrando e de um período com corrimento amarelado?"", ""Por quanto tempo saíram coágulos após o parto?"", ""É normal sangrar por 34 dias após o parto, sendo que nas outras duas gestações o sangramento durou apenas uma semana?"", ""Por quanto tempo o sangramento pode durar após um parto normal?"", ""É normal sentir muita dor no pé da barriga dois meses após o parto, antes de voltar a ter relação sexual depois do resguardo?"", ""Você precisou levar pontos após o parto normal?"", ""Você não precisou levar pontos após o parto?"", ""Depois do parto normal, quando pode acontecer a primeira relação sexual?"", ""É normal sair um pedaço muito grande de sangue ou coágulo no pós-parto?"", ""Após um parto normal, a relação sexual pode voltar a ser como era antes?"", ""Depois dos cinco dias de cama na regra dos 5-5-5 no pós-parto, o que acontece?"", ""Com quanto tempo após o parto é possível voltar a ter relação sexual?"", ""O que pode causar sangramento por dentro na minha filha após o parto?"", ""Uma comida congelada para o pós-parto pode ficar congelada por mais de 30 dias?"", ""As alterações de peso durante a gravidez e no pós-parto podem indicar um desequilíbrio hormonal?"", ""É normal a coceira da colestase continuar cinco dias após o parto?"", ""Você usou alguma pomada para tratar as hemorroidas após o parto normal?"", ""É ruim ser alertada sobre os riscos do parto e da hemorragia pós-parto antes de dar à luz?"", ""É normal que a dormência não tenha melhorado nove dias após o parto?"", ""O creme de promestrieno pode ajudar no início da incontinência urinária depois de dois partos normais e com o assoalho pélvico fino e pouco elástico?"", ""A pessoa teve alguma hemorragia em outros partos?"", ""Mesmo com teste de gravidez negativo, ainda posso estar grávida após o atraso da menstruação no pós-parto, amamentando o bebê?"", ""É normal, dois meses após um parto normal com laceração de terceiro grau, ainda ter sangramento, dores, cólicas e incômodo para urinar?"", ""Como resolver a dificuldade para segurar o xixi e o desconforto durante a relação sexual após o parto?"", ""É comum o bumbum ficar estranho depois do parto normal?"", ""O pós-cesárea dura mais dias ou mais tempo do que o parto normal?"", ""Como evitar engravidar no pós-parto se a menstruação ainda não voltou?"", ""Qual é a média de preço do laser para os pontos no pós-parto?"", ""Em uma nova gravidez, pode acontecer novamente hemorragia grave após o parto?"", ""É normal que os pontos após o parto não permitam sentar e causem ardência o tempo todo?"", ""É normal sentir dor na amamentação nos primeiros dias após o parto, como com dois dias de pós-parto?"", ""A vagina fica igual à de antes ou fica um pouco flácida após um parto normal?"", ""Mesmo sem útero, a endometriose pode ter voltado?"", ""Por que não estou vendo melhora mesmo tomando um comprimido por dia e tendo recebido transfusão de sangue após o parto?"", ""O que é laceração de grau 2 no pós-parto?"", ""Os pontos após o parto são iguais aos de um corte na testa?"", ""Como você está após o parto?"", ""É normal a menstruação ainda não ter voltado 8 meses após a cesárea?""]",ee960e660391807374eecd2e685f3eceb09b1f0ce291e42e2c7c22e7b0650ad5
72,84,"['cesárea', 'próxima', 'cesáreas', 'tentar', 'normal', 'parto', 'cesariana', 'terceira', 'ter', 'uma']",50,"[""É verdade que, depois de uma cesariana, não é possível ter parto normal em uma gravidez posterior?"", ""É possível ter um parto normal nesta gravidez, mesmo tendo feito uma cesárea no parto anterior?"", ""É possível ter parto normal nesta segunda gravidez, mesmo tendo feito cesárea no primeiro parto?"", ""É possível ter um parto normal depois de uma cesariana?"", ""Há algo que eu precise fazer ou evitar para tentar ter um parto normal após já ter tido uma cesárea há dois anos?"", ""Depois de quatro cesarianas, ainda é possível ter um parto normal?"", ""Na terceira gravidez é possível ter parto normal mesmo após duas cesáreas?"", ""Na reta final da gravidez, é necessário fazer outra cesariana ou é possível tentar parto normal?"", ""É possível ter passado por cinco cesáreas e nunca ter tido parto normal?"", ""É possível ter parto normal após uma cesárea realizada há 8 anos?"", ""Depois de uma cesárea, a próxima gestação pode terminar em parto normal ou será necessária outra cesárea?"", ""É preciso fazer outra cesárea se engravidei novamente oito meses após a cesariana anterior?"", ""Mesmo com o bebê encaixado e com cesáreas anteriores, há possibilidade de parto normal?"", ""É possível ter parto normal na terceira gravidez depois de duas cesáreas?"", ""Se a gestante não tiver passagem para o parto normal, a opção é cesárea?"", ""Uma gestante na terceira gravidez, com dois partos anteriores por cesárea e intervalo de mais de quatro anos desde a última, ainda pode ter um parto normal?"", ""Depois de uma cesárea de corte corporal por prematuridade, é possível tentar parto normal em uma próxima gestação?"", ""É possível fazer um parto natural após uma cesárea?"", ""Após uma cesárea corporal por causa de prematuridade, é possível tentar parto normal em uma próxima gestação?"", ""Como o meu primeiro parto foi cesáreo, há possibilidade de o próximo parto também ser cesáreo?"", ""Após uma cesárea de corte corporal por parto prematuro, posso tentar parto normal em uma próxima gravidez?"", ""Após uma cesárea corporal por parto prematuro, é possível tentar parto normal em uma próxima gravidez?"", ""Em uma próxima gestação, após uma cesárea com corte corporal por prematuridade, é possível tentar um parto normal?"", ""Uma gestante de 8 meses, com histórico de dois partos normais forçados, pode conseguir uma cesariana por ter medo de repetir um parto normal?"", ""É possível ter um parto natural após três cesáreas?"", ""Em uma próxima gravidez, há risco de acontecer o mesmo problema novamente?"", ""É possível fazer a extração em uma mama e, no intervalo, fazer na outra?"", ""É verdade que é preciso fazer um corte naquela região para o bebê sair no parto?"", ""É possível ter parto normal após uma miomectomia e uma cesárea, depois de um ano?"", ""Quais cuidados posso ter na gravidez de 4 meses após uma cesárea realizada em 2022?"", ""Uma mulher que foi orientada a não ter parto normal por causa do tamanho da bacia ainda pode tentar um parto normal?"", ""Uma gestante com escoliose e hérnias de disco em L3, L4 e L5 pode ter parto normal ou a cesariana é a indicação mais adequada?"", ""Como posso saber se terei passagem em um próximo parto, se no primeiro dilatei totalmente, mas o bebê não desceu e precisei de cesárea?"", ""Como é realizar a quinta cesariana?"", ""Em uma quinta gestação após quatro cesáreas, com quantas semanas deve ser realizada a próxima cesárea?"", ""Por que não foi realizada uma cesárea nesse caso?"", ""Uma mulher de 35 anos, com dois filhos e duas cesáreas anteriores, pode fazer outra cesárea para realizar a ligadura?"", ""É normal o colo do útero ficar como o da primeira imagem mesmo tendo tido três filhos, sendo um parto normal e duas cesáreas?"", ""Depois de uma cesárea por DCP, é possível tentar um parto normal em uma próxima gestação?"", ""Uma gestante com 38 semanas e histórico de cesárea anterior pode tentar um parto normal, mesmo com medo de não ter espaço vaginal?"", ""Fatores genéticos influenciam a possibilidade de parto normal quando a mãe da gestante só teve cesariana?"", ""Como está a gravidez após uma cesariana realizada há oito meses?"", ""Como uma mulher que teve o primeiro filho por cesárea e quer tentar parto normal pode saber quando o parto está próximo?"", ""Em uma futura gestação, é possível ter parto normal mesmo sem ter tido dilatação na primeira gestação?"", ""É possível ter parto normal após uma cirurgia de perineoplastia?"", ""Se o bebê continuar pélvico, ainda é possível tentar parto normal?"", ""Uma obstetra que só faz cesárea pode ser considerada atualizada?"", ""É possível ter o segundo filho de parto normal depois de uma cesárea no primeiro parto, realizada porque o bebê já estava com mais de 40 semanas, pesava mais de 4 kg e não havia dilatação nem contrações?"", ""Até quando posso ficar em casa durante o trabalho de parto ao tentar um parto normal, sem enfermeira obstetra e apenas com meu marido?"", ""Você conseguiu ter um parto normal após a cesárea mencionada?""]",ddfdcfb6eb2169ee6b543446afc066c093eebe35820bb15a82b72985aaf828ac
73,65,"['histerectomia', 'retirada', 'cirurgia', 'útero', 'retirar', 'total', 'aberta', 'parcial', 'abdominal', 'geral']",50,"[""Na histerectomia, é possível manter o colo do útero?"", ""É possível retirar o útero mesmo sem ter problemas no útero?"", ""Por que foi realizada a histerectomia?"", ""Na histerectomia, os médicos abrem no mesmo local de uma cesárea para retirar o útero?"", ""É normal sentir muita dor ao se levantar depois de uma cirurgia de histerectomia feita em 18 de dezembro?"", ""O que posso fazer agora que estou fazendo exames para retirar o útero e estou com medo?"", ""Qual é, em geral, a idade recomendada para fazer uma histerectomia?"", ""Você sabe o que é histerectomia?"", ""Qual é a pior forma de fazer a retirada do útero?"", ""É normal ainda sentir dor ao se levantar, 13 dias após uma histerectomia total abdominal?"", ""Na histerectomia, as trompas ficam soltas ou também são retiradas?"", ""A retirada total do útero pode causar flacidez?"", ""Você está se referindo à dor depois da cirurgia de retirada do útero?"", ""É normal sentir dor e peso no pé da barriga seis meses após uma histerectomia?"", ""Devo fazer uma avaliação médica após 11 dias de uma histerectomia abdominal, diante desses sintomas?"", ""É possível fazer a retirada do útero sem cortar a barriga, como no vídeo?"", ""É possível resolver, sem cirurgia, os sintomas e a possível aderência após cesárea, retirada de trompa e histerectomia total?"", ""É normal sentir peso na região da cirurgia e por dentro, em direção ao umbigo, após uma histerectomia?"", ""Existe alguma idade específica para realizar a retirada do útero?"", ""Após a retirada do útero, é possível colocar outro útero?"", ""É normal sentir dor e sair uma secreção parecida com pus, com ardor e bastante dor, seis meses após uma histerectomia?"", ""Há algum problema em retirar o útero por vontade própria?"", ""A cirurgia de retirada do útero é indicada para uma mulher de 40 anos com endometriose, dores e hemorragias frequentes?"", ""A retirada do útero com robô é segura?"", ""A barriga torta, com um lado mais baixo e outro mais alto, com dor e dormência um ano após a histerectomia precisa de tratamento?"", ""Seria confortável ter a vagina aberta para a saída de um bebê no parto?"", ""Como é o pós-operatório da cirurgia de reconstrução do períneo ou perineoplastia?"", ""No teste do pezinho, não é apenas retirada uma gota de sangue?"", ""Depois de uma cirurgia no útero, é normal o ressecamento vaginal ter acabado?"", ""Após uma salpingectomia aberta, com quanto tempo posso voltar a fazer musculação?"", ""Na retirada dos pontos de uma cesárea, não era para cortar apenas o nó da ponta?"", ""Quem fez histerectomia pode fazer esses exercícios com um mês de cirurgia?"", ""Dois meses após a histerectomia, já posso andar de moto e pegar ônibus?"", ""Estou com 3 meses de gravidez, tenho muitas varizes e medo de que isso se torne trombose; o que devo fazer agora?"", ""É normal ficar mais frouxa e soltar gases pela vagina depois de uma extectomia?"", ""Existe um tratamento mais adequado para esse problema de amamentação ou de retirada de leite?"", ""A cirurgia de retirada do útero é feita com anestesia geral?"", ""O que posso fazer para melhorar o inchaço e a dor depois de uma cirurgia feita há dois anos, após uma histerectomia?"", ""É normal sentir dor quando colocam um aparelho vaginal e retiram um pedaço para biópsia depois de uma cirurgia no útero?"", ""É normal sentir muita dor durante a relação sexual depois de retirar o útero?"", ""Qual é a necessidade da intubação na histerectomia total por laparoscopia?"", ""Diante desses riscos, seria mais prudente repensar o desejo de maternidade?"", ""Como você está se sentindo após a retirada do útero?"", ""A sua cirurgia de cesárea abriu?"", ""Qual é o nome específico da cirurgia aberta para retirar o útero?"", ""Quais são os riscos do HPV para mim após uma histerectomia total?"", ""É normal ainda sentir dor quase um mês após essa cirurgia?"", ""Por que, em muitos casos, a retirada do útero precisa ser feita por uma incisão semelhante à de uma cesariana, e não por outra forma?"", ""Você retirou apenas o útero ou também os ovários?"", ""Quanto tempo é normal ficar inchada após uma histerectomia total ou parcial?""]",9f19fe251afceb152dc800b47ef4d83535538f81e7e275a5a44fe78d4bf43f33
74,76,"['estrela', 'filhotes', 'dos', 'pai', 'ficou', 'cinco', 'meninas', 'cachorro', 'meninos', 'grávida']",50,"[""Por que a Estrela está grávida?"", ""A Estrela está grávida mesmo?"", ""De quem são os filhotes que a Estrela está esperando?"", ""A Estrela realmente ficou grávida?"", ""A Estrela está grávida?"", ""A Estrela ficou grávida?"", ""Quem é o pai dos filhotes que a Estrela está esperando?"", ""A Estrela está grávida de verdade?"", ""A Estrela está grávida ou não?"", ""Como a Estrela está grávida?"", ""É verdade que a Estrela está grávida de cinco filhotes?"", ""Vocês têm certeza de que a Estrela está grávida?"", ""A Estrela vai ter cinco filhotinhos?"", ""A Estrela está grávida e tem um filho?"", ""Quem vai ser o pai dos filhotes da Estrela?"", ""A Estrela está grávida de cinco filhotes?"", ""Os filhotes da Estrela serão meninos ou meninas?"", ""Por que a Estrela está grávida de cinco filhotes?"", ""A Estrela vai ter filhotes?"", ""Quem será o pai dos filhotes da Estrela?"", ""Como a Estrela ficou grávida se não tem namorado?"", ""Como a Estrela pode estar grávida e ainda não ter dado à luz depois de dois meses?"", ""Quantos meses de gravidez a Estrela tem?"", ""Quantos filhotes a Estrela vai ter?"", ""Com quantos meses de gravidez a Estrela está?"", ""Com quem ficou o filho ao final, na prática e legalmente?"", ""Agora é para criar os filhotes da ratazana grávida?"", ""A mãe e o pai dos filhotes podem comer os filhotes se comerem carne?"", ""Os filhotes já nasceram?"", ""Onde fica a Maternidade São Luiz Star?"", ""Onde está o pai dos filhotes da pedra grávida?"", ""Vocês já perceberam que quase todas as meninas que estavam grávidas da turma do Htalo perderam o bebê?"", ""A bebê reclamou ou demonstrou incômodo com os botões atrás do macacão?"", ""Se o resultado for Y e os bebês estiverem na mesma placenta, isso significa que são dois meninos?"", ""A Estrela estava junto com o Ovoid e com o Leozinho?"", ""Se a Estrela estava com o Leo, quem estava com o Voide?"", ""A Estrela vai continuar solteira ou vocês vão procurar um macho para ela?"", ""Onde estão as coisas para o parto da Estrela?"", ""Com qual cachorro vocês descobriram a gravidez da Estrela?"", ""O Leozinho está grávido?"", ""Os bebês são meninas ou meninos?"", ""Como a Estrela pode estar grávida se não há um cachorro macho para ser o pai?"", ""Em que dia os filhotes da barriga da Estrela vão nascer?"", ""Onde está o filhote da Estrela?"", ""Como ficou a sua gestação?"", ""Quando o bebê da Estrela deve nascer?"", ""O pai dos filhotes é realmente o mesmo?"", ""O bebê ficou com sequelas?"", ""A Estrela não estava com o Léo e a Kat?"", ""A Estrela ficou grávida após cruzar com outro animal?""]",1f58241fa69d6ae39bb64230f999467078b8ebd5ca8d4aee204446e97289e966
75,99,"['nasceu', 'matar', 'bem', 'criança', 'aconteceu', 'queria', 'situação', 'nessa', 'bebê', 'ver']",50,"[""O que aconteceu com a bebê?"", ""Você sabe o que aconteceu com o bebê?"", ""O bebê já nasceu e está bem?"", ""O bebê está bem agora?"", ""O que aconteceu com o bebê?"", ""A bebê está bem?"", ""O bebê está bem?"", ""O bebê já nasceu?"", ""A bebê já nasceu?"", ""O bebê está bem de saúde?"", ""A criança já nasceu?"", ""A mãe e o bebê estão bem?"", ""O bebê nasceu bem?"", ""O bebê nasceu?"", ""Deu tudo certo com o bebê?"", ""Como está o bebê?"", ""Como está a criança?"", ""Quando o bebê nasceu?"", ""Onde está o bebê?"", ""O outro bebê está bem?"", ""A grávida e o bebê estão bem?"", ""É só um bebê?"", ""Essa criança já nasceu?"", ""Como está a saúde do bebê?"", ""Em que dia o bebê nasceu?"", ""O bebê será registrado se a mãe matar o filho após o nascimento?"", ""Por que a bebê nasceu com farinha?"", ""A síndrome de Down só foi descoberta quando o bebê nasceu?"", ""Quase matar o bebê é considerado profissionalismo?"", ""Qual fórmula foi dada à filha?"", ""A criança afetada por tétano sobreviveu?"", ""Se a pessoa não queria a criança, por que engravidou?"", ""O fato de a criança ter contato com os fluidos do parto representa risco para o bebê ou perigo para ela?"", ""O que devo fazer nessa situação de atraso menstrual com sangramento leve?"", ""Você já tentou fazer um círculo com o dedo ao redor do umbigo para ver se o bebê responde a esse estímulo?"", ""Por que a família dela precisava entrar para ver o bebê?"", ""O bebê nasceu pelo ânus?"", ""O filho escolheu se queria nascer?"", ""O que a mãe deve fazer nessa situação?"", ""Com quem ela namorou para ter essa criança?"", ""Pode explicar o que significa dizer que o bebê está bem melhor nos céus?"", ""É possível um dia voltar a ver o bebê que se perdeu?"", ""O que havia na barriga dela?"", ""Se não é vivo, por que querem matar?"", ""Por que ele está na incubadora se está tão bem?"", ""Ela matou o bebê quando ele nasceu?"", ""Nessa situação, é necessário realizar massagem?"", ""O que aconteceu no seu parto?"", ""Por que havia tanta pressa nessa situação, se isso poderia sufocar a criança?"", ""Você queria que ele amamentasse?""]",7bdcb54ae893c36ade8d0097128e59116210dcb16cea163d7e6520e3b4a343cb
76,69,"['fralda', 'trocar', 'xixi', 'fraldas', 'cocô', 'descartável', 'usa', 'pacote', 'algodão', 'roupinhas']",50,"[""Não é preciso trocar a fralda ou colocar roupa na filha?"", ""É realmente necessário deixar de trocar a fralda do bebê por 12 horas?"", ""Há algum problema em deixar a fralda do bebê por horas se ele não estiver incomodado e a fralda for de boa qualidade?"", ""Qual tamanho de fralda a bebê usa?"", ""É normal deixar uma fralda no bebê por 12 horas, mesmo cheia de xixi?"", ""O bebê já nasce usando fralda e chupeta?"", ""É preciso colocar o cinto do bebê conforto no bebê?"", ""Essa fralda neon faz mal para o bebê?"", ""Você está falando da fralda de máxima proteção?"", ""É necessário trocar a fralda do bebê toda vez que ele acorda duas vezes à noite?"", ""Em recém-nascidos, é preciso trocar a fralda sempre que eles mamam e fazem cocô com frequência?"", ""A criança fica tensa quando está saindo das fraldas?"", ""Como é cuidar de um filho sem sentir dor e usando fralda descartável, já que nunca pude comprar?"", ""A fralda acende quando o bebê faz cocô?"", ""Qual é o tamanho das fraldas para uma bebê que vai completar 5 meses amanhã?"", ""É realmente necessário usar roupa de algodão por baixo na saída da bebê?"", ""É preciso acordar o bebê no meio da noite para trocar a fralda, considerando que ele pode dormir cerca de 12 horas?"", ""Houve algum problema por não colocar roupa de algodão por baixo na saída da bebê?"", ""Para o pai, trocar a fralda do bebê é algo fácil, sem nenhuma dificuldade?"", ""O macacão com botões atrás foi prático para a bebê?"", ""Devo comprar mais fraldas RN para este bebê, considerando que no primeiro filho foram usadas muitas fraldas por dia?"", ""Depois que o bebê nasce, a calcinha descartável deve ser usada apenas no primeiro dia?"", ""Onde as meias do bebê devem ser guardadas no enxoval?"", ""Existe algum problema em usar roupinhas de bebê mesmo que elas sejam usadas por pouco tempo?"", ""É correto não deixar a bebê mais de 3 horas com a mesma fralda de xixi e trocar imediatamente quando ela faz cocô?"", ""É deselegante pedir PIX no convite do chá de fraldas caso a pessoa não tenha tempo de comprar o presente?"", ""Seu filho com pé torto congênito já teve recidiva ou precisou trocar a órtese?"", ""Quando uma criança nasce com duas cabeças, isso foi uma pegadinha de Deus?"", ""Um bebê coberto de vernix pode usar roupas e ser pego no colo?"", ""Um cachorro usa fralda?"", ""Por que o bebê precisa vestir duas roupas?"", ""A Izadora usa fralda?"", ""O que é uma fralda de xixi?"", ""Você já usou a fralda Pampers Shortinho, do pacote verde?"", ""Por que essa fralda pode funcionar de forma oposta em bebês diferentes?"", ""Existe fralda descartável para adultos?"", ""Para que serve o algodão no kit de higiene do bebê?"", ""Não dói no bebê quando você o pega naquele lugarzinho?"", ""Após uma cerclagem feita com 12 semanas de gravidez, é possível continuar trabalhando 12 horas em um serviço administrativo, às segundas, quartas e sextas-feiras?"", ""A bebê estava fazendo xixi?"", ""Um bebê usa 10 pacotes de fralda ou 100 pacotes de fralda?"", ""Como minha filha ficaria no sling, já que ela costuma gostar de ficar virada para a frente vendo tudo?"", ""Com quantos anos uma criança deixa de usar fralda?"", ""O bebê precisou usar mais de um pacote de fraldas RN da Huggies do pacote vermelho?"", ""Se o líquido da fralda estourar e entrar em contato com a pele da minha filha, isso pode ser grave a ponto de ela precisar ir ao hospital?"", ""Como posso trocar a fralda do meu bebê deitado de lado com segurança, já que ele vai ficar pequeno para eu trocar de frente daqui a alguns meses?"", ""Essa criança já usa fralda?"", ""É normal uma criança já usar batom e ainda usar fralda, ou isso indica algum problema?"", ""A pomada de assadura da Mustela deve ser usada em toda troca de fralda?"", ""Ao iniciar o desfralde, ainda se pode colocar fralda ou isso confunde a criança sobre fazer xixi ou cocô na calça?""]",862d183d6fd394cb6f574cf7f85098e27fb1bc6e4e80e651e23b04ef6e276a27
77,91,"['vídeo', 'mencionada', 'pessoa', 'mencionado', 'no', 'grávida', 'mentira', 'sobre', 'mostrada', 'mostrado']",50,"[""A pessoa mencionada no vídeo está grávida mesmo?"", ""A pessoa mencionada no vídeo está realmente grávida?"", ""A pessoa mencionada no vídeo está grávida de verdade?"", ""A pessoa do vídeo pode estar grávida?"", ""É verdade que a pessoa mencionada no vídeo está grávida?"", ""A pessoa mencionada no vídeo está grávida?"", ""A pessoa do vídeo está grávida?"", ""A pessoa citada no vídeo não estava grávida no outro vídeo?"", ""A mulher mencionada no vídeo está grávida?"", ""A mulher do vídeo está grávida?"", ""É mentira que a pessoa mencionada no vídeo está grávida?"", ""No vídeo mencionado, ela não estava grávida?"", ""A pessoa do vídeo está grávida ou com bebê?"", ""A gravidez mostrada no vídeo é mentira?"", ""A pessoa mencionada no vídeo está grávida de verdade ou isso é apenas fantasia?"", ""Ela não estava grávida naquele vídeo?"", ""A mãe mostrada no vídeo está grávida ou é apenas um vídeo?"", ""A pessoa mencionada no vídeo vai ter um bebê?"", ""Ela não estava grávida no vídeo anterior?"", ""A gravidez mostrada no vídeo é verdadeira ou é mentira?"", ""De quanto tempo está a gravidez mencionada no vídeo?"", ""A informação de que a pessoa mencionada no vídeo está grávida é mentira?"", ""A barriga mostrada no vídeo é realmente de uma gestante?"", ""Com quantos meses de gravidez está a gestante do vídeo?"", ""De quantos meses de gravidez está a pessoa do vídeo?"", ""Quando puder, você pode gravar um vídeo sobre a primeira rotina da bebê?"", ""Como está hoje a filha mencionada, que recebeu o diagnóstico de MCAD?"", ""Como a pessoa mencionada pode ter o quarto filho se eu nunca vi o outro?"", ""Por que o bebê em desenvolvimento no vídeo não aparece com cabelos, se o meu bebê já tinha cabelos?"", ""O que é a anestesia ou intervenção mencionada no relato sobre o parto?"", ""O método mencionado no vídeo funciona para uma criança autista não verbal?"", ""Você preferiu não indicar protetor solar no vídeo?"", ""No vídeo mencionado, havia mais possibilidade de o bebê ser uma menina?"", ""Você pode fazer um vídeo mostrando a mala maternidade?"", ""A mulher do vídeo teve dificuldade para engravidar, mesmo sendo tão nova?"", ""Como está hoje, em 2025, esse bebê mostrado no vídeo?"", ""A mãe mencionada no vídeo teve seis filhos?"", ""O homem preocupado no vídeo é pai de todos os supostos bebês ou cada amiga tem seu próprio companheiro?"", ""Você pode fazer uma ultrassonografia no próximo vídeo para ver como o bebê está e confirmar se realmente há um bebê?"", ""O filho mencionado no vídeo melhorou?"", ""Quem é o pai do bebê na gravidez mencionada no vídeo?"", ""Como está o bebê na gravidez mencionada?"", ""Por que a mulher do vídeo continua tendo filhos?"", ""A pessoa do vídeo está grávida e o Gudinho vai se tornar irmão mais velho?"", ""A pessoa mencionada já foi castrada?"", ""O homem mostrado no vídeo engravidou as quatro mulheres?"", ""Na hora do parto, a gestante vai continuar tão feliz quanto aparece no vídeo?"", ""Se a gravidez fosse verdadeira, o bebê apareceria nos vídeos?"", ""O que aconteceu com a gravidez, o bebê ou a mãe mencionados no vídeo?"", ""Por que vocês duas estavam amarelas no início do vídeo?""]",3a4db1e0a6794245dbe82377cf6b62d87f80dc80c221d42e3b908ad447fb6665
78,83,"['pós', 'taping', 'cinta', 'calcinha', 'usar', 'parto', 'compressão', 'cesárea', 'no', 'aplicação']",50,"[""O taping é indicado no pós-parto?"", ""Devo usar cinta pós-parto ou não?"", ""Depois de um parto normal, é possível usar cinta no pós-parto ou apenas calcinha cintura alta?"", ""Após a cesariana, em quantas horas ou dias posso colocar o taping pós-parto?"", ""O que você acha do uso de taping no pós-parto?"", ""Há relatos sobre o uso de taping no pós-parto?"", ""Qual é a marca do taping usado no pós-parto?"", ""Você usou a cinta pós-parto?"", ""Qual é a utilidade de usar cinta pós-parto se ela não ficar apertada?"", ""Os cuidados no pós-parto mencionados são para cesariana?"", ""Como é feita a retirada do taping no pós-parto?"", ""Depois de aplicar o taping no pós-parto e deixá-lo por 7 dias, é preciso tirar e colocar novamente por mais 7 dias?"", ""É possível tomar banho usando o taping pós-parto?"", ""Por quantos dias após o parto o médico disse que ela pode usar a cinta pós-parto?"", ""Qual é o nome dessa cinta usada no pós-parto?"", ""Depois de quantos dias da cesárea já se pode colocar o taping pós-parto?"", ""Para que serve o taping na gestação e no pós-parto?"", ""Qual é o cuidado mais especial no pós-parto?"", ""Qual é a melhor calcinha para usar após a cesárea?"", ""Deixar a bandagem no pós-parto por tantos dias não traz nenhum problema?"", ""Qual é o melhor tipo de calcinha para usar no pós-parto?"", ""É possível usar cinta pós-parto mesmo com os pontos da cesariana?"", ""Qual tipo de calcinha deve ser usada após uma cesárea?"", ""Qual tipo de calcinha é indicada no pós-cesárea?"", ""Qual tipo de calcinha é indicado no pós-cesárea?"", ""Para o meu filho, devo usar iodo a 2% ou a 5%?"", ""É possível aplicar Noripurum durante a gravidez?"", ""É normal que o peito continue fissurando cada vez mais com 40 dias?"", ""No pós-cesariana, posso comer mandioca?"", ""É possível que o TOC apareça no pós-parto e depois melhore bastante?"", ""É possível fazer depilação a laser no pós-parto?"", ""Na maternidade Sofia Feldman, há cortinas separando os leitos na enfermaria do pós-parto até a alta?"", ""Como é o pós-cerclagem?"", ""Onde posso comprar algodoeiro?"", ""Há possibilidade de fazer uma parte 2 sobre o pós-parto?"", ""Qual creme de barreira é indicado no pós-parto?"", ""A laceração pós-parto consegue cicatrizar sozinha ou precisa de pontos?"", ""É possível usar estriol na menopausa e de que forma ele deve ser usado?"", ""Posso começar a usar a cinta e a calcinha compressora hoje?"", ""Qual é o motivo de usar essa touca de plástico no pós-parto?"", ""Quanto tempo após a cesárea essa sequência pode ser feita para tratar a diástase pós-parto?"", ""Depois de quanto tempo após a cesárea posso ir à academia?"", ""Para que usar sutiã no pós-parto?"", ""As calcinhas de média compressão da Lupo podem ser usadas no pós-parto?"", ""Qual seria um tape de qualidade para usar no pós-parto, e você poderia indicar um?"", ""Você pode indicar um link para comprar a cinta para o pós-parto?"", ""O uso do taping no pós-parto impede a aplicação de cremes para ajudar na volta da barriga e isso aumenta o risco de estrias?"", ""É possível usar fralda descartável no pós-parto após uma cesárea?"", ""Por que você tomou sangue no pós-parto?"", ""Dá para usar absorvente em uma calcinha de renda no pós-parto?""]",3cadc2be848f4be229759afea01be2864e115c79cd3045ebd1cf6f31083cf23d
79,60,"['olívia', 'janeiro', 'fevereiro', 'nascer', 'dia', 'vai', 'ou', '29', '30', 'no']",50,"[""Olívia vai nascer no dia 29 de janeiro ou no dia 2 de fevereiro?"", ""A Olívia vai nascer no dia 29 de janeiro ou no dia 2 de fevereiro?"", ""A Olívia vai nascer no dia 30 de janeiro ou no dia 1 de fevereiro?"", ""A Olívia vai nascer no dia 30 de janeiro ou no dia 2 de fevereiro?"", ""A Olívia vai nascer no dia 27 de janeiro ou no dia 2 de fevereiro?"", ""A Olívia vai nascer no dia 30 de janeiro ou no dia 1º de fevereiro?"", ""Olívia vai nascer no dia 29 de janeiro ou no dia 5 de fevereiro?"", ""A Olívia vai nascer no dia 30 de janeiro ou no dia 4 de fevereiro?"", ""Olívia vai nascer no dia 21 de janeiro ou no dia 4 de fevereiro?"", ""A Olívia vai nascer no dia 29 de janeiro ou no dia 3 de fevereiro?"", ""A Olívia vai nascer no dia 27 de janeiro ou no dia 5 de fevereiro?"", ""A Olívia vai nascer no dia 27 de janeiro ou no dia 3 de fevereiro?"", ""A Olívia vai nascer em 31 de janeiro ou em 7 de fevereiro?"", ""A Olívia vai nascer no dia 28 de janeiro ou no dia 4 de fevereiro?"", ""A Olívia vai nascer em 30 de janeiro ou em 3 de fevereiro?"", ""A Olívia vai nascer em 30 de janeiro ou em 2 de fevereiro?"", ""A Olívia vai nascer em 28 de janeiro ou em 2 de fevereiro?"", ""A Olívia vai nascer no dia 2 ou no dia 3 de janeiro?"", ""A Olívia vai nascer em 28 de janeiro ou em 8 de fevereiro?"", ""A Olívia vai nascer no dia 3 ou no dia 4 de fevereiro?"", ""A Olívia vai nascer em 28 de janeiro ou em 3 de fevereiro?"", ""Olívia vai nascer em 5 de fevereiro ou em 29 de janeiro?"", ""Olívia vai nascer em 18 de janeiro ou em 5 de fevereiro?"", ""A Olívia vai nascer em 18 de janeiro ou em 3 de fevereiro?"", ""A Olívia vai nascer em 25 de janeiro ou em 1º de fevereiro?"", ""É possível estar grávida de um mês e ainda ter menstruado em janeiro e fevereiro?"", ""Ela já teve a Olívia?"", ""Quando a Olívia vai nascer?"", ""O parto da Olívia vai ser cesárea ou parto normal?"", ""A bebê Olívia vai nascer no dia 2 ou no dia 5 de fevereiro?"", ""O nascimento da bebê Olívia será no dia 31 ou no dia 1?"", ""A bebê Olívia vai nascer em 18 de janeiro ou em 18 de fevereiro?"", ""O nascimento da Olívia vai acontecer no dia 5 ou no dia 7?"", ""A Olívia pode nascer no dia 31 de janeiro, assim como a Mia nasceu no dia 31 de dezembro?"", ""Olívia vai nascer no dia 15 ou no dia 3 de fevereiro?"", ""A Olívia vai nascer à meia-noite de 31 de janeiro ou no dia 1º de fevereiro?"", ""Olívia vai nascer no dia 27 de janeiro ou no dia 30 de janeiro?"", ""A Olívia vai nascer em 12 de janeiro ou em 12 de fevereiro?"", ""Olívia vai nascer no dia 29 ou no dia 30 de janeiro?"", ""A Olívia vai nascer no dia 30 de janeiro ou no dia 2 de janeiro?"", ""A Olívia vai nascer no dia 10 de fevereiro ou no dia 20 de março?"", ""A Olívia vai nascer em 29/02 de janeiro ou em 02/02?"", ""A Olívia vai nascer no dia 5 de janeiro ou no dia 14 de janeiro?"", ""A Olívia vai nascer no dia 4 de janeiro ou no dia 4 de fevereiro?"", ""A bebê Olívia vai nascer em 31 de janeiro ou em 2 de fevereiro?"", ""A Olívia vai nascer em 27 de janeiro ou em 4 de fevereiro?"", ""A Olívia vai nascer em 21 de janeiro ou em 22 de fevereiro?"", ""A Olívia vai nascer em 26 de janeiro ou em 1 de fevereiro?"", ""A Olívia vai nascer no dia 3 ou no dia 5 de fevereiro?"", ""A Olívia vai nascer em 28 de janeiro ou em 4 de fevereiro?""]",76c900207e129370c1b374c490f8c19be152ae18fe9d82609c25f2c2450b6ac0
80,71,"['fórmula', 'leite', 'alergia', 'ml', 'nan', 'infantil', 'integral', 'vaca', 'quantidade', 'intestino']",50,"[""O leite em fórmula é o ideal para o bebê até 1 ano de idade?"", ""Se o bebê não quer mamadeira, como dar fórmula?"", ""Depois de 1 ano de idade, pode dar leite comum integral ao bebê?"", ""Leite de vaca industrializado pode ser dado ao bebê?"", ""Um bebê de 2 meses pode estar tomando leite de vaca?"", ""Um bebê pode tomar leite?"", ""Até os seis meses, o bebê deve receber apenas aleitamento materno?"", ""A fórmula infantil também deve ser oferecida até os 2 anos de idade?"", ""O que fazer quando oferecer menos leite não é suficiente para uma bebê de 6 dias?"", ""E quando o bebê está tomando fórmula?"", ""Há algum motivo específico para não dar leite de vaca para um bebê?"", ""Estou fazendo errado ao dar fórmula para o bebê?"", ""Uma fórmula infantil que passou de 30 dias aberta ainda pode ser dada à bebê?"", ""O que fazer em relação à fórmula do bebê quando já não se sabe mais o que fazer, e o pediatra será consultado sobre essa mistura?"", ""O médico ou nutricionista passou uma quantidade fixa de fórmula para o bebê ser seguida à risca?"", ""Faz mal um bebê nunca tomar leite e só beber suco?"", ""Qual é a quantidade correta de leite que o bebê deve tomar?"", ""A fórmula faz mal para um bebê de 3 meses com baixo peso?"", ""O que fazer para não precisar trocar essa fórmula, já que as outras fazem o leite voltar muito?"", ""O que posso fazer para conseguir alimentar minha bebê só com leite materno, sem precisar completar com fórmula?"", ""Nem mesmo em receitas é recomendado dar leite de vaca para bebê?"", ""Quando se fala que o leite ainda é o principal alimento no primeiro ano de vida, isso se refere ao leite materno e não à fórmula?"", ""O que fazer quando o leite integral prende o intestino do bebê, mas a fórmula não prende?"", ""Dar leite de uma vez só para a criança é preguiça de alimentá-la?"", ""Esse leite deixou o bebê com as fezes mais fétidas?"", ""Existe uma quantidade padrão de leite e fórmula para começar a dessensibilização do paladar?"", ""É possível dar chá de camomila para gases a um bebê com 5 dias de vida?"", ""Como foi a mudança de NAN para outro leite quando o bebê estava prestes a completar 7 meses?"", ""Um bebê de 4 meses pode usar 1 puff a cada 12 horas?"", ""O estômago de um bebê de 4 meses já está totalmente formado para digerir alimentos além de leite materno ou fórmula?"", ""É possível fazer transplante de intestino em uma criança?"", ""A fórmula amarela pode causar cólicas e gases na criança?"", ""Existe alguma fórmula que não prenda o intestino e tenha menor chance de causar alergia em um bebê de 12 dias?"", ""Uma criança de 1 ano e 8 meses pode usar esses copos da MAM com o bico trocado para leite sem causar cólica?"", ""Além dos sinais digestivos, quais sinais posso observar para identificar alergia ou intolerância à lactose na bebê?"", ""Qual fórmula infantil em lata você recomenda?"", ""Qual fórmula é indicada para um bebê de 12 dias de vida, quando o leite materno não está sendo suficiente para ele ganhar peso?"", ""A sua filha pode ter alergia ao leite materno?"", ""O bebê já fez teste de lactose?"", ""Dar mais de 20 ml de uma vez para uma criança pode fazê-la sufocar?"", ""Posso diminuir a quantidade de fórmula preparada para minha bebê de 9 meses, já que ela não toma os 210 ml indicados na lata?"", ""O leite NAN Supreme Pro deu certo para o bebê?"", ""É normal que uma criança de 2 anos não tome leite nem fórmula e se alimente apenas de peito?"", ""Misturar leite com fórmula pode causar diarreia no bebê?"", ""Esses leites infantis aumentam os gases no bebê?"", ""Como ajudar um bebê com refluxo a ganhar peso quando ele está sendo complementado com fórmula?"", ""Qual foi o motivo da perda gestacional e houve algum motivo específico?"", ""É normal dar cerca de 10 pequenas porções de leite a um recém-nascido?"", ""Você foi orientada pelo médico ou nutricionista sobre o uso da fórmula infantil com o seu bebê, incluindo higiene, preparo, oferta e ajuste da quantidade?"", ""Por que a minha bebê ainda não aceitou a fórmula NAN Comfor, mesmo aceitando água na mamadeira?""]",533f4ff86676beb777b8e64eb923e340ebd0f987be7b43542834c1336130f57b
81,72,"['rosado', 'sangramento', 'marrom', 'pequeno', 'corrimento', 'sinal', 'atraso', 'menstrual', 'dias', 'indicar']",50,"[""Um sangramento rosado e leve, que durou 3 dias e depois ficou mais amarronzado, pode ser sinal de gravidez?"", ""Menstruação atrasada há 15 dias, com borra marrom e sangue rosa por dois dias, pode indicar gravidez?"", ""Um sangramento marrom, em pouca quantidade, ocorrido 10 dias antes da menstruação e uma semana após a relação pode estar relacionado à gravidez?"", ""Com um mês de atraso menstrual, sangramento rosado e dor na barriga, pode ser gravidez?"", ""Um sangramento rosinha bem claro que apareceu ontem e depois não veio mais nada pode ser sinal de gravidez?"", ""Com 21 dias de atraso menstrual e sangramento leve que aparece e depois vai embora, pode ser gravidez?"", ""Após ter relação e notar um sangramento rosado no papel higiênico dois dias depois, posso estar grávida?"", ""Um atraso menstrual de 9 dias, com corrimento marrom claro e pequeno sangramento, pode ser sinal de gravidez?"", ""Com a menstruação atrasada e esse sangramento rosado e marrom em pequena quantidade, posso estar grávida?"", ""Um sangramento amarronzado por 3 dias, sem sangramento vivo, com a menstruação atrasada em 2 dias, pode indicar gravidez?"", ""Um sangramento rosa claro e em pequena quantidade após a relação sexual pode ser sinal de gravidez?"", ""Com a menstruação de outubro ausente e um sangramento rosado bem pouco por três dias em novembro, posso estar grávida?"", ""É possível estar grávida mesmo com a menstruação atrasada há 15 dias, com sangramento rosa fraco ocasional e sem sintomas?"", ""O atraso da menstruação e a saída de um pouco de sangue rosado podem indicar gravidez?"", ""Um atraso menstrual de 3 dias, com saída de borra de café e pequeno sangramento, pode ser gravidez?"", ""É normal ter sangramento rosado, pouco e intermitente por 7 dias após um teste de gravidez positivo?"", ""O atraso menstrual de 7 dias, seguido de pouco sangue com corrimento marrom após a relação sexual, pode indicar gravidez?"", ""O sangue rosado que saiu no dia 21/11, após a relação no dia 10/11 e a última menstruação em 29/10, pode indicar gravidez?"", ""Um atraso menstrual de 10 dias, seguido de apenas dois dias de sangramento em forma de borra e cansaço extremo, pode indicar gravidez?"", ""Após um pequeno sangramento rosado de um dia, em quantos dias posso fazer o teste de gravidez?"", ""É possível estar grávida se, após as relações sexuais, ocorre um sangramento leve que não encharca o absorvente e dores no útero?"", ""Sangramento rosado três dias após a relação pode ser sinal de gravidez?"", ""Com atraso menstrual, um sangramento rosado único e resultados diferentes em dois testes de farmácia, posso estar grávida?"", ""Um atraso menstrual de três dias seguido de sangramento marrom e depois vermelho pode estar relacionado à gravidez?"", ""Um leve sangramento três dias após a relação, durante o período ovulatório e fértil, pode indicar gravidez?"", ""O que pode ter causado um pequeno sangramento que durou dois dias após esse teste?"", ""Menstruação muito fraca, que quase não enche o absorvente e aparece só no papel higiênico, pode ser sinal de gravidez?"", ""Houve algum sangramento rosado ou amarronzado, parecido com borra de café?"", ""Esse corrimento rosado com ardência pode ter relação com a idade?"", ""O corrimento rosado e depois marrom, junto com os seios doloridos, pode indicar gravidez ou nidação?"", ""Um pequeno sangramento rosado, com atraso de dois dias na menstruação e corrimento marrom ou amarelo, pode indicar gravidez ou nidação?"", ""O sangramento rosado, depois marrom, com coágulos e cólicas pode indicar menstruação ou uma gravidez inicial perdida?"", ""O que pode significar uma menstruação rosa clara quando há suspeita de gravidez?"", ""Depois de usar Clomid, ter 5 dias de atraso menstrual e depois um sangramento escuro por 2 dias, isso pode ser gravidez?"", ""Um sangramento marrom de um dia pode indicar gravidez?"", ""Tendo relação sexual no sexto dia da menstruação, com sangramento rosado e depois marrom, cólicas no lado direito da parte de baixo da barriga e uso de dienogeste há 7 dias para tratar adenomiose, é possível que eu esteja grávida?"", ""É possível que eu esteja grávida, considerando o atraso menstrual, o sangramento rosado anterior e os sintomas que estou sentindo, mesmo tendo cisto no ovário direito?"", ""O que pode estar acontecendo se o teste de gravidez deu positivo e estou tendo sangramento rosado em quantidade regular aos 44 anos?"", ""O sangramento marrom e leve que tive depois de um teste positivo e a secreção clara rosada que saiu no toque são sinal de gravidez?"", ""O que pode significar um sangramento de um dia, seguido de corrimento marrom por alguns dias, após atraso menstrual, com teste positivo fraco e beta hCG negativo?"", ""Com 31 dias de ciclo, esse corrimento rosado pode ser o início da menstruação?"", ""Menstruar duas vezes no mesmo mês, com um sangramento marrom de 4 dias e depois uma menstruação bem vermelha, pode indicar gravidez?"", ""O corrimento rosado e o corrimento marrom podem ser sinais de gravidez?"", ""Um pequeno sangramento rosado, após atraso menstrual e teste de HCG negativo, pode ser nidação ou gravidez?"", ""Após relações sem proteção no período fértil, um pequeno sangramento rosado e sintomas como enjoo, aversão a perfume e alteração do sono podem indicar gravidez?"", ""Com 12 dias de atraso menstrual, muco elástico, sangramento claro e borra de café, além de teste de gravidez de sangue e de farmácia negativos, o que pode estar acontecendo?"", ""Há possibilidade de gravidez após ter relação no dia em que a menstruação terminou, ter um leve sangramento rosa alguns dias depois, sentir cólicas leves, fisgadas no pé da barriga e dor de cabeça, e agora estar com atraso menstrual?"", ""Esse atraso menstrual pode ser sinal de gravidez?"", ""Um sangramento rosado leve por dois dias, com cólica leve e fisgada na virilha, pode ser sinal de gravidez?"", ""É possível estar grávida após ter tido corrimento rosado em dois períodos do mês e ainda não ter menstruado?""]",cef2960a0f158a5023887903ef41605d1258f3fb5a3a76ad4002c48b7cd4729b
82,51,"['giovana', 'giovanna', 'pai', 'grávida', 'namorado', 'quem', 'verdade', 'está', 'podia', 'engravidou']",50,"[""A Giovanna está grávida de verdade?"", ""É verdade que a Giovana está grávida?"", ""É verdade que a Giovanna está grávida?"", ""É verdade que Giovanna está grávida?"", ""Giovanna está grávida de verdade?"", ""Giovanna está grávida mesmo?"", ""A gravidez de Giovanna é verdadeira?"", ""Giovana está grávida mesmo?"", ""A Giovana está grávida mesmo?"", ""A Giovanna está grávida?"", ""De quem Giovanna está grávida?"", ""Como a Giovanna está grávida?"", ""Giovana está grávida de verdade?"", ""De quem Giovana está grávida?"", ""A Giovana não está grávida, né?"", ""Giovanna está grávida tão nova?"", ""De quem vocês acham que a Giovanna está grávida?"", ""A Giovana está grávida?"", ""Giovanna não podia ficar grávida e agora ficou grávida?"", ""Quem engravidou Giovanna?"", ""Como a Giovana ficou grávida?"", ""A gravidez de Giovana é mentira ou verdade?"", ""Se Giovanna estiver grávida, quem seria o pai do bebê?"", ""Giovana é muito pequena para ter um filho?"", ""Com quem é o pai do bebê de Giovana?"", ""O que aconteceu com a Giovana na Justiça?"", ""Como fica o namorado da Helena, que sonhava em ser pai, nesta história?"", ""Quando o bebê da Giovana vai nascer?"", ""Giovanna teve relação sexual?"", ""O Robson é seu namorado?"", ""A gravidez de Josi está evoluindo normalmente?"", ""João Araújo está grávida?"", ""Vitória está grávida?"", ""Se Giovanna estiver grávida, o bebê é menina ou menino?"", ""Giovanna está grávida aos 15 anos?"", ""Como Giovanna pode estar grávida se ela namora?"", ""Giovanna estava usando uma barriga falsa ou está realmente grávida?"", ""Se a Giovanna estivesse realmente grávida, ele estaria tirando satisfação com o pai do bebê?"", ""A Giovana está grávida no vídeo anterior?"", ""Giovana, sendo tão nova, já tem bebê?"", ""Rafael é o pai do bebê de Giovana?"", ""Quem é o pai do bebê de Amanda?"", ""Quem é o pai do bebê de Geovana?"", ""Quem é o pai do bebê da Giovanna?"", ""Como a Giovanna pode estar grávida se não tem namorado?"", ""Se ela engravidou pela quarta e pela quinta vez e não podia fazer parto normal, como o bebê sairia?"", ""Quem é o pai do bebê da Giovana?"", ""Quem engravidou a Giovanna?"", ""Quem é o pai do bebê de Giovana?"", ""Quem é o pai do bebê de Giovanna?""]",f368e4b1403cf9605d6eb094ace47d24b9fe4394e56e53aec31b5398a9894fdb
83,65,"['cesárea', 'corte', 'camadas', 'realizar', 'mãos', 'sai', 'cesariana', 'embaixo', 'jejum', 'corta']",50,"[""Por que a cesárea rasga tudo?"", ""Por que o parto cesáreo é feito desse jeito?"", ""Na cesárea, a incisão não foi feita naquele ponto, foi?"", ""Na cesárea, o médico abre a barriga da mãe para realizar o parto?"", ""Na cesárea, a cabeça do bebê sai primeiro?"", ""Em uma cesárea, o bebê deveria estar de cabeça para baixo?"", ""A cesárea faz a mulher ficar \""frouxa\"" embaixo?"", ""Em uma cesárea, o bebê é retirado pela cabeça?"", ""A cesárea é feita no meio da barriga?"", ""Na cesárea, o bebê sai pela vagina?"", ""A pessoa fica acordada durante uma cesárea?"", ""Na cesárea, o bebê não sai pela bunda?"", ""Como a barriga é fechada depois de uma cesárea?"", ""É normal fazer uma cesárea sem luvas?"", ""Como é feita a suturação na cesárea?"", ""Na cesárea, tudo é costurado após o procedimento?"", ""Por que o corte da cesárea é feito na barriga e não na genitália?"", ""Em uma cesárea, quantas camadas o médico precisa cortar até chegar ao bebê?"", ""Quanto tempo dura uma cesárea até vermos o bebê?"", ""Por que, em uma cesárea, não se faz um corte mais profundo para retirar o bebê?"", ""As cesáreas são feitas com o dedo?"", ""A cesariana pode ajudar a salvar a vida do bebê e da mãe?"", ""Uma cesárea é feita com 10 cm de dilatação?"", ""O processo de uma cesárea demora muito para ser realizado?"", ""Qual é a posição da buchada após a cesárea?"", ""O fenômeno do alvorecer pode impactar um exame em jejum realizado bem cedo?"", ""Como os órgãos conseguem suportar serem comprimidos desse jeito durante a gravidez?"", ""Como é possível realizar uma cesárea sem que a pessoa perca sangue?"", ""Em uma cesárea de emergência, há necessidade de estar em jejum?"", ""Para que cor o corrimento muda quando o tampão mucoso sai?"", ""O corte da cesariana da minha filha, com 24 cm, pode ser considerado normal?"", ""Se não houver corte no parto, acontece rasgo durante o nascimento?"", ""Depois da cesárea, é possível fazer uma viagem curta de avião?"", ""Como o centro cirúrgico precisa ser preparado para realizar uma cesariana ou outro tipo de cirurgia?"", ""Não é meio óbvio que, oito horas após uma cesárea, a mãe já esteja de pé cuidando do filho?"", ""O que fazer quando o bebê não gosta de ter as mãos cobertas?"", ""Como fica a questão judicial quando a gestante tem contraindicação ao parto vaginal, mas não há tempo para transferi-la para realizar uma cesariana?"", ""Você conseguiu realizar um parto normal após a cesárea?"", ""Seria confortável ter sete camadas da barriga cortadas em uma cesárea?"", ""Qual argumento ou justificativa usavam para fazer esse corte no parto?"", ""Como funciona o clampeamento na cesárea?"", ""Após uma cesárea, as vísceras cicatrizam de forma diferente de um corte no dedo?"", ""O que muda na parte íntima em uma cesariana?"", ""Na cesárea, todos os cortes são feitos no mesmo sentido?"", ""Existe risco de morrer por hemorragia durante uma cesárea?"", ""É obrigatório ter três mãos para realizar uma cesárea ou, com muito estudo, seria possível fazer o procedimento tendo apenas duas mãos?"", ""Na cesárea, também é retirada a gordura abdominal?"", ""Por que a mãe precisou ser colocada para dormir durante a cesárea e não conseguia gritar?"", ""A curetagem é uma cirurgia que corta a barriga?"", ""Como seria possível abrir a barriga em uma cesárea sem anestesia?""]",10cfb76164e424312aaad1707bb916cfa481b8bb95c36e6391077360e0b1b91a
84,58,"['menopausa', 'hormonal', 'anos', 'reposição', 'aos', 'menstruar', '41', 'precoce', 'entrando', 'climatério']",50,"[""Com 50 anos, é possível já estar na menopausa?"", ""Com 49 anos e com a menstruação ficando irregular, isso pode ser sinal de pré-menopausa ou menopausa?"", ""Tenho 45 anos e estou sem menstruar há 5 anos; isso significa que já estou na menopausa?"", ""Ficar dois meses sem menstruar e a menstruação voltar neste mês significa que a menopausa está chegando?"", ""Esse atraso menstrual aos 40 anos pode ser sinal de menopausa?"", ""É possível estar entrando na menopausa aos 39 anos após ficar três meses sem menstruar e com exame de gravidez negativo?"", ""Mulheres com mais de 60 anos, já na menopausa e sem sintomas, precisam fazer reposição hormonal?"", ""Aos 41 anos, ainda menstruando, mas com queda da libido e ressecamento durante a relação, isso pode ser sinal de início da menopausa?"", ""É possível entrar na menopausa aos 37 anos?"", ""Estou entrando na menopausa com 41 anos, 14 dias de atraso menstrual e teste de gravidez negativo?"", ""A menopausa pode acontecer aos 32 anos?"", ""Passar dois meses sem menstruar e depois ter um fluxo muito intenso com coágulos de sangue por duas semanas também pode fazer parte da menopausa?"", ""A menopausa tende a atrasar em mulheres que menstruaram tarde, perto dos 16 anos?"", ""Como fazer para adiar a menopausa e continuar menstruando?"", ""Com 41 anos e a menstruação atrasada, isso pode ser gravidez ou pré-menopausa?"", ""Com 41 anos, 11 dias de atraso menstrual, três testes negativos e sintomas como dor nos seios, dor lombar, cólicas leves e dor de cabeça, isso pode ser menopausa?"", ""É normal sentir muita cólica enquanto a menstruação ainda desce, mesmo estando entrando na menopausa?"", ""Pode ser menopausa?"", ""Na menopausa, é comum sentir cólica menstrual?"", ""É normal que, na fase de transição para a menopausa, a menstruação venha com ciclos mais curtos, fluxo menor e duração menor?"", ""Estou chegando perto da menopausa?"", ""O que uma mulher que já passou da menopausa pode tomar para ter uma melhora geral?"", ""Você realiza consulta para reposição hormonal na menopausa?"", ""A partir de quando posso começar a fazer a reposição hormonal na menopausa?"", ""Com 41 anos, com 12 dias de atraso menstrual, enjoo e sensação de calor, isso pode ser pré-menopausa ou gravidez?"", ""É normal menstruar durante a reposição hormonal, após 7 anos sem menstruar?"", ""Por que alguns ginecologistas, durante o climatério, prescrevem DIU ou minipílula em vez de repor o que está em falta?"", ""Quais foram os sintomas que levaram o médico a diagnosticar menopausa precoce?"", ""Como a menopausa se relaciona com o uso contínuo de anticoncepcional?"", ""Por que foi prescrito Ostrogel se ainda não estou na menopausa?"", ""Os exercícios mostrados servem para tratar secura vaginal na menopausa?"", ""Por que meus exames hormonais estão normais mesmo com essas alterações na menstruação e esses sintomas aos 43 anos?"", ""Quem tem menopausa precoce, estradiol de 10,8 e foi orientada pela médica a tomar Nuance deve usar esse medicamento?"", ""Mulheres na menopausa com endometriose podem fazer reposição hormonal?"", ""Aos 51 anos, é normal ficar de três a quatro meses sem menstruar e depois a menstruação vir muito forte e exagerada, mesmo após laqueadura?"", ""Por que os sintomas da menopausa voltam depois de três meses, mesmo após o uso de vários hormônios?"", ""Esse risco é maior apenas para quem tem deficiência do hormônio GH na infância ou adolescência e não faz a reposição hormonal?"", ""Com 14 dias de atraso menstrual e com o ciclo tendo caído de 28 para 23 dias nos últimos 2 anos, isso significa que ela está no climatério?"", ""O medicamento Ceci pode ser uma opção de reposição hormonal para uma mulher que está na menopausa há cinco anos?"", ""Quais são os níveis hormonais esperados em mulheres na menopausa?"", ""É normal a menstruação atrasar 21 dias pela primeira vez, aos quase 50 anos, junto com sensação de calor no rosto e na cabeça, insônia e dor de cabeça?"", ""Mulheres fumantes no climatério podem fazer reposição hormonal?"", ""Existe algum tratamento para aliviar a menopausa, já que nenhum médico me receitou nada?"", ""Dor na bexiga pode ser causada pela menopausa?"", ""É normal ter ciclos menstruais irregulares aos 46 anos?"", ""Você ainda menstrua ou já está na menopausa?"", ""É normal ficar alguns meses sem menstruar aos 33 anos?"", ""É normal que, aos 43 anos, a menstruação passe de 5 dias para 2 dias, depois para 1 dia, e que em alguns períodos venha duas vezes no mês?"", ""Uma mulher de 41 anos, que usa anticoncepcional há 15 anos e apresenta calores, ressecamento vaginal, mudança de humor e insônia, pode estar na menopausa?"", ""Qual é o valor do implante hormonal subcutâneo?""]",9832e0e655b69f02ec7479743e45d9e78e79b56e65aaa9ac0f79cb7f69d2b6bf
85,68,"['seu', 'muda', 'luz', 'você', 'estão', 'bebê', 'deu', '2026', 'mamãe', 'já']",50,"[""A sua bebê já nasceu?"", ""Você já ganhou o bebê?"", ""Seu bebê já nasceu?"", ""O seu bebê já nasceu?"", ""Você teve o bebê?"", ""Você já teve o bebê?"", ""Você teve o bebê em casa?"", ""Vocês estão esperando um bebê?"", ""Como você e o bebê estão?"", ""O bebê de vocês está para nascer nestes dias?"", ""Como você e o seu bebê estão agora?"", ""Deu tudo certo com você e com o bebê?"", ""Este é o seu primeiro bebê?"", ""Como está o seu bebê?"", ""Você já está sentindo o bebê mexer?"", ""Como você e seu bebê estão?"", ""Quantos dias depois de fazer esse comentário você teve o bebê?"", ""Está tudo bem com você e com o bebê?"", ""O bebê que está na sua barriga já nasceu?"", ""Você está feliz por ter esse bebê?"", ""Você e seu bebê estão bem?"", ""Você vai ter o bebê hoje?"", ""Você e o bebê estão bem?"", ""Cadê o bebê que você dizia que teria?"", ""Você vai ter um bebê?"", ""É possível uma criança nascer surda, muda e cega?"", ""Por que os produtos Mamãe e Bebê da Natura não são recomendados?"", ""Fraturas de clavícula em bebês acontecem nos partos e muitas vezes não causam reação no recém-nascido?"", ""Qual será a reação do irmão ao ver a bebê pela primeira vez?"", ""Alguém já deu à luz rindo, e não apenas sorrindo?"", ""Você achou surpreendente o diagnóstico da bebê?"", ""Ela deu à luz em um hospital público?"", ""Os amigos vão ajudar a cuidar do bebê e comprar fraldas?"", ""Há mesmo um bebê lá dentro?"", ""Como a chegada da bebê muda a família?"", ""Em 2026, a Antonella já havia nascido?"", ""Há quantos dias o bebê nasceu?"", ""A bebê vai ficar em casa sozinha e, se vocês não estiverem lá, ela vai chorar muito?"", ""A pessoa mencionada já deu à luz alguma vez?"", ""Você não tem ninguém para ajudá-la com o recém-nascido?"", ""O que muda para você no parto?"", ""A bebê também é muda?"", ""O seu bebê também é de abril?"", ""O que aconteceu com a sua bebê?"", ""Como você acompanha a evolução do bebê?"", ""A bebê está fazendo vocês não dormirem bem agora?"", ""Quem aí está ansioso(a) para o bebê nascer?"", ""Você não tem nenhum parente por perto ou uma vizinha que possa ajudar no resguardo com o bebê?"", ""Vocês vão gravar um vídeo da bebê quando ela nascer para que possamos vê-la?"", ""Vai ter mais um bebê na família?""]",f9fae976065dfed6d6e9c8372c2251796325e06263e73e1a9f2a72fe6bd9e8af
86,70,"['mia', 'irmã', 'irmão', 'cuidar', 'reação', 'vai', 'velha', 'presa', 'língua', 'ganhar']",50,"[""A mãe da Mia está grávida de verdade?"", ""A Mia já sabe que vai ganhar um irmão ou uma irmã?"", ""A mãe da Mia está grávida de mais um bebê?"", ""A Mia vai ganhar uma irmãzinha?"", ""É verdade que a mãe da Mia está grávida?"", ""Com quem a Mia ficará quando o bebê nascer?"", ""A mãe da Mia está grávida?"", ""A mãe da Mia está realmente grávida?"", ""A mãe da Mia está grávida e a Mia vai ter um irmão ou uma irmã?"", ""Já contaram para a Mia que ela vai ganhar um irmão ou uma irmã, e qual foi a reação dela?"", ""A Mia já nasceu?"", ""A Mia vai ter um irmãozinho ou uma irmãzinha?"", ""A Mia vai ter um irmão?"", ""A Mia já descobriu que o bebê é menina?"", ""A mãe da Mia está grávida ou não?"", ""É verdade que a Mia vai ter um irmão ou uma irmã?"", ""A Mia sabe como os bebês são feitos?"", ""É verdade mesmo que a Mia vai ter um irmão ou uma irmã?"", ""Você vai deixar a Mia bater na bebê?"", ""A notícia de que a Mia vai ter um irmão ou uma irmã é verdadeira?"", ""A Mia vai ter uma irmã ou um irmão?"", ""É sério mesmo que a Mia vai ter um irmão ou uma irmã?"", ""A Mia vai ter um irmão ou uma irmã?"", ""Mia prefere que o bebê seja menino ou menina?"", ""Mia vai ter uma irmã ou um irmão?"", ""Se a filha mais velha quiser cuidar da irmã mais nova, ainda assim não será permitido?"", ""O que significa dizer que o bebê está em \""T-pose\""?"", ""Quando você fala em \""cuidar\"" da Olívia, quer dizer deixá-la por cerca de 10 minutos para ver qual será a reação dela?"", ""O que fazer se a Mia der o brinquedo para a Olivia?"", ""Quando a Olívia nascer, vocês vão ensiná-la a língua brasileira ou a de Portugal?"", ""Você não teve medo de cuidar de um bebê e da Olívia ao mesmo tempo?"", ""Por que houve tanta pressa ao cuidar da bebê?"", ""A irmã pode nascer no mesmo dia que a Olívia?"", ""Quem vai cuidar da Mia quando vocês forem para o hospital para a Olivia nascer?"", ""Por que a Mia pode cuidar da bebê e dar brinquedos a ela?"", ""Se a Mia tiver 15 anos, ela terá de cuidar da irmã mais nova, sem poder sair de casa e fazendo várias tarefas para a irmã?"", ""Como você responde quando a Mia pergunta como se tem um filho?"", ""A Mia pode tomar banho com a irmã?"", ""Como se faz para ter um irmão ou uma irmã?"", ""Qual foi a reação da Mia?"", ""A Mia tem a língua presa?"", ""Você vai deixar a Mia segurar a Olívia no colo?"", ""Se você for ao banheiro, a Mia poderá cuidar da bebê?"", ""Você está tentando engravidar para que a Mia tenha um irmão ou irmã?"", ""Se a Mia tiver os próprios brinquedos, ela vai aprender a dividir com a irmã?"", ""Quem vai cuidar do menino?"", ""Qual foi a reação do pai quando soube da gravidez?"", ""Com quem a Mia vai ficar quando a Olívia nascer?"", ""A irmã pode ajudar com a bebê quando ela nascer?"", ""O Vini vai ter um irmão ou uma irmã?""]",1ed3b021d413686e28da21a9ecee6f7ed8aac96d666e59106c0f09dfdc8342d5
87,99,"['banho', 'recém', 'nascido', 'água', 'vernix', 'fêmur', 'chuveiro', 'tanque', 'fria', 'produto']",50,"[""O banho do recém-nascido é realmente necessário?"", ""Você dá banho no bebê com água gelada?"", ""Por que você dá banho no bebê dessa forma?"", ""Quantos banhos um bebê deve tomar por dia?"", ""Você dá banho no bebê na cozinha mesmo?"", ""Você está dando banho de água fria no bebê?"", ""Os médicos sabem que os bebês costumam ir para o quarto da mãe já lavados e trocados?"", ""Ao dar banho no bebê, é preciso lavar a região que fica na barriga dele, como o umbigo?"", ""O bebê toma banho de água fria ou com aquecedor?"", ""É possível dar banho no bebê à noite?"", ""O bebê toma banho no tanque em vez de no chuveiro?"", ""Onde está o chuveiro para dar banho no bebê?"", ""Existem outros métodos de limpeza para o bebê além do banho no hospital?"", ""Lenços umedecidos à base de água são melhores para a pele do bebê?"", ""Por que lavar as roupinhas do bebê à mão, especialmente na primeira lavagem?"", ""Um recém-nascido pode ficar com cheiro?"", ""Por que o bebê toma banho no tanque?"", ""O que você acha da água de limpeza da Granado e da Mustela para usar em um recém-nascido?"", ""O banho do bebê precisa ser dado às 18 horas ou pode ser em qualquer horário da noite?"", ""No momento do parto, o bebê pode receber banho ou pelo menos ser passado com água?"", ""As roupas do bebê devem ser lavadas esfregando e torcendo dessa maneira?"", ""Pode dar banho frio no tanque em um bebê?"", ""No caso do recém-nascido, deve-se passar e depois lavar ou deixar sem enxágue?"", ""Para recém-nascidos, ainda é recomendado banho de sol ou agora é preferível fazer passeios no final da tarde e de manhã?"", ""O vernix que cobre o recém-nascido tem mau cheiro?"", ""Existe outra medicação que possa ser usada para tratar sapinho em bebê quando a nistatina usada há um mês não cura?"", ""É normal um recém-nascido sentir dores na barriga depois de começar a tomar Adtil?"", ""Existe alguma planta do mato que possa ser usada para dar banho no recém-nascido para tratar a icterícia?"", ""A coceira nos pés pode ter relação com a gravidez?"", ""Por quantos minutos o produto deve agir no recém-nascido?"", ""É melhor usar tesourinha para cortar as unhas do bebê ou lixa?"", ""Como saber se a bolsa rompeu no banho?"", ""Você pode fazer um vídeo sobre a respiração do bebê recém-nascido?"", ""Como um recém-nascido sofre?"", ""É necessário investigar o que causou a fratura no fêmur do recém-nascido?"", ""Isso também vale para o uso de talco no bebê?"", ""A alta pressão na lavagem nasal pode causar infecção no ouvido do bebê?"", ""Como limpar a casquinha atrás da orelhinha do bebê quando sabão e cotonete não resolvem?"", ""Quais são as posições seguras para um recém-nascido?"", ""Até que idade o bebê fica coberto de vernix?"", ""Qual pomada para assadura eu posso comprar para o bebê?"", ""Como consigo uma especialista em banho de bebê em Curitiba?"", ""Dar banho nele no box do banheiro onde se limpam as roupas pode fazer mal para ele?"", ""É normal que a cabeça de um recém-nascido ainda esteja em formato de cone aos 13 dias de vida?"", ""Quando um recém-nascido com gripe deve ser levado ao hospital?"", ""O fato de os bebês terem nascido quase sem vernix pode indicar que ainda não estavam preparados para nascer?"", ""Um bebê recém-nascido pode ser beijado?"", ""Bebês recém-nascidos prematuros que ficaram na incubadora sentem frio?"", ""Bebês são considerados recém-nascidos apenas até os 28 dias de vida?"", ""Um recém-nascido de 6 dias já pode ter cólica?""]",82cdaa1a0e40a4e20dca0c53dafb71e56eb2962cddb54220ebb3377ea3742bba
88,67,"['barriga', 'distensão', 'falar', 'grande', 'bebê', 'sobre', 'nesses', 'encaixado', 'certo', 'assim']",50,"[""O que o bebê tem na barriga?"", ""Por que o bebê está com a barriga grande?"", ""A bebê já nasceu ou ainda está na barriga?"", ""Por que a barriga do bebê está assim?"", ""Por que o bebê é tão pequeno?"", ""Por que o bebê tem uma barriguinha?"", ""Por que a barriga do bebê é tão grande?"", ""É grave quando a barriga de um bebê distende tanto assim?"", ""A bebê está grande, mas ao mesmo tempo ainda é pequena?"", ""Como esse bebê entrou na barriga?"", ""A barriga do bebê dói?"", ""O bebê já virou de posição?"", ""Há falta de espaço para o bebê na barriga da mãe?"", ""O bebê sai pela barriga?"", ""É normal que a barriga de um bebê nessa idade seja grande?"", ""Como o bebê nasceu?"", ""Deu certo para o bebê nascer logo?"", ""O bebê está se sentindo bem na barriga da mãe, mesmo parecendo aflito desse jeito?"", ""O bebê na barriga da mãe está descontente?"", ""O bebê já está de cabeça para baixo?"", ""Depois que o bebê nascer, isso pode passar?"", ""O bebê virou de posição?"", ""Por que a barriga fica tão grande mesmo com um bebê ainda tão pequeno?"", ""Como está o bebê depois que nasceu?"", ""O bebê nasceu muito grande?"", ""A cirurgia feita no bebê ainda no útero realmente deu certo?"", ""O risco de morrer no parto era maior nesses casos antigamente?"", ""A gestação com percentil baixo deu certo?"", ""Você pode falar sobre bebê transverso cormico?"", ""Você pode falar mais sobre a síndrome de HELLP na gravidez?"", ""Pode falar um pouco mais sobre robôs que poderiam gestar bebês?"", ""Você já foi assim na barriga da sua mãe?"", ""Nesses casos, o bebê desce, encaixa e sai assim, de forma simples?"", ""O comportamento mostrado é uma adaptação do bebê dentro do útero?"", ""Como posso identificar onde está a cabecinha do bebê?"", ""Como posso saber se o bebê está satisfeito ou com a barriga cheia?"", ""É ele que carrega o bebê na barriga e o gera, ou é a mulher que faz isso?"", ""Como posso saber quando estou ovulando?"", ""Intercalar as fórmulas Aptamil RR e Aptamil Sensitive deu certo para o bebê?"", ""Como explicar para uma filha de 10 anos como o bebê vai parar dentro da barriga?"", ""A barriga do bebê tem risco de rasgar?"", ""Qual é a diferença entre este bebê agora e cinco minutos antes, quando ainda estava na barriga?"", ""Como o bebê cabia em uma barriga aparentemente pequena?"", ""Você pode falar sobre a barriga avental após a cesariana e como ela cicatriza?"", ""Por que o bebê não é mostrado com a barriga seca, sem distensão abdominal?"", ""Essa distensão da barriga do bebê se chama \""estoconmozer\""?"", ""Vocês são a favor da vida apenas enquanto o bebê está na barriga?"", ""Já é possível fazer um teste de gravidez nesses casos?"", ""O bebê está sugando muito rápido?"", ""Com 37 semanas e 6 dias de gravidez, se o ultrassom mostrou que o bebê está com a cabeça para baixo, mas ainda não encaixou, e as parteiras disseram que ele está encaixado, o bebê já está encaixado?""]",a8811506b11f3937974bb3b56f48adf2c80081f62795bc6b7ca2fb1ff0eb12b4
89,57,"['mioma', 'miomas', '42', 'cirurgia', 'cm', 'submucoso', 'intramural', 'retirar', 'figo', 'deformidade']",50,"[""Quem tem mioma pode engravidar?"", ""Em vez de gravidez, o caso seria de mioma?"", ""Ter vários miomas de tamanhos diversos, inclusive um comprimindo o endométrio, pode dificultar a gravidez?"", ""Uma mulher que tem miomas consegue engravidar?"", ""Miomas têm relação com a necessidade de fazer cesariana?"", ""Uma gestante de 7 semanas, com mioma uterino e 39 anos e 11 meses, deve se preocupar?"", ""Ter mioma na gravidez faz medo, sim ou não?"", ""Quem tem mioma no útero pode ter parto normal?"", ""Tenho 40 anos, mioma submucoso e tireoide alta; isso aumenta o risco de perder a gravidez novamente?"", ""Uma mulher com mioma e endometriose ainda pode engravidar?"", ""Não seria mais fácil retirar o mioma durante a cesárea?"", ""Os três miomas podem explicar a ausência de sintomas e de um “caroço” na barriga em uma possível gravidez?"", ""Se o ultrassom for feito antes de 5 semanas de gravidez, ele pode ser confundido com mioma?"", ""Uma mulher com vários miomas pode precisar de cirurgia, e existe risco de o médico ter que retirar o útero?"", ""Se o mioma for pequeno e não estiver no colo do útero, é possível tentar o parto normal?"", ""Os meus dois abortos anteriores podem ter sido causados por mioma intramural e subseroso, mesmo sendo pequenos em milímetros?"", ""Há outras gestantes com diagnóstico de miomas?"", ""Quais são os perigos de uma gravidez de 6 semanas em uma mulher de 42 anos com miomas de 10 cm e 7 cm submucosos?"", ""Com miomas FIGO 6 de 5 cm e FIGO 3 de 1 cm, ainda é possível engravidar?"", ""Ter miomas pode afetar a reprodução?"", ""Alguém já fez reposição de progesterona tendo miomas?"", ""Há risco de essa gravidez não evoluir por causa desses miomas?"", ""Os três miomas podem estar causando a perda de muito sangue e o mal-estar que sinto?"", ""Uma mulher de 42 anos com mioma intramural de 5,8 cm e com óvulo que não amadurece consegue engravidar?"", ""O mioma piorou com a reposição de progesterona?"", ""Uma criança pode tomar solução de Lugol?"", ""Essas três verrugas pequenas podem ter aparecido por causa da minha baixa imunidade, mesmo durante o processo de cicatrização?"", ""Como se prepara o sumo de inhame para quem tem mioma?"", ""Quanto custa para retirar um caroço na entrada da vagina?"", ""Existe cirurgia para tratar a barriga distendida?"", ""É normal uma mulher ter dois úteros?"", ""Quem tem mioma pode tomar feno-grego?"", ""É necessário fazer cirurgia para tratar esses miomas?"", ""Qual é o procedimento indicado para retirar um mioma submucoso nessa situação?"", ""Pessoas com mioma podem tomar esse anticoncepcional?"", ""Qual é o valor de uma cirurgia para miomas e de uma histerectomia total?"", ""A idade da mãe aumenta o risco de perda do bebê antes dos 3 meses?"", ""É possível, após um aborto, expelir algo grande e duro, semelhante a um mioma?"", ""Ter 40 anos, estar grávida de 5 semanas, ter adenomiose e sentir cólicas após três perdas aumenta o risco de perder o bebê?"", ""Quem tem excesso de estrogênio por adenomiose profunda corre risco de câncer de colo do útero?"", ""Qual seria um tamanho realmente muito grande para miomas intramurais e subserosos?"", ""Preciso de algum documento que comprove a indicação de parto normal por causa de dois miomas para usar em um possível processo?"", ""A histerectomia por um mioma gigante, com corte abdominal de cima para baixo, pode deixar cicatrizes profundas?"", ""Uma mulher com miomas pode tomar estradiol?"", ""A retirada do útero é uma solução para um mioma pequeno que encosta no endométrio e causa sangramento direto?"", ""O parto normal pode deixar a vagina mais larga?"", ""Quem tem miomas pode usar Utrogestan?"", ""Tenho micropolicistos e um mioma fúndico de 1,2 cm no útero; posso tomar Clomid para me ajudar a engravidar depois de 5 anos tentando?"", ""Uma gestante com vitamina B12 em 113 deve se preocupar com esse resultado?"", ""Uma gestante de 42 anos e com 3 meses de gravidez pode ter um bebê com alguma deformidade?""]",40f419a554c69db224623906d84812bed05df6fdda809e02fbecca7dfe7c36c1
90,56,"['pai', 'neto', 'leia', 'luccas', 'lucas', 'robson', 'felipe', 'furacão', 'vinícius', 'júnior']",50,"[""O Lucas é o pai do bebê?"", ""O pai do bebê é o Lucas?"", ""Lucas é o pai da gravidez?"", ""O pai do bebê é o Luccas, já que eles são apenas amigos de trabalho?"", ""O pai do bebê é o Lucas Neto?"", ""Felipe é o pai do bebê?"", ""O pai do bebê é o Lucas Neto e ele não quer falar sobre isso?"", ""Filipe é o pai do bebê?"", ""Luccas Neto será o pai do bebê?"", ""O pai do bebê é Filipe mesmo?"", ""Luccas é o pai do bebê?"", ""Lucas Neto é o pai do bebê?"", ""O pai do bebê é o Felipe Neto?"", ""Lucas e a companheira vão ter mais um filho?"", ""O pai do bebê é o Robson?"", ""O filho é do Luccas Neto?"", ""A namorada do Luccas Neto está grávida?"", ""O pai do bebê é o Robson ou o Léo?"", ""O pai do bebê será o Vinícius Jr.?"", ""A irmã do Luccas Neto está grávida?"", ""A irmã do Luccas Neto está grávida de três bebês?"", ""Vinícius vai ser pai?"", ""O Robson é o pai do bebê que a Leia está esperando?"", ""De quem será o bebê, do Robson ou do Léo?"", ""Se a Gi estiver grávida, o Luccas Neto pode ser o pai do bebê?"", ""O fato de a mãe ter sangue Rh negativo, o pai Rh positivo e o filho B positivo tem relação com o autismo do meu filho?"", ""Quem é o pai do bebê de Leia Furacão?"", ""Existe direito de a avó estar presente no nascimento do neto?"", ""Quem é o pai da Leia?"", ""O que aconteceu com o pai do seu filho?"", ""É uma menina, Mariana, ou um menino, Lucas?"", ""O fato de Lucas ter dito que ela não deveria namorar agora, apenas depois dos 42 anos, é suspeito?"", ""Quem é o pai do bebê, se ela não pode namorar?"", ""É verdade que a Leia Furacão está grávida?"", ""O bebê tem relação com Vini Júnior?"", ""A boiadeira perdeu o bebê do Robson?"", ""O Felipe é o pai do bebê da Naty?"", ""Como isso aconteceu se o Lucas não ia deixar?"", ""Luccas está grávida de quantos meses?"", ""Quem está grávida, a namorada de Felipe ou Felipe?"", ""Por que Lucas está feliz com a suposta gravidez de mentira dela?"", ""O bebê tem o DNA do Robson?"", ""Há indícios de que o Robson vai ter um filho?"", ""O filho da pessoa também pode ter deficiência de G6PD se o neto foi diagnosticado com essa deficiência no exame do pezinho?"", ""Por que o Lucas apertou a barriga de grávida?"", ""O Leozinho é o pai do bebê da Leia Furacão?"", ""Leozinho é o pai do bebê de Leia?"", ""O pai do bebê é o Benzema ou o Vinícius Júnior?"", ""Com quem a irmã do Luccas Neto engravidou?"", ""O pai do bebê da Leia é o Robson?""]",a584382195421eee3f1e10179ae1f0341a547c13c7f941511290db2a101971f0
91,76,"['indução', 'shake', 'indutor', 'induzir', 'receita', 'parto', 'óleo', 'prímula', 'induzido', 'foi']",50,"[""É possível ter uma boa experiência com a indução do parto?"", ""Como foi a indução do parto?"", ""Como foi a indicação para a indução do parto?"", ""O que pode ser feito para estimular o parto normal?"", ""A gestante precisou fazer indução do parto?"", ""Foi possível ter o bebê por meio da indução do parto?"", ""Como funciona a indução de parto?"", ""Como funciona o parto induzido?"", ""As induções de parto costumam ser maléficas para os bebês?"", ""Quantos comprimidos foram necessários na indução do parto?"", ""Foi usado comprimido na indução do parto?"", ""É normal ficar três dias em indução de parto e o bebê ainda não nascer?"", ""A indução do parto deu certo?"", ""Por que não senti dor nem nenhuma reação durante a indução do parto com 6 comprimidos?"", ""O shake indutor de parto funcionou para uma gestante com 39 semanas?"", ""Não foram usadas medicações para induzir o parto?"", ""Foi tentado induzir o parto para que fosse normal?"", ""A indução do parto e a cesárea de emergência correram tudo bem?"", ""É normal que, após a indução do trabalho de parto no hospital desde ontem, o bebê ainda não tenha nascido?"", ""O shake indutor de parto funcionou para a gestante de 39 semanas?"", ""Por que foi realizada cesariana após a tentativa de indução do parto?"", ""O que é parto induzido?"", ""Por que você ficou assim depois de tomar o shake indutor de parto?"", ""Nesse caso, será necessário induzir o parto?"", ""Ainda não era trabalho de parto ativo ou o parto foi induzido com comprimido vaginal ou soro?"", ""Qual é a receita do chá de endro mencionado para ajudar o bebê?"", ""Em quais pontos foram colocadas as agulhas da acupuntura?"", ""Qual ponto de acupressão foi feito para induzir o parto?"", ""Há alguma indicação para o uso de óleo de prímula na gravidez?"", ""Esse spray precisa de receita para comprar no pós-parto?"", ""Antes da indução do parto, você comeu tâmaras, tomou chá de canela ou usou óleo de prímula, ou foi direto para esse método?"", ""Quais podem ser as causas das dores abdominais intensas e quais tratamentos são necessários?"", ""Para indução natural do parto, a dose de óleo de prímula é de 1000 mg e ele precisa ser puro, sem misturar com outro tipo de óleo?"", ""O alívio da dor no parto pode atrasar o trabalho de parto?"", ""É normal sangrar bastante quando são colocados remédios para induzir o parto?"", ""Qual é a receita do shake comentado para ajudar na indução do parto?"", ""Indução do parto, descolamento e consumo de tâmaras não acabam dando no mesmo?"", ""Você conhece a base dos medicamentos usados na indução do parto, incluindo princípio ativo, farmacocinética, farmacodinâmica e a forma como o corpo os biotransforma?"", ""Quais são os valores, riscos e benefícios da indução do parto por meio da fita de prolactina?"", ""O descolamento de membrana também é considerado um método de indução do parto?"", ""Quando as dores do parto começarem, devo começar a comer tâmaras?"", ""Por onde devo começar para ter um parto humanizado, de preferência em casa?"", ""Não foi necessário usar ocitocina na indução do parto?"", ""Tâmara, chá de canela com abacaxi ou plantar bananeira realmente aceleram o parto?"", ""Como conseguir o balão de dilatação para induzir o parto?"", ""Existem outros medicamentos para epilepsia além do Depakote que possam ser usados por quem precisa tomar muito cuidado para não engravidar?"", ""É adequado que o obstetra coloque as gestantes diretamente na indução e não respeite o processo natural do parto normal?"", ""Os comprimidos usados para induzir o parto alteram a pressão arterial?"", ""Como foi a indução com a bolinha de Foley?"", ""Quais estratégias podem ajudar a ter um parto mais rápido e natural na gravidez de 24 semanas?""]",bbb9f0431b99888a23cbb7a4e7d121e5bca52b01f791a4469ceac331e55070bd
92,76,"['hospital', 'médico', 'tomou', 'consulta', 'medicamento', 'melhora', 'equipe', 'remédio', 'tratamento', 'conversou']",50,"[""Por que ela não foi ao médico?"", ""Por que ela não foi para o hospital?"", ""Por que ninguém vai com ela ao hospital?"", ""Por que ela não foi levada ao médico?"", ""O que o médico disse ou diagnosticou?"", ""Você poderia me indicar a sua médica?"", ""Por que ela não foi ao médico durante a gravidez?"", ""O médico viu algo a mais?"", ""Há algum problema se ela não quiser ir para o hospital com eles?"", ""Você já conversou com o seu médico sobre essa dor?"", ""Quais foram os sintomas que você apresentou?"", ""Você foi para outro hospital para o parto?"", ""Por que não houve convite para ir ao médico junto durante a gravidez?"", ""Ninguém tomou nenhuma atitude contra esse médico?"", ""Você teve o parto em hospital particular?"", ""Por que minha irmã ficou cerca de 8 dias no hospital?"", ""O médico pode agir contra a vontade da paciente nesse caso?"", ""Devo ir ao pronto-socorro antes da consulta de segunda-feira?"", ""Desde quando esses sintomas começaram?"", ""Você tomou algum remédio para dor?"", ""O hospital não teve culpa, certo?"", ""Você denunciou os profissionais envolvidos?"", ""Ela precisa tomar remédio ou fazer uma cirurgia?"", ""O tratamento e o acompanhamento durante a internação deram certo na gestação?"", ""Se ela estava sem dor, por que tomou analgesia?"", ""Qual medicamento a sua filha tomou para refluxo?"", ""O lugol ajuda a diminuir a estrona?"", ""Por que o exame de toque dói tanto?"", ""As orientações da médica, como reforçar a ingestão de proteínas para conter o inchaço, estão corretas?"", ""Como foi o tratamento, com exclusão total dos alimentos?"", ""Os homens poderiam tomar um remédio para não engravidar ninguém?"", ""Esse valor inclui apenas o hospital ou também a equipe médica?"", ""Como cuidar do filho sem dinheiro para uma consulta particular?"", ""Como adiantar as marmitas durante o fim de semana para a semana?"", ""Por que, na UTI, o bebê só podia mamar o leite da própria mãe e não leite de outras mães?"", ""Você quis dizer medicação bioidêntica?"", ""É preciso esperar o bebê nascer para marcar a primeira consulta com o pediatra?"", ""Em qual hospital de Porto Velho ele vai consultar?"", ""A pessoa mencionada no comentário já saiu da UTI?"", ""A culpa é da criança ou do estuprador?"", ""Esse hospital não tem fonoaudiólogo para atender esse bebê?"", ""No SUS, uma mulher com esse quadro seria internada?"", ""Qual foi a porcentagem de iodo que você tomou?"", ""Você tomou algum medicamento para tratar o TOC?"", ""Você já tomou Pietra ED ou algum medicamento similar para endometriose?"", ""Vocês foram ao hospital para o parto da Olívia e depois foram vê-la?"", ""Como posso provar que o médico plantonista não faria o parto normal no meu caso?"", ""A pessoa mencionada no comentário já apresentou melhora?"", ""Por que ela iria processar o hospital que a fez correr risco de vida?"", ""Após a cesárea, ela saiu do hospital sem tomar remédio?""]",446f9b6954455fccdf987f4282cd0de66532bc09ba81a2771d111b34eef029db
93,79,"['fez', 'teste', 'confirmar', 'exame', 'você', 'sangue', 'resultado', 'positivo', 'gravidez', 'passando']",50,"[""Você fez o exame para confirmar se está grávida?"", ""Qual teste de gravidez você fez?"", ""Você usou o teste de gravidez?"", ""Você fez teste de gravidez?"", ""Você conseguiu fazer o teste de gravidez?"", ""Você fez o teste de gravidez?"", ""Você fez um exame para confirmar a gravidez?"", ""Qual teste de gravidez você usou?"", ""Você conseguiu um resultado positivo no teste de gravidez?"", ""Você fez um teste de gravidez que não mostrou nada?"", ""Quando você fez o teste de gravidez?"", ""Você fez algum teste para saber se está grávida?"", ""Você fez o teste de gravidez e o resultado foi positivo?"", ""Qual foi o resultado do seu exame de gravidez?"", ""Você fez exame de sangue para confirmar a gravidez?"", ""Foi pelo teste que você percebeu que estava grávida?"", ""Você deu positivo no teste de gravidez?"", ""Você já fez o exame de sangue para confirmar a gravidez?"", ""Você já fez o teste de gravidez?"", ""Você já recebeu o resultado positivo do teste de gravidez?"", ""Você não fez teste de gravidez?"", ""Você fez o teste de sangue ou o teste de farmácia para confirmar a gravidez?"", ""Você fez um teste de gravidez e o resultado foi positivo?"", ""Você repetiu o teste de gravidez?"", ""Você repetiu o exame para verificar se estava grávida?"", ""Por que ela não fez cesárea?"", ""O exame de sangue que farei amanhã após a FIV vai indicar se tive um resultado positivo?"", ""Se ela está com cerca de 9 meses de gravidez e não fez exame, por que não está grávida?"", ""Como ele pode não saber o que significam os dois risquinhos do teste de gravidez?"", ""Mesmo com um teste de gravidez com resultado muito clarinho e um sangramento de três dias, é possível que eu esteja grávida?"", ""As mulheres que dão à luz ou têm algum problema na gravidez já chegam com resultado positivo ou negativo desse exame?"", ""Você já fez o exame de sexagem fetal?"", ""Você pode mostrar o teste de gravidez também?"", ""O teste era de gravidez ou de ovulação?"", ""Você já pegou o resultado do exame beta hCG?"", ""Depois de fazer o teste de gravidez hoje, o resultado sai em 3 dias ou menos?"", ""Você já fez um exame de mapeamento da endometriose?"", ""O exame de gravidez feito no médico é o que confirma corretamente a gravidez?"", ""Se para uma delas o teste de gravidez não tivesse dado positivo, isso teria causado frustração?"", ""Devo fazer um teste de sangue para confirmar se estou grávida?"", ""Preciso fazer outro exame para descobrir se estou grávida?"", ""Você fez o teste de gravidez no dia seguinte em que sentiu a dor?"", ""Você fez o teste depois que a menstruação atrasou?"", ""É possível descobrir uma gravidez pelo exame beta-hCG ou também é preciso fazer um teste de farmácia?"", ""Os testes de gravidez deram certo e você confirmou se está grávida?"", ""Você fez um teste de gravidez ou estava passando mal?"", ""O seu teste de gravidez foi positivo?"", ""Você refez o teste de gravidez?"", ""Qual foi o resultado do seu teste de gravidez?"", ""Você fez o teste de sangue para confirmar se está grávida?""]",62505b296e7befb0c1fd9b5ccf645f0437fea8c134a6367e206ff7ce212f5e4b
94,62,"['mexer', 'sentir', 'movimentos', '17', 'semanas', 'normal', 'mexendo', 'bebê', 'gestação', 'barriga']",50,"[""É normal não sentir o bebê mexer por três dias estando com 18 semanas de gravidez, depois de ter sentido movimentos na 13ª semana?"", ""É normal estar com 17 semanas de gravidez e ainda não sentir o bebê mexer?"", ""Na gravidez de 5 meses, já é possível sentir o bebê mexer?"", ""É normal, com 27 semanas de gravidez, não sentir o bebê mexer?"", ""É normal sentir o bebê mexer com 12 semanas de gravidez, mesmo não sendo a primeira gestação?"", ""Na gravidez de 6 meses, é normal sentir o bebê mexer muito pouco em alguns dias?"", ""É normal estar com 16 semanas de gravidez e ainda não sentir o bebê mexer?"", ""É normal o bebê não mexer na barriga com 3 meses de gravidez?"", ""É normal não sentir movimentos do bebê com 7 meses de gravidez?"", ""É normal não sentir o bebê mexer mesmo sendo a quinta gestação?"", ""É normal sentir o bebê soluçando na barriga durante a gestação?"", ""É normal não sentir o bebê mexer com 18 semanas de gestação?"", ""É normal estar com 13 semanas de gravidez e ainda não sentir o bebê mexer?"", ""É normal o bebê parar de mexer na barriga com 6 meses de gestação?"", ""Daqui a pouco já vai dar para sentir o bebê mexendo?"", ""É normal o bebê mexer muito com 19 semanas de gravidez?"", ""É normal o bebê mexer muito com 27 semanas de gravidez, a ponto de parecer que vai sair para fora?"", ""É normal sentir o bebê mexer com 10 semanas na segunda gravidez?"", ""É normal começar a sentir o bebê mexendo com 17 semanas de gravidez?"", ""É normal não sentir o bebê mexer bem com 15 semanas e 4 dias de gravidez?"", ""É normal, com 16 semanas e 3 dias de segunda gestação, ainda não sentir o bebê mexer?"", ""É normal sentir o bebê mexendo às vezes?"", ""É normal sentir o bebê chutar com 16 semanas de gravidez?"", ""É normal o bebê ficar pulando quando a gravidez ainda não está com três meses?"", ""É normal não sentir o bebê com 18 semanas e 6 dias de gestação?"", ""Sentir mexer na barriga, mesmo com testes negativos, pode indicar gravidez?"", ""É normal que um bebê com 35 semanas de gestação ainda não esteja em posição cefálica?"", ""Com placenta anterior, é assim mesmo que se começa a sentir o bebê só por volta de 22 semanas?"", ""Os movimentos do bebê são sentidos na parte inferior da barriga?"", ""É possível ser sedada ou ficar \""apagada\"" para mexer no dente durante a gravidez?"", ""Com 37 semanas e 6 dias de gravidez, é normal sentir que o bebê encaixou em alguns momentos e em outros não?"", ""É normal o bebê parar de mexer depois de ter mexido entre domingo e terça-feira, mesmo com a placenta posterior e uma ecografia feita na segunda-feira mostrando que estava tudo certo?"", ""A movimentação do bebê na barriga pode estar relacionada ao fato de a mãe estar drogada ou estressada?"", ""Por que a ecografia indica 17 semanas e 5 dias de gestação se, pelo meu calendário menstrual, estou com 17 semanas e 2 dias?"", ""Os gases podem atrapalhar a identificação dos primeiros movimentos do bebê?"", ""É normal sentir que o bebê desce até a bexiga com 3 meses de gravidez?"", ""Meu bebê pode estar bem mesmo depois de eu ter jogado bola sem saber que estava grávida?"", ""O que devo fazer se continuar sentindo que a barriga não para de mexer?"", ""É normal a bebê se movimentar muito o tempo todo com 35 semanas e 4 dias de gravidez, em pé, deitada ou sentada?"", ""A mãe consegue sentir os movimentos do bebê na barriga?"", ""A partir de 15 semanas de gestação, é possível começar a diferenciar os movimentos do bebê dos gases?"", ""Com 14 semanas de gestação e placenta posterior, é normal não conseguir diferenciar se o que sinto é gases ou o bebê?"", ""Os movimentos diferentes que sinto na barriga podem ser soluço do bebê?"", ""Pode-se mexer o Aptamil AR com uma colher para ajudar a dissolver?"", ""Com 17 semanas de gravidez e placenta anterior, sentir tremores diferentes de gases pode ser o bebê mexendo?"", ""É motivo de preocupação sentir o bebê mexer menos do que o normal e ter diarreia अचानक aos 27 semanas e 4 dias de gestação?"", ""É normal o bebê que mexia muito com 37 semanas de gestação ficar mais preguiçoso e se mexer menos?"", ""Por ser meu terceiro filho, isso já faz diferença para começar a sentir o bebê na barriga?"", ""Com 17 semanas e 4 dias de gestação, é possível já sentir o bebê de forma rápida e sutil?"", ""Em que semana você começou a sentir os movimentos do bebê?""]",07607cd71e8b3cd0494c3ba32f21077cb43e2a2aa09265996dbd3480a7f9556f
95,78,"['conjuntivite', 'usado', 'olhos', 'olho', 'tratar', 'melhorar', 'verde', 'soro', 'acontece', 'causada']",50,"[""Por que essa bebê teve conjuntivite?"", ""O que acontece quando uma bebê pega conjuntivite?"", ""É normal um bebê ter conjuntivite?"", ""Por que meu bebê pegou conjuntivite?"", ""A bebê com conjuntivite não foi levada ao médico?"", ""O que é a conjuntivite que essa bebê pegou?"", ""A bebê pegou conjuntivite?"", ""A conjuntivite do bebê pode ser sinal de uma doença grave?"", ""Como melhorar a conjuntivite do bebê?"", ""Quando um bebê está com conjuntivite, é preciso levá-lo ao hospital imediatamente?"", ""A remela pode ficar embaixo do olho da bebê?"", ""O que é conjuntivite em bebês?"", ""O que é isso no olho da bebê?"", ""É normal que a bebê continue com remela nos olhos por alguns dias?"", ""Como a conjuntivite acontece em bebês?"", ""A filha melhorou da conjuntivite?"", ""É possível pegar conjuntivite apenas por olhar para a bebê?"", ""Por que o bebê estava com secreção verde nos olhos?"", ""Os sintomas mostrados no bebê são de conjuntivite?"", ""A conjuntivite em bebê é contagiosa?"", ""No começo, a bebê estava com secreção verde nos olhos?"", ""Tem certeza de que isso é conjuntivite no bebê?"", ""Se um recém-nascido nasce com o olho vermelho, isso é sinal de problema e precisa ser avaliado por um médico?"", ""É bom colocar algodão com álcool em um bebê com conjuntivite?"", ""Conjuntivite em bebê acontece quando os olhos não são lavados?"", ""Como melhorar a espessura do endométrio?"", ""Bepantol pode ser usado desde o nascimento?"", ""Qual é o nome do remédio usado para tratar a verminose da filha?"", ""Como tratar a hiperêmese gravídica?"", ""O Ferrix pode ser usado em um bebê de 1 ano e 11 kg?"", ""O que acontece se o bebê engasgar?"", ""Pode colocar soro fisiológico no bebê?"", ""Qual antibiótico foi usado?"", ""O sling está sendo usado corretamente com a parte mais larga embaixo?"", ""É normal acordar com os olhos grudados e chorando?"", ""É preciso suspender a amamentação para tratar a icterícia tardia causada pelo leite materno?"", ""Quando as duas ficarem mais velhas, elas poderão ficar sozinhas em casa?"", ""Em qual hospital vocês conseguiram atendimento?"", ""O que você fez para melhorar o ducto mamário entupido e o leite empedrado?"", ""O leite materno também pode ser usado para tratar conjuntivite em bebê?"", ""O que pode causar a alergia forte nos olhos da minha filha, que surgiu ao nascimento e não desapareceu até quase 11 meses de idade?"", ""Conjuntivite acontece apenas uma vez na vida?"", ""O médico do hospital conseguirá identificar o que está causando os olhos do bebê ficarem muito fechados e grudados?"", ""O termo bebê arco-íris é usado depois que um bebê morre?"", ""A fratura de clavícula da bebê pode ter sido causada pelo médico ou foi consequência do parto?"", ""O açúcar pode causar desconforto intestinal no bebê?"", ""O que fazer quando um bebê de 4 meses tem um caroço na pálpebra que passa de um olho para o outro e fica muito inflamado, sem melhorar mesmo após atendimento médico?"", ""Onde eu peguei conjuntivite?"", ""É normal a secreção ficar verde quando há conjuntivite?"", ""Como melhorar a atrofia?""]",c3f73c531e6a285cc9c50dd430ce1dd985d8e011ed4d628fc3f13759ee6a2429
96,66,"['estrias', 'óleo', 'melasma', 'cicatricure', 'prímula', 'solar', 'creme', 'gel', 'protetor', 'durante']",50,"[""Quais cuidados uma gestante deve ter e quais produtos ela não pode usar?"", ""Quais produtinhos para a pele e o corpo podem ser usados na gestação?"", ""Qual é um bom protetor solar para usar na gravidez?"", ""Você usou protetor solar durante a gravidez?"", ""O uso de creme e óleo durante o dia mancha muito as roupas na gravidez?"", ""Gestantes podem ir à esteticista para fazer depilação?"", ""Existe algum protetor solar seguro para usar na gestação?"", ""Qual marca de protetor solar pode ser usada durante a gestação?"", ""Bio-Oil é bom para estrias na gravidez?"", ""É melhor tirar as unhas em gel durante a gravidez porque elas podem ser perigosas para o bebê?"", ""Qual tinta de cabelo pode ser usada durante a gravidez?"", ""Quais base, pó e rímel podem ser usados com segurança na gravidez?"", ""Você pretende continuar usando esses hidratantes após a gravidez?"", ""Quais outras dicas de segurança durante a gravidez você pode dar?"", ""O uso desses hidratantes para evitar estrias fez a pele do corpo ficar mais lisinha durante a gravidez?"", ""Quais foram as mudanças no seu corpo durante a gravidez?"", ""Na 4ª semana de gravidez, é seguro passar selante sem formol no cabelo e tinta sem amônia?"", ""É normal passar por isso durante a gravidez?"", ""É melhor continuar usando o óleo da Muriel durante toda a gestação ou trocá-lo por outro produto?"", ""É permitido ir para a maternidade com cílios postiços ou alongamento de cílios, ou podem mandar tirar?"", ""O que você usou para tratar a candidíase na gravidez?"", ""Há algum creme recomendado para usar nas axilas escuras devido à gravidez?"", ""É seguro usar o batom da Mary Kay durante a gravidez?"", ""O Bio Oil pode ser usado durante a gravidez ou há ativos no produto que não são indicados para gestantes?"", ""O uso do óleo da Muriel pode ajudar a evitar estrias na gravidez?"", ""Qual foi a dosagem usada durante a gravidez?"", ""Você já está usando enoxaparina durante a gravidez?"", ""O que significam manchas rosadas com marrom na gravidez?"", ""O melasma que estou tendo pode ser devido à gestação?"", ""Quais cuidados uma pessoa com hipotireoidismo deve ter ao engravidar?"", ""A metformina pode ser usada para tratar um cisto policístico no ovário direito?"", ""É possível continuar usando o óleo de prímula depois que o tampão mucoso sai?"", ""A escoliose sempre piora após a gravidez?"", ""Quais itens da linha Niina Secrets são seguros para gestantes?"", ""Qual é o óleo de rícino e onde ele pode ser comprado?"", ""Se eu estiver grávida, posso fazer uma tatuagem esta semana?"", ""Há dicas para ajudar a clarear as manchas escuras na virilha e na região íntima causadas pela diabetes gestacional?"", ""Qual é a dosagem indicada do óleo de prímula na gravidez?"", ""As estrias vermelhas também somem com o uso de Cicatricure gel?"", ""O creme da CeraVe também ajuda na hidratação durante a gravidez, como alternativa ao da ISDIN?"", ""Qual creme de barreira deve ser usado?"", ""Por que as lentes de contato não devem ser usadas durante a gravidez?"", ""Quais cuidados são indicados para quem está grávida e tem trombofilia?"", ""Em quanto tempo o gel Cicatricure começa a fazer efeito nas estrias após a gravidez?"", ""Como você se livrou do melasma que apareceu depois da gravidez?"", ""As maquiagens mencionadas no vídeo são liberadas para uso durante a gravidez?"", ""É melhor ir para a maternidade hoje?"", ""Em uma ida urgente ao hospital de carro durante a gravidez, a gestante pode ir sem cinto de segurança?"", ""É seguro para gestantes fazer viagem de ônibus para longe?"", ""Gestantes podem fazer extensão de cílios?""]",88aeffacf6c561206b4859d7deedf6a6aca96174166712d0f28d10e631546e2f
97,61,"['exercícios', 'exercício', 'começar', 'fazer', 'correr', 'esses', 'partir', 'posso', 'treino', 'terceiro']",50,"[""A partir de quantas semanas de gestação já pode começar a fazer esses exercícios?"", ""Gestantes com 30 semanas de gravidez já podem começar a fazer esses exercícios?"", ""Começar a praticar exercícios na gravidez representa risco para o bebê?"", ""Gestantes de 4 meses, com gravidez saudável até o momento, já podem fazer exercícios?"", ""Qual é o melhor horário para fazer esses exercícios durante a gestação?"", ""Posso fazer esses exercícios também no terceiro trimestre da gravidez, mesmo sem nenhuma restrição médica?"", ""Você fazia algum exercício durante a gravidez?"", ""Posso começar a fazer exercícios no terceiro trimestre da gravidez?"", ""É possível fazer exercícios na primeira semana de gravidez?"", ""Com seis meses e duas semanas de gravidez, quando posso começar a fazer exercícios?"", ""Com quantos meses de gravidez posso fazer esse exercício?"", ""Estou com 40 semanas de gestação e não consigo fazer os exercícios; posso realizá-los assim mesmo?"", ""É possível fazer esses exercícios a partir das 36 semanas de gravidez?"", ""Com quantos meses de gravidez posso fazer estes exercícios?"", ""Gestantes podem fazer exercícios funcionais nos primeiros três meses de gravidez?"", ""Como deve ficar a rotina de atividade física durante a gravidez para quem corre e faz musculação?"", ""Uma mulher sedentária pode começar a praticar exercícios ao engravidar?"", ""Na gestação, é realmente necessário fazer pré-treino ou comer algo antes do treino, principalmente para quem trabalha sentado?"", ""Como foi a preparação feita durante a gravidez, incluindo musculação, aeróbico e outros exercícios?"", ""É possível fazer esse exercício no início da gestação?"", ""Com quantas semanas de gestação esse exercício pode ser feito?"", ""A partir de quantos meses de gravidez devo começar a fazer esses exercícios para aliviar a dor lombar?"", ""Quais exercícios posso fazer com 40 semanas e 4 dias de gestação?"", ""Durante a gravidez, fazer exercícios como rebolar no chão pode amassar ou machucar o bebê?"", ""Na academia, foi feito um treino específico para gestantes?"", ""Em um ciclo de 25 dias, quando devo começar a fazer os testes de ovulação?"", ""O que posso fazer para aliviar essa coceira durante a gravidez?"", ""O que posso começar a fazer para que meu bebê tenha uma mamada mais tranquila na mamadeira?"", ""Uma criança estuprada deve engravidar e correr o risco de morrer?"", ""A partir de quantos dias após um parto cesárea já é possível fazer exercícios no pós-parto?"", ""Com 8 meses de gravidez, posso parir a qualquer momento?"", ""A bicicleta pode fazer o corpo exercer mais esforço na pelve durante a gravidez?"", ""É possível que o colo do útero esteja com tamanho normal nos dois primeiros trimestres da gravidez e depois encurte no terceiro trimestre?"", ""Estou com 15 semanas de gravidez, com provável inflamação no siso e muita dor no maxilar, sem conseguir comer; o que posso fazer?"", ""Caminhadas de 1 hora por dia são suficientes para a rotina de uma gestante?"", ""A partir de quantas semanas de gravidez é possível começar a sentir esses sinais de dilatação?"", ""Em que momento da gestação é possível começar a fazer exercícios com a bola de pilates?"", ""Corticóides podem ser prescritos a partir da 16ª semana de gestação para amadurecer os pulmões do bebê?"", ""É prudente correr durante a gravidez, mesmo com quatro protrusões cervicais e fazendo fortalecimento na academia?"", ""Posso fazer os exercícios na cama, mesmo sem colchonete?"", ""É normal estar no terceiro trimestre de gravidez com o colesterol em 330?"", ""É possível começar as contrações de treinamento com apenas 15 semanas de gravidez?"", ""Quanto tempo após o parto é possível fazer esses exercícios?"", ""É possível fazer exercícios até a 12ª semana de gestação mesmo com enjoos, vômitos, descolamento de 25% e orientação médica de repouso?"", ""Começar a caminhar com cinco meses de gravidez para \""abrir as carnes\"" é mito ou verdade?"", ""É possível fazer esses exercícios durante a menstruação?"", ""Com 31 semanas de gestação, posso fazer esse exercício para encaixar o bebê na pelve?"", ""Uma gestante que corre uma vez por semana pode progredir a distância uma vez por mês?"", ""Existe um jeito certo ou melhor de correr durante a gravidez?"", ""É seguro fazer esses exercícios com 29 semanas de gestação?""]",5bf93b23c5afa1ddc254f49b6dae2d2fccc93e237fb0df147bcf81ab0c782ede
98,47,"['coração', 'ouvir', 'batimentos', 'doppler', 'fetal', 'cardíacos', 'embrião', 'escutar', 'semanas', 'conseguir']",47,"[""É normal não conseguir ouvir o coração do bebê com 13 semanas de gravidez?"", ""Com 13 semanas de gravidez, é normal não conseguir ouvir o coração do bebê com o Doppler fetal em casa?"", ""É normal não ouvir os batimentos cardíacos do bebê em uma ultrassonografia com 5 semanas e 5 dias de gravidez?"", ""É normal não ouvir nem ver o coração do bebê em uma ultrassonografia com 6 semanas e 6 dias de gestação?"", ""É possível ouvir o coração do bebê em casa com 16 semanas de gestação?"", ""É normal não conseguir ouvir o coração do bebê com 10 semanas de gestação usando o doppler fetal em casa?"", ""Quando é possível escutar o coração do bebê batendo na gravidez?"", ""Com quantas semanas de gestação é possível ouvir o coração do bebê em casa com um Doppler fetal?"", ""É normal não conseguir ouvir os batimentos cardíacos do embrião em uma gestação de 6 semanas?"", ""É normal não conseguir ouvir o coração do bebê com 11 semanas e 4 dias usando o doppler fetal em casa?"", ""É normal não conseguir ouvir o coração do bebê com 14 semanas usando o doppler fetal em casa?"", ""É normal não conseguir ouvir o coração do bebê com 12 semanas e 5 dias usando o Doppler fetal?"", ""Com quantas semanas foi possível ouvir o coração do bebê no Doppler fetal?"", ""É motivo de preocupação não conseguir ver os batimentos do bebê em uma gestação de 6 semanas e 2 dias?"", ""É possível escutar o coração do bebê com 15 semanas de gestação usando um doppler fetal?"", ""É normal, com 11 semanas e 6 dias de gravidez, ouvir apenas a placenta no doppler fetal e o coração do bebê aparecer e depois sumir?"", ""Com 11 semanas, quase 12, um valor acima de 100 no Doppler fetal pode ser o coração do bebê?"", ""Com 7 semanas de gestação, o coração do embrião já bate?"", ""Por que, com 9 semanas de gravidez, o ultrassom mostrou apenas o saquinho gestacional e não foi possível ver os batimentos cardíacos do bebê?"", ""É normal que, ao usar um doppler fetal em casa, os batimentos por minuto do bebê apareçam e desapareçam na tela, mesmo com o barulho da placenta?"", ""O meu bebê/feto ainda poderia desenvolver batimentos cardíacos?"", ""Uma gestação de 7 semanas sem batimentos cardíacos fetais (BCF) é considerada inviável?"", ""Em uma gestação de 6 semanas e 1 dia, com embrião de 5 mm, é normal não identificar batimentos cardíacos fetais?"", ""Um embrião de 4 mm com 99 batimentos por minuto, com 6 semanas e 1 dia de gestação, é normal?"", ""Em que momento da gestação o coração do embrião começa a bater: com 18 dias ou com sete semanas?"", ""Um embrião com saco gestacional de 4,61 cm sem batimentos cardíacos é motivo de preocupação?"", ""Com 11 semanas e 5 dias de gravidez, é normal ouvir apenas a placenta ao usar o doppler fetal?"", ""O exame dos batimentos cardíacos do bebê pode dar erro se a gestante não conseguir ficar parada durante as contrações?"", ""Com quantas semanas de gestação foi feito este registro dos batimentos cardíacos do bebê?"", ""É normal, com 15 semanas de gestação, ouvir apenas o som da placenta e não conseguir ouvir o bebê?"", ""É normal o batimento do feto ou do bebê ser mais intenso e chegar a 150 bpm?"", ""Como foi possível escutar o coração do embrião na consulta se os testes de farmácia deram negativo?"", ""O excesso de gordura abdominal pode dificultar ouvir o batimento cardíaco do bebê com o Doppler fetal em casa?"", ""Com quantas semanas de gestação é possível distinguir os batimentos cardíacos do bebê do som da placenta?"", ""A frequência cardíaca baixa no sonar pode indicar sofrimento fetal mesmo quando a ultrassonografia mostra normalidade?"", ""Um embrião de 4,5 mm com batimentos cardíacos de 74 bpm, medindo 6 semanas e 1 dia na ultrassonografia, ainda pode evoluir?"", ""O coração do embrião vai bater se forem usadas duas doses de Cytotec?"", ""Como o feto pode não ter batimentos cardíacos se o coração é o primeiro órgão a se formar?"", ""Uma frequência cardíaca de 72 batimentos por minuto no monitor fetal é normal?"", ""O que fazer se o doppler fetal cair no celular, desligar e não quiser ligar novamente?"", ""Por que não se pode ficar ouvindo o coração do bebê por mais de 1 minuto?"", ""Quantos centímetros ou milímetros costuma ter um embrião com 6 semanas e 6 dias de gestação?"", ""Uma gestante com 21 semanas, com gravidez de risco por causa de febre reumática no coração, pode ter parto normal ou precisará de cesárea?"", ""Como configurar o Doppler fetal para português?"", ""Em uma gestação de gêmeos, como é possível identificar os sexos dos bebês pela sexagem fetal?"", ""Como ativar a função de escutar ao vivo para ouvir o coração do bebê no iPhone?"", ""Por que o Kaleb se alimenta pelo coração?""]",c24f4c3c427e92a2b4a0a36c6cebbb19ff9042a36a20160b3638ed0cd0227443
99,71,"['descobrir', 'remédios', 'prejudicar', 'tomar', 'formação', 'paracetamol', 'uso', 'dipirona', 'má', 'antes']",50,"[""Tomei vários remédios prescritos por médicos antes de descobrir que estava grávida de 6 semanas; isso pode ter prejudicado meu bebê?"", ""É perigoso ter tomado dipirona antes de saber que estava grávida?"", ""Tomar antibiótico na terceira semana de gravidez, antes de saber que estava grávida, pode causar má formação no bebê?"", ""O remédio que foi tomado antes de descobrir a gravidez pode ter causado algum problema ao bebê ou aumentado o risco de algo pior?"", ""O bebê pode ter algum problema por eu ter tomado remédios para ansiedade e depressão antes de descobrir que estava grávida?"", ""Um resfriado ou uma gripe com 5 semanas de gravidez pode prejudicar o bebê?"", ""Tomar remédios para gripe e antialérgico uma semana antes de descobrir a gravidez pode afetar o bebê?"", ""O uso de ibuprofeno por alguns dias antes de descobrir a gravidez pode ter prejudicado a gestação ou o bebê?"", ""Na gravidez, posso tomar remédios para gripe?"", ""Se eu não entender os sinais e sintomas ao longo da gestação, isso pode prejudicar o bebê?"", ""O uso de paracetamol, como Tylenol, faz mal para o feto?"", ""Existem antibióticos liberados durante a gestação?"", ""Fazer esmaltação em gel uma única vez, sem saber que não era recomendado, pode afetar a gravidez com 6 semanas de gestação?"", ""É seguro tomar dipirona para dor no início de uma possível gravidez?"", ""O que devo fazer ao descobrir que estou grávida de 2 semanas, se tomo fluoxetina e clonazepam para ansiedade e não consigo parar os medicamentos?"", ""O uso de metronidazol em pomada e comprimido antes de saber que estava grávida pode causar algum problema, e o que fazer agora?"", ""O uso de amoxicilina na gravidez, com 7 semanas de gestação, pode fazer mal ao bebê?"", ""Na gravidez, a dipirona pode ser usada no lugar do paracetamol?"", ""O uso de garrafada no comecinho da gravidez, antes de saber que estava grávida, pode ser perigoso para o bebê em formação ou causar algum problema?"", ""Um tratamento com antibióticos feito uma semana após o período fértil pode trazer algum risco caso eu tenha engravidado?"", ""Durante a gestação, é melhor continuar tomando 60 mg de fluoxetina até o fim da gravidez ou procurar outro médico para iniciar outra medicação?"", ""Tomar um comprimido de nimesulida por engano com duas semanas de gravidez pode fazer algum mal?"", ""O uso de amoxicilina por 7 dias e dexametasona por 3 dias, antes de descobrir uma gravidez de 4 semanas, pode prejudicar o bebê?"", ""Qual é o analgésico menos prejudicial durante a gestação?"", ""Tomar dipirona com suspeita de gravidez de duas semanas pode fazer algum mal?"", ""Posso tomar losartana enquanto estou amamentando, mesmo a bula dizendo que ela não pode ser usada porque pode prejudicar os rins do bebê?"", ""Você também estava sem remédios durante o parto?"", ""Por que a minha filha continua com esse problema e ele vai e volta mesmo depois de tomar vários remédios?"", ""Uma gestante de 20 semanas pode tomar citicolina?"", ""A vitamina B12 prescrita durante a gestação pode ter causado pressão oscilando e dores de cabeça?"", ""O bebê da gestante está bem?"", ""Fazer uma química na raiz antes de descobrir a gestação, mesmo tendo ficado como se não tivesse sido feita, pode afetar o bebê?"", ""Você usava algum anticoncepcional antes de descobrir a gravidez?"", ""Uma mãe que está amamentando pode tomar esses remédios homeopáticos?"", ""O ácido salicílico é proibido durante a gestação?"", ""Ter hidrocefalia durante a gravidez pode causar algum problema na gestação?"", ""O uso de Utrogestan na gestação pode causar má-formação na genitália masculina do feto?"", ""O uso de Vitacid pode prejudicar a gravidez mesmo depois de interromper o tratamento?"", ""A doença do gato adquirida na gravidez pode prejudicar o bebê?"", ""Na terceira semana de gravidez, posso ou não ter relação sexual?"", ""O bebê teve alguma sequela após a mãe ter tomado muito chá de boldo sem saber que estava grávida?"", ""O uso de Depakeny no início da gravidez pode ter causado má formação no bebê?"", ""É possível tomar nitrofurantoína no primeiro trimestre da gravidez?"", ""O uso de clonazepam desde 2018 pode afetar o bebê durante uma gravidez de 4 semanas?"", ""O que devo fazer agora que descobri que estou grávida?"", ""A suspeita de gravidez molar é compatível com a presença de restos ovulares?"", ""O uso de dexametasona na gravidez, por volta de 7 semanas, pode prejudicar o bebê?"", ""A gestante pode tomar Zina ODT (dicloridrato de levocetirizina) para rinite durante a gravidez?"", ""O que posso fazer para descobrir se o bebê tem má formação?"", ""Gestantes podem tomar quetiapina?""]",c2ffb142e8872d6c21fce6ce43587fc19ea26f8abdb829662c8075c7af3ff3f5
100,71,"['sexuais', 'relações', 'sexual', 'relação', 'tiveram', 'consequências', 'contrair', 'camisinha', 'teve', 'vagina']",50,"[""Por que uma mulher tem relações sexuais com um rapaz e acaba grávida?"", ""Por que alguém engravidaria, então?"", ""Isso quer dizer que vocês tiveram relação sexual para engravidar?"", ""Devo parar de ter relações sexuais por causa desse problema?"", ""Houve relação sexual sem preservativo?"", ""Houve ejaculação dentro da vagina durante a relação?"", ""Como não é possível engravidar se vocês têm relações sexuais?"", ""Ela já teve relação sexual?"", ""Ela já teve relações sexuais?"", ""Por que ele teve relação sexual com ela?"", ""Por que o homem não usa camisinha?"", ""Houve relação sexual desprotegida?"", ""Vocês tiveram relação sexual?"", ""O marido dela ejaculou dentro dela?"", ""Com quem ela teve relações sexuais?"", ""Se isso acontecer, como tirar o seio com cuidado?"", ""Quais são as possíveis consequências de ter relações sexuais e não criar os filhos depois?"", ""O que pode causar dores durante as relações sexuais ultimamente?"", ""Vocês já tiveram relações sexuais?"", ""Por que vocês fizeram sexo?"", ""Ela teve relações sexuais com alguém?"", ""Na hora de fazer sexo, as pessoas não pensam em usar preservativo?"", ""Isso quer dizer que ela teve relação sexual?"", ""Então ela transou?"", ""Como alguém vai parar de ter relações sexuais na adolescência?"", ""A vagina precisa ficar desse tamanho durante o parto?"", ""Já foi feita pesquisa de trombofilia?"", ""O que devo fazer se, após três cesáreas e 15 anos sem relação sexual, sinto que estou atrofiada e tenho muito medo de voltar a ter relações sexuais?"", ""Se a pessoa não consegue contrair o abdômen, ela consegue contrair a vagina?"", ""Você tentou ordenhar e congelar o seu leite?"", ""Quais são as consequências e os riscos para o parceiro ao entrar em contato com essa substância?"", ""Por que a mulher é tocada na parte íntima da frente?"", ""É possível ter relação sexual sem camisinha ou sexo oral durante a reposição vaginal de progesterona?"", ""Ter um companheiro e voltar a ter relações pode comprometer o resultado da perineoplastia?"", ""O que posso fazer para o outro seio ficar tão cheio quanto o primeiro?"", ""Uma pessoa com câncer terminal pode ter relações sexuais, engravidar e dar à luz?"", ""É normal sentir dor e incômodo durante a relação sexual na gravidez, mesmo sem sangramento?"", ""Você pode me passar o contato da pessoa que ajudou a interromper a gravidez?"", ""Os postos de saúde distribuem camisinhas?"", ""Quais são as consequências para a saúde de fazer um aborto, não usar preservativo e ter troca constante de parceiros?"", ""Existem exercícios para relaxar a musculatura para a atividade sexual?"", ""Como é possível ajudar e entrar em contato com essa senhora?"", ""Por que as outras mulheres não dão à luz de cócoras, como as índias?"", ""Você tomou o shake e não conseguiu dilatar?"", ""Se eu e meu marido fizermos um estudo genético antes da gestação, os riscos de o bebê nascer com alguma anomalia são eliminados?"", ""Por que ela teve relações sexuais se não tinha dinheiro para ter um filho?"", ""Você já tentou fazer massagem na barriguinha dela?"", ""Onde está a camisinha?"", ""Como saber qual é o tamanho ideal do pessário entre P, M e G?"", ""Se uma pessoa não teve relações sexuais há meses e a menstruação atrasar, o atraso pode ter outras causas além de gravidez?""]",0a106c8a4a6d75c71247e98cdb2254b4d93e58fab759a81f4dcf8f0117d06437
101,70,"['data', 'prevista', 'nascimento', 'olívia', 'janeiro', 'fevereiro', 'da', 'provável', '30', '26']",50,"[""A data prevista para o nascimento da Olívia é 1º de fevereiro?"", ""A data prevista para o nascimento da Olívia é 31 de janeiro?"", ""A data prevista para o nascimento da Olívia é 27 de janeiro?"", ""A data prevista para o nascimento da Olívia é 28 de janeiro?"", ""A data prevista para o nascimento da Olívia é 29 de janeiro?"", ""A data prevista para o nascimento da Olivia é 3 de fevereiro?"", ""A data prevista para o nascimento da Olívia é 22 de janeiro?"", ""A data prevista para o nascimento da Olívia é 30 de janeiro?"", ""A data prevista para o nascimento da Olívia é 2 de fevereiro?"", ""A data prevista para o nascimento da Olívia é 7 de fevereiro?"", ""A data prevista para o nascimento da Olívia é 27 ou 29 de janeiro?"", ""A data prevista para o nascimento da Olívia é dia 5 ou dia 7?"", ""A data prevista para o nascimento da Olivia é 29 de janeiro ou 14 de fevereiro?"", ""A data prevista para o nascimento da Olívia é 25 de fevereiro ou 15 de janeiro?"", ""A data prevista para o nascimento da Olívia é 26 de janeiro ou 8 de fevereiro?"", ""O nascimento da Olívia está previsto para 3 ou 4 de fevereiro?"", ""A data de nascimento da Olívia é 30/01?"", ""A data de nascimento da Olívia será 31 ou 1º de fevereiro?"", ""A data prevista para o nascimento da Olívia é 21 de outubro?"", ""A data mencionada para o nascimento da Olívia é dia 25?"", ""A data de nascimento da Olívia é 31 de janeiro?"", ""A data de nascimento da Olívia será 2 de fevereiro ou 12 de janeiro?"", ""O que você acha da data de 30 de janeiro para o nascimento da Olívia?"", ""A data de nascimento da Olívia será mesmo 3 de fevereiro?"", ""Qual é a data prevista para o nascimento da Olívia em fevereiro: dia 1, 2 ou 19?"", ""É cedo para fazer um teste de gravidez com 8 dias antes da data prevista da menstruação?"", ""Por que, há 25 ou 30 anos, faziam esse corte no parto normal?"", ""Qual é a data prevista para o parto?"", ""O efeito retroativo conta a partir da data do julgamento ou da data em que o STF declarou a inconstitucionalidade?"", ""O que é a data de registro e onde ela fica na certidão?"", ""Como um bebê é gerado e como ocorre o nascimento?"", ""A data de nascimento da Olívia será 04/02/2026?"", ""Qual é a data prevista para o nascimento da Olívia?"", ""Qual é a data correta da DPP quando os ultrassons mostram datas diferentes?"", ""A data de nascimento da Olivia é dia 31?"", ""A data de nascimento da Olívia será 4 ou 26 de janeiro?"", ""A data prevista para o nascimento da Olívia é 30 de janeiro ou 30 de fevereiro?"", ""A data de nascimento da Olívia é mesmo 28 de janeiro e está confirmada?"", ""Em que dia a Olívia nasceu, ou qual é a data de aniversário dela?"", ""A data de nascimento da Olívia será em 31 de janeiro ou em 3 de fevereiro?"", ""A data de nascimento da Olívia será 28 de janeiro ou 7 de fevereiro?"", ""A data de nascimento da Olívia será 12 de fevereiro?"", ""A data de nascimento da Olívia é 22 de janeiro?"", ""A data de nascimento da Olívia é 18 ou 19 de janeiro?"", ""A data de nascimento da Olívia está marcada para 4 de fevereiro?"", ""A data de nascimento da Olívia é 26 de fevereiro ou 26 de janeiro?"", ""A data de nascimento da Olivia é 2 de fevereiro?"", ""A data de nascimento da Olívia é 8 de fevereiro?"", ""O que acontece se o bebê nascer antes da data prevista para 16 de setembro?"", ""Qual é a conta usada para calcular a data provável do parto?""]",fd0e433d3097626b79733232edc68614c6be32d471393196956a9e096499de87
102,61,"['clarinha', 'mãe', 'sabe', 'novo', 'esperando', 'grávida', 'está', 'da', 'yuri', 'valentina']",50,"[""A Clarinha já sabe dessa gravidez?"", ""A mãe da Clarinha está grávida?"", ""É verdade que a mãe está grávida e que a Clarinha vai deixar de ser a caçula?"", ""É verdade que a mãe da Clarinha está grávida novamente?"", ""A mãe de Clarinha está grávida?"", ""A mãe da Clarinha está grávida de novo?"", ""A mãe da Clarinha está esperando uma menina ou um menino?"", ""É verdade que a mãe da Clarinha está grávida de novo?"", ""A mãe da Clarinha vai ficar grávida de novo?"", ""Já contaram para a Clarinha que a mãe dela está grávida?"", ""A mãe da Clarinha está grávida ou é apenas impressão?"", ""A Clarinha já sabe que a mãe dela está grávida?"", ""A Clarinha já sabe que a mãe está grávida de novo?"", ""A mãe da Clarinha está esperando outra menina ou outro menino?"", ""A Clarinha já sabe que você está grávida?"", ""A mãe da Clarinha está grávida de novo e ela vai ganhar um irmãozinho ou uma irmãzinha?"", ""É verdade que a mãe da Clarinha está grávida de novo, ou isso é brincadeira?"", ""A mãe da Clarinha pode estar grávida de gêmeos?"", ""É verdade que a mãe da Clarinha está grávida ou isso é mentira?"", ""Você já contou para a Clarinha que está grávida de novo?"", ""Se a mãe da Clarinha estiver grávida novamente, o bebê é menina ou menino?"", ""A mãe da Clarinha vai ter mais um bebê?"", ""Clarinha já sabe da gravidez ou a surpresa ainda será feita para ela?"", ""A mãe do bebê está grávida de novo?"", ""O bebê que a mãe da Clarinha está esperando será menina ou menino?"", ""A mãe da Valentina está realmente grávida ou foi apenas uma brincadeira?"", ""A mãe da Aline está grávida novamente?"", ""A gravidez da Beatriz vai voltar?"", ""A mãe de Alec está grávida?"", ""O bebê que a mãe está esperando vai ser menina, para ser blogueirinha junto com a Clarinha?"", ""Você sabe em que dia ocorreu a ovulação?"", ""A Gracie está grávida de novo?"", ""Como você sabe que se trata de uma pedra grávida?"", ""A filha também sabe falar português?"", ""A gestante está esperando uma filha ou um filho?"", ""A Clarinha sabe o sexo do bebê?"", ""A inteligência do bebê é herdada da mãe?"", ""A mãe da Clarinha Encantada está grávida mesmo?"", ""A Clarinha ficou feliz ou triste ao saber que você está grávida?"", ""O pai do bebê da Nathy é o Tonho ou alguém da produção?"", ""Qual será a reação da Clarinha, do Yuri e do marido quando souberem da gravidez?"", ""De quem a mãe está grávida?"", ""Você sabe como funciona o parto normal?"", ""Você está grávida e a Clarinha e o Yuri vão ganhar um irmãozinho?"", ""De quem é o bebê que ela está esperando?"", ""Uma pessoa sem maturidade pode ser mãe?"", ""Por que ela não pode ser mãe?"", ""Devo comprar mais um teste de gravidez para ver se estou grávida de novo?"", ""A mãe não está com barriga de gravidez?"", ""Será que, em vez de um bebê, ela está esperando dois?""]",00547dea4fd6c713050acc19013b8ea07440fd97fa62600de5a7ab69942cf6af
103,52,"['ácido', 'fólico', 'metilfolato', 'ferroso', 'sulfato', 'mg', 'autismo', 'suplementar', 'tomando', 'recomendação']",50,"[""É necessário tomar ácido fólico três meses antes de engravidar e continuar após a gravidez?"", ""Por que mulheres grávidas usam ácido fólico?"", ""É melhor comprar suplementos próprios para gestantes em vez de tomar ácido fólico de 5 mg?"", ""Devo tomar ácido fólico três meses antes de engravidar?"", ""Quanto ácido fólico deve ser tomado por dia na gravidez?"", ""Durante a gravidez, ferro e ácido fólico não devem ser tomados, não servem ou não funcionam?"", ""Qual suplemento deve ser tomado antes de engravidar: metafolato ou ácido fólico?"", ""O correto é tomar metilfolato antes, durante e após a gestação?"", ""Qual é a recomendação de referência para o ácido fólico?"", ""Como saber se o organismo converte o ácido fólico no corpo durante a gravidez?"", ""Metafolato é melhor do que ácido fólico para quem está tentando engravidar?"", ""É muito tempo tomar ácido fólico e sulfato ferroso desde que engravidei até o bebê nascer?"", ""Qual é o melhor horário para tomar ácido fólico ou metilfolato na gravidez?"", ""Na segunda gravidez, posso tomar metilfolato em vez de ácido fólico?"", ""Por que a receita indica apenas três meses de uso de ácido fólico na gestação?"", ""O ácido fólico e o sulfato ferroso devem ser usados junto com essa suplementação na gravidez?"", ""Em qual farmácia posso encontrar ácido fólico ou metilfolato para usar na gravidez?"", ""É permitido tomar ácido fólico com 4 semanas de gravidez porque eu estava me sentindo fraca?"", ""Se eu suplementar com essa vitamina, posso deixar de usar ácido fólico e sulfato ferroso na gestação?"", ""Qual é a melhor marca de ácido fólico?"", ""Estou grávida de 2 meses e tomando 200 mg de metilfolato; essa quantidade está correta?"", ""É mesmo necessário tomar suplementos como ácido fólico, sulfato ferroso e cálcio durante a gravidez, especialmente no caso de uma gestante com mais de 40 anos?"", ""Quem está tentando engravidar deve continuar tomando ácido fólico de 5 mg receitado pelo SUS?"", ""Para que servem o ácido fólico e o iodo na mulher, especialmente na gravidez?"", ""Por que não suplementar com metilfolato, que é a forma ativa do ácido fólico?"", ""É permitido usar ácido retinoico durante a amamentação?"", ""Existe relação entre o uso de ácido fólico na gravidez e o aumento de diagnósticos de autismo, TDAH e outros transtornos nas crianças?"", ""O Femibion 3 deve continuar sendo usado enquanto o bebê mama?"", ""Existe algum exame para saber se tive toxoplasmose no passado?"", ""A dose de 5 mg de ácido fólico fornecida pelo SUS é alta, considerando que a recomendação é de 400 a 600 mcg?"", ""Uma gestante de 20 semanas que não tomou ácido fólico nem sulfato ferroso pode ter um bebê malformado?"", ""O metilfolato é indicado porque dá mais lucro?"", ""Por que a OMS não recomenda suplementos de folato mais caros em vez de ácido fólico?"", ""Qual é a opinião sobre a dosagem de ácido fólico fornecida pelo SUS para gestantes?"", ""Existe algum exame para saber se o meu organismo consegue metabolizar o ácido fólico?"", ""Se a gestante já tomava creatina antes de engravidar, pode continuar tomando?"", ""É difícil comprar metilfolato?"", ""A dose de 5 mg de ácido fólico indicada pelos médicos em Portugal na gravidez é muito alta?"", ""O metiofolato contém ácido fólico na sua composição?"", ""Qual ácido fólico é indicado para quem está tentando engravidar após tratamento para SOP?"", ""Qual é a recomendação atual para engasgos com líquidos em bebês?"", ""Por que o ácido fólico não era usado antes, no tempo das mães?"", ""Durante a gestação, posso continuar tomando o sulfato ferroso em jejum ao acordar e o ácido fólico uma hora depois do almoço?"", ""Tomar metilfolato para tentar engravidar ajuda?"", ""Você tomou ácido fólico durante o período de um ano de tentativas para engravidar?"", ""Existe algum exame ou procedimento para detectar autismo durante a gravidez?"", ""O ácido fólico não é 0,5 mg?"", ""Após um mês e oito dias tomando ácido fólico, já é possível tentar engravidar ou é preciso esperar três meses?"", ""Quem está amamentando pode fazer selagem Let Me Be Protein, sem formol e à base de ácido?"", ""O uso de ácido fólico durante toda a gestação pode ter causado autismo no filho?""]",9ce855b8d09f881c845ea259ffb4e0456f4d0a2d758d980094adafaf7becae68
104,63,"['bombinha', 'elétrica', 'bomba', 'carregada', 'sucção', 'liga', 'borracha', 'engolir', 'errada', 'uso']",50,"[""Quanto tempo devo deixar a bombinha elétrica carregando?"", ""O uso da bombinha elétrica dói?"", ""A bombinha elétrica pode ser usada enquanto está carregando?"", ""A bombinha elétrica funciona bem para quem tem bico pequeno ou ela é muito grande para esse caso?"", ""Se eu tiver apenas uma bombinha, ainda posso fazer esse procedimento?"", ""A bombinha que você tem é essa mesma?"", ""A sua bombinha elétrica é igual à minha?"", ""Por que a bombinha elétrica não está tirando praticamente nada, se no primeiro dia eu consegui tirar 120 ml?"", ""Como saber se a bombinha elétrica está carregada?"", ""Essa bombinha elétrica serve para quem o bebê não está pegando o peito?"", ""Alguém já ferveu a bomba uma vez e ela continuou funcionando normalmente?"", ""A bombinha elétrica que comprei é falsa?"", ""Há alguma dificuldade no uso da bomba?"", ""Você ferveu a bomba?"", ""Estou usando a bombinha elétrica de forma errada, já que sinto muita dor ao usá-la?"", ""A sua bomba quebrou?"", ""O que posso fazer se a bombinha elétrica não carrega de jeito nenhum?"", ""A bombinha elétrica de leite que você usa é igual a esta?"", ""A bombinha elétrica deveria vir com a borracha da boca dos seios?"", ""A bombinha elétrica pode fazer pressão no seio?"", ""É normal se adaptar ao uso da bomba extratora com o tempo?"", ""É normal ver a fumaça sair da bombinha durante o uso na minha filha?"", ""Você conseguiu fazer a bomba funcionar?"", ""Como saber se a bombinha elétrica está carregada quando ela fica piscando ao ser colocada no carregador?"", ""Quantas vezes ao dia o power pump deve ser feito?"", ""Como funciona a chamada \""pedra grávida\""?"", ""Que tipo de sucção é essa?"", ""Quanto tempo faz que foi o parto?"", ""O que fazer se uma criança engolir moedas?"", ""A borrachinha protetora da bombinha elétrica precisa ser furada para encaixar no extrator?"", ""Se ela for colocada para cruzar, ela terá os bebês?"", ""É perigoso engolir uma bateria?"", ""Por que um furo de agulha faz com que muito líquido se perca lentamente?"", ""Sem essa borracha, a bombinha consegue fazer pressão suficiente?"", ""O procedimento mostrado pode ferir a boca do bebê?"", ""Quando você fala em ficar úmido, está se referindo à parte que encaixa no peito?"", ""Há quanto tempo essa bomba extratora foi comprada?"", ""Você está tendo muita dificuldade por causa dessa barriga?"", ""Por que a minha bomba não faz mais sucção depois de ser fervida?"", ""A bombinha elétrica mencionada era da Shopee?"", ""Quantas vezes por dia essa massagem na cesárea deve ser feita?"", ""Como conseguir fazer os 10 segundos de uso da bombinha em um bebê de 9 meses se ele não deixa?"", ""É obrigatório oferecer ao bebê o leite coletado com a bombinha depois da ordenha, ou a bombinha pode ser usada apenas para estimular a produção de leite?"", ""Quantas vezes por dia devo fazer isso para aliviar o leite empedrado?"", ""O bebê já estava se engasgando e com dificuldade para engolir?"", ""A sucção da minha bomba não funciona; ela estragou?"", ""Por que a bomba elétrica mostra que está carregada, mas não liga?"", ""Você consegue indicar um link nacional para comprar o diafragma dessa bomba?"", ""Por quanto tempo devo permanecer nessas posições para ajudar o bebê a virar da posição pélvica?"", ""A bombinha elétrica permite usar os dois modos ao mesmo tempo ou apenas de forma alternada?""]",96723e4769f00222485b6a5701b9b9988e0e836d1d53518f2369525200fd6a9b
105,65,"['remédio', 'engravidar', 'existe', 'impedir', 'tentando', 'rápido', 'espermatozoides', 'contínuo', 'dicas', 'deseja']",50,"[""O que posso fazer para engravidar sem precisar passar por tratamentos?"", ""O que posso fazer após quase um ano tentando engravidar sem conseguir?"", ""O remédio para engravidar rápido deu certo?"", ""O que posso fazer para conseguir engravidar depois de tentar por quase dois anos sem sucesso?"", ""Existe remédio para engravidar quando a mulher não consegue engravidar?"", ""Há um ano tentando engravidar sem sucesso, o que pode ajudar a aumentar as chances?"", ""O que posso fazer se tento engravidar e não consigo?"", ""Existe algum remédio para engravidar mais rápido?"", ""Existe algum remédio para a mulher engravidar?"", ""Como é engravidar logo no primeiro mês de tentativa?"", ""O que se pode esperar ao tentar engravidar pela primeira vez?"", ""O médico passou alguma vitamina ou remédio para ajudar na preparação para a gravidez?"", ""Por que estou tentando engravidar e não estou conseguindo?"", ""Demorar mais para engravidar pode fazer com que eu tenha um filho com problemas?"", ""Quais dicas podem ajudar a engravidar mais rápido após mais de 7 meses tentando?"", ""O que devo fazer para conseguir engravidar, se já se passaram sete anos sem uso de anticoncepcionais e sem abortos e eu já tive duas cesarianas?"", ""Como engravidar mais rápido?"", ""Ela está tomando remédio para engravidar?"", ""Existe algum remédio para aumentar a ovulação em uma mulher que deseja engravidar?"", ""Tenho 20 anos, meu período é irregular e estou tendo dificuldade para engravidar; o que posso fazer?"", ""Qual é o nome do remédio hormonal indicado para engravidar?"", ""Quais podem ser as causas de minha esposa não conseguir engravidar?"", ""Por que, depois de ter perdido dois bebês há dois anos, eu não consigo engravidar?"", ""Por que eu não consigo engravidar, mesmo tendo boa saúde, enquanto outras mulheres engravidam com facilidade?"", ""Por que minha filha não consegue engravidar?"", ""Você deu algum remédio para o refluxo da sua bebê?"", ""Corrimento amarelo-esverdeado pode ser tampão mucoso na gravidez?"", ""Existe uma hierarquia de maternidade?"", ""Qual remédio foi tomado para tratar a candidíase durante a gravidez?"", ""Quais dicas para cuidar da esposa no pós-parto, especialmente em relação à alimentação?"", ""O bebê pode se enrolar e impedir um parto normal ou natural?"", ""Depois de uma gestação química, quanto tempo devo esperar para tentar engravidar novamente?"", ""Esse chá que as pessoas comentam pode fazer uma mulher laqueada engravidar também?"", ""Depois de oito meses sem tomar um remédio de uso contínuo, ele ainda pode estar fazendo efeito?"", ""Como saber se a ausência de menstruação pode ser causada pelo uso de remédio contínuo?"", ""Com dois meses de gravidez e após sentir cólica, eu posso ter perdido o bebê?"", ""As aderências podem prejudicar ou impedir a fertilidade de quem está tentando engravidar?"", ""Um homem pode ter mais espermatozoides X do que Y e, por isso, ter mais chances de gerar meninas?"", ""É possível engravidar se a menstruação está ausente há quase dois anos?"", ""A maca peruana é indicada apenas para quem está tentando engravidar?"", ""Quem toma esses remédios ainda tem chance de ser pai pela primeira vez?"", ""Existem remédios gratuitos nos postos de saúde para evitar a gravidez?"", ""O que posso fazer para conseguir pagar uma cesariana nesta gestação?"", ""Existe reprodução assistida que não seja inseminação artificial?"", ""Tomando novamente o chá de uxi amarelo e unha de gato, é possível engravidar após ter tido síndrome de HELLP?"", ""Existe algum combo para estimular a fertilidade em quem deseja ter filhos?"", ""Por que não estou conseguindo engravidar mesmo já tendo tomado progesterona e ácido fólico?"", ""O que pode ser feito quando o esposo tem uma quantidade muito pequena de espermatozoides e não quer fazer tratamento para engravidar?"", ""O uso contínuo de um remédio pode influenciar na dificuldade de engravidar depois que ele é suspenso?"", ""Além de tomar uxi amarelo e unha-de-gato no segundo ciclo, o que mais devo fazer para engravidar?""]",f7eb20d3070d97b9d4375d9805e96308dae91daf90a3ff2ca0cd50d2e02299e4
106,64,"['comer', 'suco', 'comida', 'alimentar', 'introdução', 'meses', 'oferecer', 'carne', 'laranja', 'pediatra']",50,"[""Um bebê de 4 meses já pode comer?"", ""Por que dar comida a uma bebê de 4 meses?"", ""Um bebê pode começar a comer com 4 meses?"", ""Quem recomendou dar comida a uma bebê de 4 meses?"", ""Com quantos meses posso começar a oferecer comida ao bebê?"", ""Ainda acha que é vantagem a alimentação mostrada para uma bebê de 4 meses?"", ""É irresponsabilidade oferecer alimento sólido a um bebê de 4 meses?"", ""Com que idade o bebê começa a comer?"", ""É recomendado oferecer suco e carne para um bebê de 4 meses?"", ""Qual é a necessidade de fazer introdução alimentar antes dos 6 meses, se o recomendado é após essa idade?"", ""É indicado oferecer carne para um bebê de 4 meses?"", ""É adequado oferecer comida sem sal e suco para um bebê tão pequeno?"", ""Foi consultado o pediatra antes de iniciar a introdução alimentar?"", ""Por que tanta pressa em fazer uma criança comer?"", ""O que é permitido e o que é proibido para um bebê de 1 ano comer?"", ""Qual kit você indica para a introdução alimentar do bebê?"", ""É correto dar suco, água ou laranja para uma bebê de quatro meses?"", ""É muito cedo para um bebê de 4 meses comer, tomar suco e sentar?"", ""O bebê pode parar de comer por causa do nascimento dos dentes?"", ""Quais são os sinais de prontidão para começar a introdução alimentar em um bebê de 6 meses?"", ""O pediatra vai me repreender na consulta porque minha bebê não está aceitando comida?"", ""A introdução alimentar deve começar a partir dos 6 meses?"", ""Em outros países, a orientação médica é fazer a introdução alimentar aos 4 meses?"", ""Posso oferecer suco ou chá para minha bebê de 4 meses?"", ""Com quantos meses o bebê tinha quando esse cuidado com os remédios e a extração de leite começou?"", ""O Norestim é recomendado apenas até os 6 meses do bebê?"", ""Tomar \""tacacar\"" pode afetar meu bebê de 3 meses?"", ""Após uma cesárea, é possível comer uma comida bem leve em vez de mascar chiclete para ter um efeito melhor?"", ""Como posso suplementar a alimentação do meu bebê de 2 anos e 5 meses, que quase não come frutas, carnes e feijão?"", ""Por que o suco das frutas tem mais açúcar do que comer a fruta?"", ""Estou amamentando uma bebê de um ano e dois meses; posso usar Vitacid?"", ""Pode comer sushi logo após ter um filho ou durante o resguardo?"", ""Um bebê que nunca mamou no peito e recebeu apenas suco pode ter algum prejuízo no desenvolvimento?"", ""A bebê da outra pessoa melhorou e passou a aceitar a fórmula?"", ""Esse modo de alimentar o bebê é agressivo?"", ""Um bebê de 4 meses pode receber Mucilon?"", ""É possível congelar o arroz para o bebê?"", ""Um bebê pode beber água de coco Pondé?"", ""Depois da aversão alimentar durante a gravidez, você voltou a conseguir comer normalmente?"", ""O Aptamil Pro precisa ser agitado antes de ser oferecido a uma bebê de 5 meses?"", ""O que o bebê pode comer se não tiver Danoninho?"", ""A comida de um bebê pode ser batida ou triturada na introdução alimentar?"", ""No pós-cesariana, é permitido comer bacalhau?"", ""Uma mãe que está amamentando um bebê de 9 meses, que já come outros alimentos, pode tomar anticoncepcional?"", ""Você está oferecendo comida para a mãe que está amamentando?"", ""Você já tentou oferecer a fórmula com mucilon para a bebê?"", ""É permitido comer Doritos no pós-cesariana?"", ""Como a bebê foi medida na consulta ao pediatra?"", ""É possível que uma criança só tenha contato com sal a partir dos 7 anos de idade?"", ""A Sociedade Brasileira de Pediatria recomenda dar alimentos ou água antes dos 6 meses?""]",0e8683954354d0bdb7a9d9ae341bb1e33398d862c2720f8e0c98ac1cbda7f361
107,73,"['engravidar', 'tentando', 'vocês', 'tentar', 'tentativas', 'contraceptivo', 'conseguir', 'você', 'todos', 'método']",50,"[""O que você fez para engravidar?"", ""Depois de quantas tentativas conseguiram engravidar?"", ""Você conseguiu engravidar?"", ""Você já conseguiu engravidar?"", ""Você fez algo diferente para conseguir engravidar?"", ""Vocês conseguiram engravidar depois de tentarem?"", ""Vocês estão tentando engravidar há muito tempo?"", ""Há quanto tempo você estava tentando engravidar?"", ""Você teve relações sexuais para engravidar?"", ""Você estava tentando engravidar?"", ""Como assim estava tentando engravidar?"", ""Vocês ainda estão tentando engravidar?"", ""Vocês estão tentando engravidar?"", ""Vocês conseguiram engravidar?"", ""Você começou a tentar engravidar novamente?"", ""Quantas vezes vocês tentaram engravidar?"", ""Vocês tiveram relações sexuais para tentar engravidar?"", ""Vocês tiveram relação sexual para tentar engravidar?"", ""Demorou muito tempo para conseguir engravidar?"", ""Você fez algum tratamento para engravidar?"", ""Como foi o processo de tentar engravidar?"", ""Se vocês estão tentando todos os dias, isso quer dizer que estão tentando engravidar?"", ""Você tomou alguma coisa e mesmo assim engravidou?"", ""Quando você vai engravidar?"", ""Vocês vão conseguir continuar tentando engravidar todos os dias?"", ""Você dá Colidis ao bebê todos os dias?"", ""O que devo fazer para conseguir viver melhor sem dores todos os dias depois da cesárea?"", ""Existe algo que uma gestante com colestase gestacional possa fazer?"", ""Como fica a questão do aborto em caso de falha do método contraceptivo?"", ""Se for encontrado algum atraso ou alteração no desenvolvimento fetal, existe algum tratamento que possa ser feito?"", ""Há quanto tempo ela estava sem menstruar quando engravidou?"", ""A vitamina Folidex pode ser usada por quem está tentando engravidar do segundo filho?"", ""Depois de ter tido uma gravidez fora do útero há 3 anos e não conseguir engravidar desde então, isso pode indicar algum problema?"", ""É loucura suspeitar de gravidez antes do atraso menstrual, especialmente quando a mulher está tentando engravidar?"", ""Como foi o seu processo de parto?"", ""Com quantos anos a mãe de Kaleb engravidou?"", ""Com quantos anos você fez uso do indutor para engravidar?"", ""Por que ela quer engravidar se a babá cuida do bebê?"", ""Você está tentando engravidar com o Void ou já está grávida?"", ""Foram muitas tentativas para engravidar?"", ""Você quer engravidar para que seu marido cuide das crianças?"", ""Há quanto tempo a pessoa estava tentando engravidar?"", ""É normal tentar engravidar por cinco meses sem conseguir?"", ""Você já investigou possíveis causas que possam impedir a gravidez e não encontrou nenhuma?"", ""Antes de engravidar, você praticava algum exercício físico?"", ""Qual era o método contraceptivo que você usava quando engravidou?"", ""Há quanto tempo ela está grávida?"", ""Devo fazer um exame de sangue após tanto tempo tentando engravidar?"", ""Antes de engravidar, você tomou por quanto tempo e quantas vezes na semana?"", ""É normal não perceber muco cervical em clara de ovo e observar apenas um corrimento branco tipo creme, sem cheiro, ao tentar engravidar?""]",c12256965945883f18aca419d9b2a0d56385140fdaf2824c97babe3594326413
108,71,"['fértil', 'relação', 'período', 'ovulação', 'engravidar', 'relações', 'menstruação', 'sexual', 'aplicativo', 'dia']",50,"[""Ter relação quatro dias depois de a menstruação terminar pode causar gravidez?"", ""É possível engravidar se tiver relação no primeiro dia da menstruação, mesmo continuando menstruada normalmente por 7 dias depois?"", ""É possível engravidar após ter relação sexual enquanto estava menstruada?"", ""Ter relação quatro dias antes da ovulação pode causar gravidez?"", ""É possível engravidar se a relação sexual ocorreu e a menstruação desceu no dia seguinte?"", ""É possível engravidar durante a menstruação?"", ""Se a ovulação acontecer 12 dias após o início do ciclo e coincidir com o dia previsto para a menstruação, ainda é possível engravidar?"", ""Perto do período fértil, é possível ter relações todos os dias para engravidar?"", ""A menstruação pode estar enganando ela em relação à possibilidade de gravidez?"", ""Ter relação sexual no último dia do período fértil pode aumentar a chance de gravidez?"", ""É possível engravidar mesmo sem estar menstruada?"", ""É possível engravidar mesmo estando ligada há 10 anos, se a menstruação só vem um pouco e depois some?"", ""É possível engravidar após uma relação desprotegida no último dia da menstruação?"", ""Existe risco de engravidar uma semana depois que a menstruação parar?"", ""É possível engravidar após menstruar de 23 a 26 e ter relações desprotegidas nos dias 28, 1, 2, 3 e 4?"", ""Há possibilidade de gravidez após uma relação com coito interrompido no primeiro dia da menstruação, mesmo tendo menstruado depois e com 5 ou 6 testes de gravidez negativos?"", ""É possível engravidar um ou dois meses após a relação sexual?"", ""Depois da menstruação, quando é possível ter relações sexuais sem risco de gravidez?"", ""É possível estar grávida após ter relação depois do último dia da menstruação sem usar anticoncepcional?"", ""É possível engravidar mesmo tendo menstruado em janeiro?"", ""É possível estar grávida após ter tido relação sexual na sexta-feira?"", ""Uma mulher que está menstruada há dois dias e apresenta muco clara de ovo pode engravidar se tiver relação hoje?"", ""Há risco de gravidez após uma relação sexual ocorrida quase 7 dias depois do fim da menstruação?"", ""Para uma mulher engravidar, é necessário ter relações com o marido no último dia da menstruação?"", ""É possível engravidar mesmo sem menstruar há três ou quatro meses?"", ""Qual aplicativo posso usar para saber o meu período fértil?"", ""Há possibilidade de eu estar grávida após ter tido relações entre os dias 1 e 8 de março, tendo sinal de ovulação no dia 1 e o aplicativo indicando ovulação no dia 8, mesmo com cólicas leves e dor de cabeça?"", ""Esses sintomas que começaram 15 dias após a relação no período fértil podem indicar que o óvulo foi fecundado?"", ""Se o aplicativo Flo está indicando ovulação, isso significa que há chance de engravidar mesmo após a relação durante a menstruação?"", ""Como identificar o período fértil quando não se conhece o próprio corpo?"", ""Tendo menstruado no dia 4 deste mês e tido relações nos dias 8, 9, 12 e 18, com ovulação prevista para o dia 18 no aplicativo, há chance de eu conseguir um positivo neste ciclo?"", ""É para saber se eu estou fértil ou não?"", ""Ter a menstruação em alguns meses antes do previsto no aplicativo pode interferir na tentativa de engravidar?"", ""Você estava no período fértil, ovulando, quando engravidou?"", ""Se saiu um corrimento transparente parecido com clara de ovo e eu quero engravidar, preciso ter relação hoje?"", ""Se a menstruação veio no dia 8 de janeiro e hoje é dia 30, há chances de o teste de gravidez dar positivo ainda esta semana?"", ""É possível que o óvulo tenha sido fecundado após a relação no período fértil?"", ""Por que, mesmo tendo sinais de ovulação e relações sexuais após o fim da menstruação, não consigo engravidar?"", ""Há chances de ter engravidado após ter relações 4 dias antes do pico da ovulação e 4 dias depois, com a menstruação prevista para 14/01/25?"", ""É possível engravidar um dia após o suposto dia fértil indicado pelo aplicativo?"", ""É seguro ter relação sexual depois que o tampão mucoso já saiu?"", ""Você teve relação sexual no dia da sua ovulação?"", ""O que pode significar ter muco com aparência de período fértil depois da ovulação, mesmo após tentar engravidar nos dias 29/12 e 31/12?"", ""Uma mulher laqueada há 10 anos, com a menstruação vindo pouco e depois sumindo, pode estar grávida?"", ""Com 8 dias de atraso menstrual e uma relação sexual com coito interrompido em 15 de setembro, há possibilidade de gravidez?"", ""Como saber qual é a semana fértil?"", ""Como é possível estar fértil durante a menstruação?"", ""É possível estar grávida se a ovulação ocorreu no dia 18, houve relação no dia 12 e no dia 18 voltou a aparecer muco claro?"", ""Há risco de gravidez ao ter relação sexual menstruada, com DIU de cobre, e com ejaculação dentro?"", ""É possível estar grávida após ter tido relação desprotegida no dia 14, considerando que minha última menstruação começou em 06/02?""]",864267295dee1e998cd6dd146b088a6bbf618b556f8a183593f81e23f919700f
109,63,"['exercícios', 'preparar', 'preparação', 'feitos', 'esses', 'exercício', 'devem', 'indicados', 'parto', 'para']",50,"[""Esses exercícios para se preparar para o parto normal dão certo quando são feitos nessa fase da gestação?"", ""Os exercícios para se preparar para o parto normal podem ser feitos no início da gestação ou apenas no final?"", ""Gestantes com 5 meses de gravidez podem fazer esses exercícios para se preparar para o parto normal?"", ""Gestantes com 20 semanas podem fazer esses exercícios de preparação para o parto normal?"", ""Com quantos meses de gravidez devo começar os exercícios para o parto normal?"", ""Gestantes com 24 semanas de gravidez podem fazer esses exercícios de preparação para o parto normal?"", ""A partir de quantas semanas de gravidez é possível fazer esses exercícios para um parto mais rápido?"", ""Os exercícios para se preparar para o parto normal precisam ser feitos todos os dias ou podem ter pausas?"", ""Uma gestante de 36 semanas já pode fazer os exercícios para se preparar para o parto normal?"", ""Gestantes com 33 semanas e 5 dias de gravidez já podem fazer esses exercícios para se preparar para o parto normal?"", ""Gestantes com 29 semanas de gravidez já podem fazer esses exercícios para um parto mais rápido?"", ""Quantos dias por semana esses exercícios devem ser feitos para se preparar para o parto normal?"", ""Há risco de esses exercícios estimularem o parto antes da hora?"", ""Com 37 semanas de gravidez, ainda há tempo para fazer exercícios para se preparar para o parto normal?"", ""Os exercícios para acelerar o parto são indicados para gestantes com gravidez de risco?"", ""Mesmo praticando pouca atividade física, é possível ter parto normal?"", ""Os exercícios ajudaram no parto?"", ""Com 38 semanas de gestação, ainda há tempo de fazer exercícios para se preparar para o parto normal?"", ""Posso começar os exercícios de preparação para o parto normal com 23 semanas de gravidez?"", ""Estou grávida de 34 semanas; posso fazer esses exercícios para me preparar para o parto normal?"", ""Existe algum exercício só para ajudar na dilatação na hora do parto?"", ""Com quantas semanas de gestação posso começar a fazer exercícios para me preparar para o parto normal?"", ""Os exercícios para facilitar o trabalho de parto devem ser feitos quando a contração vier ou depois que ela passar?"", ""Você fez exercícios e alimentação para ajudar a ter dilatação mais rápido e um parto menos doloroso?"", ""Quais exercícios podem ajudar o bebê a virar na gestação?"", ""Como saber quais exames devem ser feitos quando o médico não informa nada, no caso de um bebê com percentil 5?"", ""É possível preparar o Aptamil AR com água quente?"", ""Existe risco de o bebê nascer no vaso sanitário?"", ""Gestante de 24 semanas pode entrar em piscina aquecida?"", ""Por que o exercício é feito especificamente do lado esquerdo para ajudar o bebê a encaixar para o parto?"", ""Essas dores na gravidez podem ser gases?"", ""A desproporção céfalo-pélvica (DCP) é uma condição física que ocorre em todas as gestações?"", ""Como se preparar para a fase final da gestação e para o parto, além dos hábitos alimentares e exercícios já realizados?"", ""Por que existe esse risco no parto normal?"", ""O uso de bola de pilates ajuda na preparação para o parto?"", ""Foi feito algum curso para se preparar para o parto?"", ""Gestantes com 36 semanas já podem introduzir cápsula de prímula?"", ""Existe algum outro exercício que eu possa fazer no lugar de ficar de cócoras para me preparar para o parto normal, já que tenho condromalácia e sinto dores no joelho?"", ""Por ser a sexta gestação e já ter tido todos os partos normais, há chance de o parto induzido com 38 semanas ser mais rápido?"", ""Quantas repetições devem ser feitas em cada exercício para ajudar em um parto mais rápido?"", ""Com 24 semanas de gestação, uma bebê em posição pélvica ainda pode virar?"", ""Quem está com 36 semanas de gestação, com placenta prévia marginal e histórico de episiotomia nas duas gestações anteriores pode fazer esses exercícios?"", ""Você costuma agitar a mamadeira na preparação da fórmula do seu bebê?"", ""Todos esses exercícios para se preparar para o parto normal são indicados para quem está evitando alguns movimentos para não piorar a diástase e porque o quadril estava deslocado, sem poder fazer exercícios unilaterais?"", ""Como fazer os exercícios do pós-parto quando não se tem tempo nem rede de apoio?"", ""É normal sentir muita dor na região vaginal ao fazer exercícios como borboleta e agachamento para se preparar para o parto normal?"", ""Com um mês após a cirurgia de cesariana já pode fazer exercícios?"", ""Existe risco de o bebê nascer durante os exercícios de preparação para o parto normal?"", ""É possível fazer tudo sozinha na preparação para o parto normal?"", ""Quanto tempo após o parto os exercícios podem ser feitos?""]",f3b2a52ed635e1ceec100e307cedca21720e25fd133ea9fbb2bcea45e3e54ab6
110,53,"['contexto', 'gestação', 'segunda', 'evoluiu', 'toda', 'cuidou', 'enxoval', 'tudo', 'fala', 'tranquila']",50,"[""Como está a gestação?"", ""Para que passei por tudo isso durante a gravidez?"", ""Como está a gestação mencionada no comentário anterior?"", ""Sua gestação deu tudo certo depois do mesmo problema?"", ""Como foi a gestação dessa gravidez?"", ""O que fazer quando isso acontece na segunda gestação?"", ""A gravidez está evoluindo bem?"", ""No seu caso, depois de uma situação parecida, deu tudo certo na gravidez?"", ""Como foi a gravidez?"", ""A gestação evoluiu bem e deu tudo certo?"", ""O que você fez durante toda a gestação?"", ""A gestação tinha algum problema de saúde?"", ""A gestação evoluiu bem?"", ""A gestação evoluiu?"", ""Como foi a sua gestação, foi tranquila?"", ""A gravidez passou rápido?"", ""Na segunda gestação, é possível que tudo dê certo novamente?"", ""A segunda gestação foi tranquila?"", ""Na segunda gestação, você se cuidou?"", ""Como está a gravidez?"", ""Você passou por eclâmpsia?"", ""Com quantos meses de gravidez isso acontece?"", ""Como é uma gestação por dentro?"", ""Nesse caso, a gestação pode evoluir bem?"", ""Quais são os detalhes dessa fase da gestação?"", ""O que significa \""não nesse sentido\"" no contexto da cesárea?"", ""O que significa \""tentando\"" no contexto da gravidez?"", ""Como fica a cabeça da mãe ao ouvir uma fala dessas durante a gestação?"", ""É possível operar estando grávida?"", ""Por que eu não ganhei o enxoval, mesmo tendo feito o restante e sem ter participado de nenhum encontro de gestante?"", ""A gestante se estressou com o marido durante a gravidez?"", ""A gestante ganhou o enxoval do bebê?"", ""É normal que as axilas escureçam durante a gestação e o que fazer nesse caso?"", ""Como eu não me preocuparia com ele também, se ele me apoiou e cuidou de nós durante toda a gestação?"", ""Quais frequências estão sendo utilizadas durante a gestação da esposa?"", ""O que significa \""BB\"" neste contexto relacionado ao bebê?"", ""A gravidez aconteceu de forma natural ou a pessoa estava se referindo ao parto?"", ""A Sarinha fala português ou inglês?"", ""O que é o tampão no contexto da gravidez e do parto?"", ""Quanto tempo depois da perda a gravidez aconteceu?"", ""O útero tem toda essa elasticidade durante a gestação?"", ""Como será a amamentação nesta segunda gravidez?"", ""Como você fez o seu enxoval?"", ""O que significa \""apagando\"" na gestação?"", ""Na segunda gestação, os sintomas perto do parto podem ser diferentes dos da primeira?"", ""Você se preparou durante toda a gestação para o parto normal?"", ""Kaleb tem algum problema de saúde?"", ""Isso pode ter sido uma gravidez sem saco gestacional?"", ""Como está a minha gravidez?"", ""Você não tinha nenhum problema de saúde?""]",dd91e6e82a06b78ab175c8ec9b2dfe20bc704e59c876970e95e2990adab99db6
111,55,"['diabetes', 'gestacional', 'glicemia', 'jejum', 'relacionado', 'glicose', 'controlada', 'controlar', 'insulina', 'gestante']",50,"[""Com diabetes gestacional controlada, é possível ter parto normal?"", ""O que fazer após descobrir diabetes gestacional com 37 semanas de gravidez?"", ""Como é a gestação em mulheres com diabetes?"", ""Em casos de diabetes e pressão alta na gravidez, é obrigatório adiantar o parto?"", ""Há outras gestantes com diabetes mellitus tipo 2, com 6 semanas de gravidez, aguardando retorno médico para começar a insulina?"", ""Se eu engravidar aos 38 anos, estando pré-diabética e acima do peso, é provável que eu tenha diabetes gestacional?"", ""A diabetes gestacional desapareceu depois que o bebê nasceu?"", ""O que devo fazer se a glicemia em jejum da minha gestação estiver alterada?"", ""O que é diabetes gestacional?"", ""É normal ter dificuldade para controlar a diabetes gestacional em jejum com 33 semanas de gravidez, mesmo usando insulina e alimentação adequada?"", ""Após controlar a diabetes gestacional, é correto deixar de ser gestante de alto risco e voltar para o pré-natal normal?"", ""Houve indicação de uso de insulina na diabetes gestacional?"", ""Como você descobriu o diabetes gestacional?"", ""Os médicos costumam induzir o parto com 37 semanas em todos os casos de diabetes gestacional, mesmo quando o bebê está com crescimento normal e a diabetes está controlada sem remédios?"", ""Essa gestante teve diabetes gestacional?"", ""Como o parto de uma gestante com diabetes gestacional que usa metformina e está com 34 semanas e 2 dias costuma ser conduzido?"", ""Mesmo revertendo a pré-diabetes, ainda é certo que terei diabetes gestacional?"", ""É possível uma gestante com 30 semanas e diabetes gestacional controlada apenas com dieta chegar até 40 semanas para ter parto normal?"", ""É seguro induzir o parto com 38 semanas em uma gestante com diabetes?"", ""O médico pode adiantar o parto para 37 semanas em uma gestante com diabetes gestacional?"", ""Quantas vezes por dia uma gestante com diabetes gestacional precisa medir a glicemia?"", ""Uma gestante de 25 semanas com pré-diabetes e glicemia entre 80 pela manhã e 99/106 corre risco de o bebê nascer antes do tempo?"", ""O sintoma de muita sede em uma gestante pode estar relacionado a diabetes?"", ""A própria placenta fabrica glicose em excesso na gravidez?"", ""O que significa DPP na gravidez?"", ""Como posso aprender arte gestacional?"", ""É normal ter dificuldade para introduzir o aplicador do promestrieno quando se tem atrofia vaginal?"", ""O hipotireoidismo pode estar relacionado ao atraso menstrual?"", ""É possível controlar a colestase gestacional?"", ""O medo de engravidar pode estar relacionado ao fato de a pessoa ser pobre?"", ""Esse tipo de dificuldade para mamar pode estar relacionado a algum problema gastroesofágico ou ao freio lingual?"", ""O aparecimento de manchas tipo sardas nos seios durante a gestação pode estar relacionado ao diabetes, mesmo com a glicose sempre normal?"", ""Para fazer o teste de gravidez, é necessário estar em jejum?"", ""O aumento de peso pode estar relacionado à dificuldade para engravidar?"", ""Alguém pode me ajudar a encontrar um hospital que faça cesárea para uma gestante com 37 semanas, diabetes gestacional e bebê estimado em cerca de 3,689 kg?"", ""Esses sintomas indicam risco de o bebê nascer antes do tempo?"", ""Em hospital público, a gestante fica em jejum até o bebê nascer e só recebe alimentação depois?"", ""Uma perda fetal às 36 semanas, em uma gestação sem diabetes, pressão alta ou outras alterações, pode ter sido causada por trombofilia?"", ""Por que uma gestante bariátrica não pode fazer o exame convencional para avaliar a diabetes gestacional?"", ""O uso de mio-inositol pode ajudar a controlar a glicose nesse caso?"", ""A melancia tem índice glicêmico alto?"", ""No parto normal, é necessário estar em jejum?"", ""O resultado de glicemia de 146 duas horas após o dextrosol e 84 em jejum na gravidez está normal?"", ""O uso de mio-inositol pode ajudar a controlar a glicemia na gravidez quando a curva glicêmica deu 146 e a glicemia em jejum deu 84?"", ""É interessante reverter a pré-diabetes antes de engravidar, aos 39 anos?"", ""Com 36 semanas e 2 dias de gestação, com pressão alta controlada com remédio e diabetes controlada, o parto pode ser normal ou precisa ser cesárea?"", ""Uma gestante com colestase gestacional consegue ter parto normal?"", ""Por que a glicose em jejum fica em torno de 100 pela manhã, mesmo com a glicose estando boa após as refeições, em uma gestante com diabetes gestacional no terceiro trimestre?"", ""É seguro evitar uma gravidez usando apenas a tabelinha?"", ""Se eu comer pão الفرنسي, minha glicemia vai passar de 200?""]",ee968f2b4213cbac6723bc4ea039b233f48c5d13022c735b37d5f6c17b68de6d
112,45,"['pai', 'quem', 'estiver', 'mencionada', 'nessa', 'despercebida', 'participou', 'for', 'ela', 'caso']",45,"[""Quem é o pai do bebê, caso a gravidez seja real?"", ""Quem é o pai do bebê, se ela estiver realmente grávida?"", ""Quem é o pai da gravidez?"", ""De quem é o pai do bebê nesta gravidez?"", ""Quem é o pai do bebê nessa gravidez?"", ""Quem é o pai do bebê, se ela estiver grávida?"", ""Quem é o pai do bebê, caso ela esteja grávida?"", ""Quem é o pai do bebê dessa gravidez?"", ""Quem é o pai dessa gravidez?"", ""Quem seria o pai da gravidez?"", ""Quem é o pai da criança, caso a gravidez seja সত্য?"", ""Quem é o pai do bebê nessa possível gravidez?"", ""Se a gravidez for verdadeira, quem é o pai?"", ""Quem é o pai, se ela estiver grávida?"", ""Se a gravidez for de verdade, quem é o pai?"", ""Quem seria o pai do bebê, se ela estiver grávida?"", ""Quem é o pai do bebê, caso essa pessoa esteja grávida?"", ""Quem é o pai dessa possível gravidez?"", ""Quem é o pai do bebê, se a pessoa mencionada estiver grávida?"", ""Se a gravidez dela for verdadeira, quem é o pai do bebê?"", ""Quem é o pai da gravidez dela?"", ""Quem é o pai do bebê, no caso de a pessoa mencionada estar grávida?"", ""Se ela estiver grávida, quem é o pai do bebê?"", ""Quem é o pai do bebê que ela está esperando?"", ""Quem é o pai da gravidez mencionada?"", ""A pessoa mencionada vai ser pai se a gravidez for de uma namorada?"", ""Quem seria o pai do bebê nessa situação de suposta gravidez?"", ""Quem é o pai do bebê na gravidez mencionada?"", ""Algum dos homens com quem ela se relacionou pode ser o pai da gravidez?"", ""Se a irmã estiver grávida, quem é o pai do bebê?"", ""Quem é o pai suspeito da gravidez?"", ""Se ele é o pai adotivo dela, isso significa que ela engravidou do tio?"", ""O seu pai não participou da concepção?"", ""Quem é o pai do bebê da dentista grávida, se não for o marido?"", ""O Rafael é o pai se ela realmente estiver grávida?"", ""O pai participou apenas com a semente, isto é, apenas na concepção do bebê?"", ""A possibilidade de o pai engravidar é resultado da evolução ou de um projeto?"", ""Leozinho é o pai da gravidez?"", ""Quem é o pai do bebê da pessoa mencionada no vídeo?"", ""Como ela pode comprovar que o \""sugar daddy\"" é o pai da criança?"", ""É possível uma gravidez passar despercebida até o parto?"", ""Você pode contar mais sobre os sintomas estranhos que teve durante a possível gravidez?"", ""Quanto custa o parto nessa maternidade?"", ""É possível uma gravidez passar despercebida quando a mulher é gorda?"", ""O que pode acontecer nessa situação de tipos sanguíneos diferentes entre mãe, pai e bebê?""]",2616613fcf5c44b2e7a04f193961dd784726a62729dd1ed66d255163b3bd7cd7
113,42,"['ejaculação', 'calcinha', 'penetração', 'sêmen', 'proteção', 'relação', 'espermatozoides', 'engravidar', 'fértil', 'pênis']",42,"[""Se ele não ejaculou dentro, mas houve sêmen na calcinha, ainda existe chance de gravidez?"", ""É possível engravidar por meio de relação sexual?"", ""É possível engravidar tendo relação sem proteção, sem ejaculação dentro, durante o período fértil?"", ""Não sabe que, ao fazer sexo sem proteção, pode engravidar?"", ""É possível engravidar se houver ejaculação na entrada da vagina e não dentro do canal vaginal?"", ""Pode haver gravidez mesmo sem ejaculação dentro e com dois testes de gravidez negativos?"", ""É possível engravidar ao ter relação um dia antes do período fértil, mesmo ejaculando fora?"", ""Basta o sêmen chegar perto da entrada da vagina, sem nenhuma barreira, para ocorrer gravidez?"", ""É possível engravidar na primeira ejaculação?"", ""É preciso fazer sexo para ficar grávida, e isso pode levar meses?"", ""Por que uma mulher não engravida mesmo tendo relação sexual sem se prevenir?"", ""É possível engravidar mesmo usando calcinha?"", ""É preciso ter um número específico de relações sexuais para engravidar ou é possível engravidar na primeira relação?"", ""Há alguma chance de gravidez mesmo sem ejaculação?"", ""Fazer xixi depois da relação sexual impede a gravidez?"", ""A introdução parcial do pênis na vagina, sem preservativo e sem penetração completa, pode causar gravidez?"", ""Se tive relação com meu marido com ejaculação dentro enquanto estava menstruada, ainda há chance de eu engravidar?"", ""Há possibilidade de gravidez nessa situação, mesmo sem penetração vaginal, apenas com atrito por cima da cueca e da calcinha, e com dois testes de farmácia negativos?"", ""É possível estar grávida mesmo tendo usado preservativo?"", ""Se o sêmen entrou no short largo e foi para a calcinha, e a calcinha estava molhada por secreção no período fértil, isso pode facilitar a entrada dos espermatozoides e causar gravidez?"", ""É possível engravidar sem penetração, usando short e calcinha o tempo todo, se o sêmen caiu sobre a roupa e ficou perto da região íntima?"", ""Posso engravidar de novo após ele ejacular dentro de mim?"", ""Fazer xixi após o sexo evita a gravidez ou isso é brincadeira?"", ""Depois de urinar pelo menos uma vez, o líquido pré-ejaculatório ainda pode conter espermatozoides e engravidar a parceira?"", ""Também dá para usar camisinha para evitar gravidez?"", ""A gravidez pode ter sido resultante da relação do dia 6, mesmo tendo sido com proteção?"", ""É possível que eu esteja grávida após 7 dias de atraso menstrual e relação sem proteção no período fértil?"", ""Foi descoberto se a gravidez pode ter sido da relação do dia 6, mesmo com proteção?"", ""Ainda existem pessoas que acreditam que lavar após a relação previne gravidez?"", ""Nas tentativas de engravidar, as relações foram dia sim, dia não ou em todos os dias férteis?"", ""Por que só a mulher precisa se precaver usando contraceptivos?"", ""Na penetração, há risco de o pênis encostar no útero e perfurá-lo?"", ""Urinar antes da relação elimina os espermatozoides que possam ter ficado na uretra após a última ejaculação?"", ""Quem disse a ela que fazer xixi depois do sexo evita gravidez?"", ""Houve ejaculação interna?"", ""A gravidez pode ser controlada com controle de natalidade, contraceptivos e a ausência de relações sexuais?"", ""Há perigo de o pênis furar o útero da mulher se encostar nele durante a penetração?"", ""O muco vaginal relacionado à gravidez pode deixar a calcinha bem molhada?"", ""Tenho chances de engravidar naturalmente com um ciclo de 28 dias e um exame do meu marido com 12 milhões de espermatozoides?"", ""Depois de dois dias da relação, tomar chá de boldo faz o esperma descer?"", ""Essa secreção branca na gravidez pode sujar a calcinha?"", ""Por que o ser humano ainda não evoluiu para facilitar o parto normal?""]",6ab3a88866dd2f2b030375dcd4533395572afffa947c91bcbafb22f51a6c9f43
114,58,"['urinária', 'pélvica', 'fisioterapia', 'vagina', 'incontinência', 'sonda', 'exercício', 'exercícios', 'espirrar', 'rir']",50,"[""A fisioterapia pélvica resolve mesmo esse problema?"", ""Na fisioterapia pélvica, esse procedimento é feito com uma luva? Não seria melhor usar uma camisinha?"", ""Os músculos vaginais estão fracos?"", ""É normal sentir um pequeno desconforto nos primeiros dias ao fazer esse exercício de apertar e soltar o canal vaginal?"", ""A vagina fica alargada depois do parto?"", ""O pompoar é indicado para fortalecer o assoalho pélvico?"", ""Esse treino de fisioterapia pélvica realmente funciona?"", ""Por que parece que há uma bola saindo da vagina?"", ""Quem tem o abdômen fraco também tem o assoalho pélvico fraco?"", ""Existe tratamento para o vaginismo?"", ""O canal de parto é a vagina?"", ""Quais exercícios podem me ajudar a melhorar a incontinência urinária?"", ""Como recuperar a lubrificação vaginal?"", ""Existe tratamento para recuperar a firmeza vaginal e reduzir a saída de gases pela vagina durante a relação sexual?"", ""Quais exercícios podem ajudar na atrofia vaginal e a alargar a vagina?"", ""Você optou pela posição pélvica para o parto?"", ""Existe algum exercício que ajude a aliviar a dor no períneo, na cicatriz da laceração, durante a relação sexual, cinco meses após o parto?"", ""Existe algum tratamento ou solução para a dor, o ressecamento e o rasgo no início da vagina durante a relação sexual?"", ""Como saber se o líquido que saiu não é urina?"", ""Na fisioterapia pélvica, seria mais seguro usar camisinha em vez de luva?"", ""Quem faz fisioterapia pélvica na gestação fica mais 'apertada' depois?"", ""A fisioterapia pélvica durante a gestação realmente deixa a mulher mais \""apertadinha\""?"", ""Como fica a vagina durante um parto verdadeiro?"", ""O creme de promestrieno ajudou na incontinência urinária?"", ""O que fazer quando se tem queda de bexiga?"", ""Ter infecção urinária impede ou dificulta engravidar?"", ""Quais exercícios ajudam a fazer o dorso do bebê ir para a esquerda quando ele está cefálico e com o dorso à direita?"", ""O Void sabe usar camisinha?"", ""É normal sair pouco leite ao ordenhar em casa enquanto o bebê está na UTI e ainda não pode mamar?"", ""Quais exercícios e quais alimentos você consumiu?"", ""É normal sentir ardor e perceber a introdução da sonda urinária mesmo com anestesia durante a cesárea, após uma infecção urinária recente?"", ""O que devo fazer para diminuir o inchaço da glândula causado pela bartolinite?"", ""Como saber se o que saiu é secreção ou tampão mucoso?"", ""Quando a mulher faz reposição vaginal de progesterona, ela é obrigada a usar camisinha?"", ""Fazer massagem no banho quente para ajudar a sair esse líquido é indicado nesses casos?"", ""Uma pessoa diagnosticada com prolapso grau 3 pode fazer esse exercício?"", ""Isso pode ser endometriose?"", ""Qual é o tratamento da doença inflamatória pélvica?"", ""Dói no momento em que a urina é sugada, como foi falado no vídeo?"", ""É normal sair um pouco de muco ou secreção no papel ao urinar depois de fazer esses exercícios?"", ""O que devo fazer para parar de perder urina ao espirrar ou rir?"", ""O medicamento citado é melhor do que o promestrieno para tratar ressecamento vaginal e atrofia?"", ""Exercícios de mobilidade pélvica e controle do períneo ajudam a parar de soltar ar pela vagina depois de um parto normal?"", ""O que fazer quando os lábios vaginais ficam com coceira?"", ""Se eu só estou fazendo bastante xixi e não tenho os outros sinais, isso é normal?"", ""Os exercícios para incontinência urinária também ajudam no prolapso?"", ""O osso pélvico se dilata durante o parto?"", ""O que fazer quando, após muito tempo sem ter relações sexuais, a vagina fica ressecada e a penetração não consegue acontecer?"", ""No parto cesárea, o problema é realmente apenas a sonda urinária?"", ""Este exercício serve para tratar incontinência urinária?""]",9fbe9d31f0f4cf052bef2e83b88c209b473e95969baa7e4f2d5916c279c4b230
115,84,"['experiência', 'natural', 'parto', 'você', 'pretende', 'passar', 'normal', 'seu', 'luz', 'conseguiu']",50,"[""Você já teve parto normal?"", ""Você não entrou em trabalho de parto?"", ""Você conseguiu ter um parto natural?"", ""Você já teve algum parto normal?"", ""Você conseguiu ter parto normal?"", ""Você já passou por um parto?"", ""Você vai passar por outro parto como esse?"", ""Como foi essa experiência de parto para você?"", ""Você estudou para o parto?"", ""Como foi a sua experiência com o parto?"", ""Como foi a experiência do parto normal?"", ""Como foi o seu parto?"", ""Você já decidiu como será o parto?"", ""Você está preparada para ter um parto normal?"", ""É fácil passar pelo parto?"", ""O seu parto foi antecipado?"", ""Você pode voltar depois para contar como foi o seu próximo parto?"", ""Você vai passar por um parto novamente?"", ""Você já sabe qual via de parto deseja para esta gravidez?"", ""Vocês estudaram as possibilidades do parto ou deixaram tudo nas mãos dos médicos?"", ""Seu marido viu o parto?"", ""Você vai passar por esse parto novamente?"", ""Que tipo de parto você pretende ter?"", ""Você não é muito nova para já ter tido tantos partos?"", ""Você vai tentar um parto normal?"", ""Por que o leite natural de vaca não pode ser dado ao bebê?"", ""Por que o exame de Coombs está reagente 1:8 se o meu tipo sanguíneo e o do meu marido são A+?"", ""Se houver mais de um trabalho de parto ao mesmo tempo, apenas uma pessoa poderá usar o parto natural com recursos que auxiliem esse momento?"", ""Um bebê a termo, mas que ainda não entrou em trabalho de parto natural, não está pronto para nascer?"", ""O tipo de parto é genético?"", ""O que fazer para passar o soluço do bebê?"", ""Há alguma indicação de hospital particular em Portugal com bom custo-benefício para o parto, considerando que minha esposa não pretende ter parto normal?"", ""É possível usar um plano de parto para parir de costas ou em pé?"", ""Masturbação ou ejacular espermatozoides é a mesma coisa que aborto?"", ""Como é possível passar por um parto novamente?"", ""O parto natural só é possível se for pago, para a mulher poder escolher?"", ""Na maternidade, a pessoa vai para dar à luz ou para jantar?"", ""Nos dias de hoje, ainda existe o risco de passar por um parto normal muito doloroso?"", ""O parto natural é sempre diferente em cada gravidez?"", ""Por que a pessoa não pôde ter parto normal?"", ""Quantas broncoaspirações esse profissional já causou?"", ""Você pretende fazer uma lipoaspiração para retirar o excesso de pele flácida após o parto?"", ""Alguma gestante já passou pela experiência de prolapso?"", ""Se tivessem esperado mais tempo, eu teria conseguido ter parto normal?"", ""Como foi sua experiência no Hospital Sofia Feldman?"", ""Como você conseguiu enoxaparina durante a gravidez?"", ""Por que você acha que toda mulher deveria viver uma gestação?"", ""Você já foi orientada a passar lanolina?"", ""É normal lembrar apenas de alguns momentos de um parto natural?"", ""Você já ouviu falar em plano de parto?""]",5725b95d56cc2383b5938c4e1a2ddf9f8430c622a609055a349b777206882dfe
116,56,"['sintomas', 'esses', 'indicar', 'podem', 'descritos', 'junto', 'gravidez', 'atraso', 'menstrual', 'sensações']",50,"[""Esses sinais que estão acontecendo comigo podem indicar gravidez?"", ""Esses sintomas, junto com a menstruação que não veio, podem indicar gravidez?"", ""Esses sintomas, junto com o atraso menstrual, podem indicar gravidez?"", ""Os sintomas descritos podem indicar gravidez?"", ""Esses sintomas podem indicar gravidez?"", ""Esses sintomas, junto com o leve sangramento, podem indicar gravidez?"", ""Esses sintomas podem indicar gravidez mesmo faltando dois dias para a menstruação descer?"", ""Após esses sintomas, posso fazer um teste de gravidez imediatamente?"", ""Esses sintomas, junto com um dia de atraso menstrual, podem indicar gravidez?"", ""Esses sintomas, junto com um teste de gravidez com resultado bem claro, podem indicar que estou grávida?"", ""Esses sintomas e sangramentos indicam gravidez ou não?"", ""Os sintomas descritos indicavam gravidez?"", ""Esses sintomas também podem indicar gravidez, e por isso estou ficando confusa?"", ""Esses sintomas indicam um teste de gravidez positivo?"", ""Será que isso é um sinal de gravidez?"", ""Mesmo sendo laqueada, esses sintomas podem indicar gravidez?"", ""Os sinais que comecei a sentir podem ser sintomas de gravidez?"", ""Esses sintomas e esse sangramento escuro e fraco por menos de 24 horas podem indicar gravidez?"", ""Com 16 dias de atraso menstrual e esses sintomas, isso pode ser gravidez?"", ""Os sintomas descritos podem indicar que ela está grávida?"", ""Minha esposa pode estar grávida com esses sintomas antes do atraso menstrual?"", ""Esses sintomas podem indicar gravidez, mesmo com o exame de farmácia negativo e com esse sangramento curto no mês passado?"", ""Como posso saber se esses sintomas são de gravidez ou de menstruação, se não menstruo porque tomo remédio?"", ""Isso pode ser um sinal de gravidez?"", ""Esses sintomas podem indicar gravidez mesmo com o teste de farmácia negativo?"", ""Roedores podem transmitir coriomeningite linfocitária na gravidez?"", ""O leve escape pode indicar uma gravidez anembrionária?"", ""Os sintomas que estou sentindo e o aumento da barriga podem ser de mioma em vez de gravidez?"", ""Mesmo sem corrimento, essas sensações podem indicar início do trabalho de parto?"", ""Há chance de ser uma gravidez ectópica se, após cerca de 6 dias, eu continuo com sintomas de gravidez?"", ""Você pode me indicar uma doula?"", ""A ausência de menstruação no mês passado e o sangramento de hoje podem indicar gravidez?"", ""Essas sensações na barriga podem ser gases ou podem indicar gravidez, mesmo sem estar tentando engravidar e usando anticoncepcional?"", ""Com 32 semanas de gravidez, esses sintomas continuam iguais?"", ""Esses sintomas podem ser sinal de menopausa em vez de gravidez?"", ""Esses sintomas podem ser de uma gravidez ectópica ou de outro problema mais grave?"", ""Esse sangue com dor pode indicar gravidez?"", ""Esse sangramento marrom escuro, após um dia de atraso, junto com tontura e dor de cabeça, pode indicar gravidez?"", ""A histerossalpingografia feita no mês passado pode ter relação com o atraso menstrual?"", ""Estou com atraso menstrual e vou fazer um teste de gravidez no posto na quinta-feira; isso pode indicar gravidez?"", ""Como posso saber se estou grávida se tenho sintomas, mas não sei fazer o teste?"", ""Esses sintomas e o teste de gravidez com linha muito clarinha podem indicar gravidez?"", ""Esses sintomas, o atraso menstrual e o pequeno sangramento podem indicar gravidez?"", ""Esses sintomas podem ser um sinal precoce de que a gestante precisa observar alguma coisa?"", ""O atraso e os sintomas relatados eram de gravidez?"", ""Esses sintomas e o corrimento rosado com uma gota de sangue podem indicar gravidez?"", ""Os sintomas descritos, junto com o atraso menstrual de um dia, podem indicar gravidez?"", ""Como é possível diferenciar os sintomas do início da gravidez dos sintomas da menstruação, já que eles são praticamente idênticos?"", ""Como foram as primeiras 24 horas depois do parto?"", ""Esses sintomas e o sangramento forte e grosso que desceu hoje podem indicar gravidez ou nidação em vez de menstruação?""]",b6b2fec0d85f87937c3deacf128c298be4b36e0624562ea7e74319a106ce4472
117,69,"['gi', 'grávida', 'mostrar', 'zoro', 'está', 'quem', 'pai', 'trabalho', 'real', 'ela']",50,"[""É verdade que a Gi está grávida?"", ""A Gi estava grávida de verdade?"", ""A Gi já está grávida?"", ""A Gi está grávida?"", ""Como a Gi está grávida?"", ""De quem a Gi está grávida?"", ""Como a Gi ficou grávida agora?"", ""A Gi não está grávida?"", ""A Gi estava grávida?"", ""Se a Gi estiver grávida, com quem ela namorou?"", ""A Gi não estava grávida?"", ""Por que a Gi está grávida?"", ""A Gi está grávida de gêmeos?"", ""Ela também estava grávida?"", ""Ela está grávida de quem?"", ""Por que a Gi não revelou logo a gravidez?"", ""Ela estava grávida?"", ""De quem a Gi engravidou?"", ""Como ela engravidou e quem é o pai?"", ""Se a Gi estiver grávida, quem é o pai do bebê?"", ""A Gigi está grávida?"", ""Quem é o pai do bebê da Gi, já que ela está grávida?"", ""A Jiulia está grávida?"", ""A Gi estaria grávida aos 15 ou 16 anos?"", ""Gi está grávida?"", ""Fechar a mão durante o trabalho de parto contrai os músculos do períneo?"", ""Você pode mostrar a rotina da bebê quando ela chegar em casa?"", ""Quantos casos de troca de bebês acontecem na vida real?"", ""Vocês poderiam mostrar como é a costura na cesárea?"", ""De quem Elsa está grávida?"", ""Quem vomitou durante o trabalho de parto, ela ou o Zoro?"", ""A princesa está grávida?"", ""Depois que os sintomas de gravidez desaparecem e a pessoa não sente mais nada, ela deve fazer um teste de gravidez?"", ""É possível mostrar o bebê virando para nós?"", ""Cat está grávida?"", ""A Gita está grávida?"", ""Como o Gui está se sentindo como pai durante a gravidez?"", ""A Ingrid está grávida?"", ""Por que você não está grávida?"", ""E se a Ruiva estivesse grávida?"", ""Kethelyn está grávida?"", ""O Benzema fez a Gi ficar grávida?"", ""A Gi deve fazer um teste de gravidez para mostrar o resultado na vida real?"", ""Ela não sentia dor ou estava com anestesia durante o trabalho de parto?"", ""É possível estar grávida com essa idade?"", ""A Katy está grávida?"", ""Uma mulher que se torna mãe por adoção estaria menos preparada para ser mãe por não ter passado por parto vaginal?"", ""Com que idade você engravidou do Zoro?"", ""Como ela está agora?"", ""O Lucas é o pai do bebê da Gi?""]",d39e49eda935025f92a5b97710e62864249452bd645c2ec8009836e9b0ac7ace
118,91,"['materno', 'leite', 'oferecer', 'paterno', 'geladeira', 'ficar', 'quanto', 'retirado', 'beber', 'armazenamento']",50,"[""O leite materno é dado ao bebê na mamadeira?"", ""Uma mãe pode beber o próprio leite materno?"", ""O leite materno ainda está nutrindo o bebê?"", ""Se eu tirar o leite materno, sou eu mesma que preciso dar esse leite ao bebê?"", ""Como você faz para dar o leite materno ao bebê?"", ""O leite materno funciona apenas em bebês?"", ""Como você fez para coletar esse leite materno?"", ""É possível oferecer leite materno em livre demanda?"", ""Quanto tempo o leite materno pode ficar fora da geladeira antes de ser dado ao bebê?"", ""O leite materno dela pode secar?"", ""Por quanto tempo o leite deve descansar antes de ser oferecido ao bebê?"", ""Com quanto tempo de antecedência você costuma oferecer o leite materno ao bebê?"", ""Existe leite paterno e ele faz tão bem quanto o leite materno?"", ""O leite paterno também funciona como o leite materno?"", ""Se o leite materno não estiver sendo suficiente para o bebê, o que deve ser feito?"", ""Como saber se o leite materno extraído estragou antes de dar ao bebê?"", ""Por que é retirado tanto leite materno?"", ""A descida do leite é perigosa para o bebê?"", ""Como você extrai esse leite materno?"", ""O leite materno ainda sustenta a criança aos 3 anos de idade?"", ""Depois de ficar cerca de duas horas fora da geladeira, o leite materno ainda fica adequado para oferecer ao bebê?"", ""Você também doa o seu leite materno para outras crianças?"", ""Um bebê pode se sufocar ou ficar entalado com tanto leite?"", ""Como você prepara o leite para o bebê?"", ""O leite paterno também faz bem?"", ""Os saquinhos para armazenar leite materno podem ser reutilizados?"", ""Como dizem que é possível fazer isso até a criança completar 5 anos?"", ""Uma mulher em trabalho de parto com muitas horas de dor pode ficar sem forças para empurrar?"", ""Onde se compra leite materno?"", ""Quanto custa uma ordenhadeira para extrair leite materno?"", ""A retatrutida também passa para o leite materno?"", ""O DNA do bebê também muda com o leite materno?"", ""O leite materno tem outro sabor?"", ""Há alguma dica de qual bomba de leite materno comprar?"", ""Em que momento começaram a dizer que o leite materno não é bom?"", ""O bebê pode ficar mais de 24 horas depois que a bolsa estoura?"", ""Qual é o problema de uma grávida beber?"", ""O leite materno é esquentado no micro-ondas?"", ""Se a bebê não quis pegar o peito e o leite materno secou, o fato de ela tomar fórmula está adequado?"", ""Para fortalecer o sistema imunológico, é necessário tomar leite materno?"", ""É possível congelar o leite materno retirado com a bombinha?"", ""Quem está amamentando não consegue passar o Natal sem beber?"", ""Você tem o link dos potes de armazenamento de leite materno?"", ""Como oferecer esse leite ao bebê?"", ""O leite extraído com concha também é reprovado para consumo do próprio bebê?"", ""Se eu sair com o bebê e não puder amamentá-lo no local, posso levar leite de casa para oferecer depois?"", ""Como devo fazer a medida do leite para o bebê?"", ""Uma pessoa que não teve acesso ao leite materno quando bebê pode consumi-lo na fase adulta?"", ""O leite retirado diretamente da pessoa, apenas aquecido e resfriado lentamente, também pode causar alguma reação nas pessoas?"", ""Pode passar leite materno no olho do bebê?""]",76ca8f7b57f93cce91212f0657ec043fadc91f789c4804397cbd091e7285fe76
119,57,"['mounjaro', 'enquanto', 'amamentando', 'alguma', 'amamentava', 'tirzepatida', 'tomando', 'percebeu', 'amamenta', 'usar']",50,"[""Alguma mãe usou Mounjaro enquanto amamentava?"", ""Alguma mãe que tomou Mounjaro enquanto amamentava percebeu alguma coisa?"", ""A mãe que está amamentando está tomando Mounjaro por conta própria ou por prescrição médica?"", ""Você sentiu alguma diferença ao tomar Mounjaro enquanto amamentava?"", ""Há quantos meses você toma Mounjaro e amamenta sua filha?"", ""Alguma mãe que tomou Mounjaro enquanto amamentava percebeu alguma diferença no leite materno?"", ""Como foi a gestação de quem engravidou tomando Mounjaro?"", ""Está tudo bem com a gravidez de quem engravidou tomando Mounjaro?"", ""Quem está amamentando e tem um bebê de 1 ano pode tomar Mounjaro?"", ""Qual quantidade de Mounjaro você está tomando enquanto amamenta sua filha de dois anos?"", ""Posso tomar Mounjaro sem precisar parar de amamentar meu bebê de 7 meses?"", ""Está tudo bem com a gravidez após engravidar enquanto usava Mounjaro?"", ""Uma mãe que amamenta um filho de 2 anos pode utilizar Mounjaro?"", ""Uma mulher com bebê de 2 meses, que não está amamentando e teve parto cesáreo, pode usar o Mounjaro?"", ""Se engravidar tomando Mounjaro, há risco de má-formação no bebê?"", ""É preocupante ter tomado duas doses de Mounjaro 2,5 mg em duas semanas e descoberto a gravidez na segunda dose?"", ""Como foi engravidar enquanto usava Mounjaro?"", ""O uso de Mounjaro antes de descobrir a gravidez pode causar algum problema na gestação?"", ""Posso tomar Mounjaro enquanto minha bebê de 2 anos ainda mama pouco no peito?"", ""Como está o seu tratamento com Mounjaro?"", ""Ao parar de usar a tirzepatida, também há risco de engravidar?"", ""Por quanto tempo você usou Mounjaro?"", ""Crianças podem usar Mounjaro (tirzepatida)?"", ""Por que a mãe não está amamentando o bebê?"", ""O Mounjaro faz ele ficar mais fértil?"", ""Você sentiu alguma coisa diferente no seu corpo durante a gravidez?"", ""Por que chás naturais são proibidos e demonizados enquanto remédios químicos são aceitos pela classe médica?"", ""Posso usar botox no cabelo enquanto estou amamentando, com uma bebê de 1 ano e 8 meses?"", ""Posso usar Suavicid enquanto estou amamentando há 302 dias?"", ""Há alguma doula para indicar em São Paulo?"", ""Posso tomar Venvanse enquanto estiver amamentando?"", ""Quais medicamentos ou tratamentos posso usar para combater uma micose na unha enquanto estou amamentando?"", ""Por que eu me frustraria por respeitar o tempo de espera para a formação do pulmão da minha filha?"", ""Eles podem usar uma doula no parto?"", ""Foi descoberto algum problema após esse exame da gestação?"", ""Um bebê amamentado por seis dias por uma mãe com HTLV corre risco de contaminação?"", ""Após começar o Mounjaro, o sangramento menstrual parou ou o fluxo diminuiu?"", ""Como o médico morreu enquanto realizava um parto?"", ""Como ela assinou alguma coisa?"", ""Por quanto tempo é preciso usar preservativo quando o Mounjaro pode reduzir o efeito do anticoncepcional?"", ""Posso usar Lakesia spray enquanto amamento minha filha de 2 anos, que mama pouco no peito?"", ""Alguém viu Graciele amamentando a filha?"", ""A injeção trimestral também é afetada com o uso de Mounjaro?"", ""Deve-se deixar de solicitar socorro enquanto se iniciam as manobras de desengasgo no bebê?"", ""Após a laceração no parto, você sentiu alguma diferença no dia a dia hoje em dia?"", ""É normal o bebê transpirar enquanto mama, principalmente quando está com o corpo quente?"", ""Você teria alguma dica para o parto?"", ""O bebê não corre o risco de se afogar no parto na água?"", ""Você descobriu alguma coisa para ajudar com a constipação durante a gravidez?"", ""Por que você não está amamentando o Tito no peito?""]",da2a0d9ab8a8281f0560444e935e1b756c2e8f73d18eea473a1edd8699b11f9e
120,50,"['linha', 'teste', 'fraca', 'farmácia', 'linhas', 'positivo', 'resultado', 'indica', 'traços', 'duas']",50,"[""Um teste de gravidez de farmácia com duas linhas rosas, sendo a segunda bem fraca e distante da primeira, indica um resultado positivo?"", ""Um teste de gravidez feito antes do atraso menstrual, com uma linha forte e outra fraca, pode indicar gravidez?"", ""Um teste de gravidez de farmácia com uma linha forte e outra muito fraca indica que estou grávida?"", ""Um teste de gravidez que ficou positivo, bem clarinho, aparecendo depois de 5 minutos, indica gravidez?"", ""Um teste de gravidez com uma linha forte e outra bem fraquinha indica positivo?"", ""Um teste de gravidez com uma linha quase imperceptível e sintomas pode indicar gravidez?"", ""Um teste de gravidez de farmácia com a segunda linha fraca deu positivo ou não?"", ""Um teste de gravidez com três risquinhos na linha de controle e mais duas linhas embaixo, perto do sinal de mais, significa gravidez?"", ""O que significam um teste de gravidez com uma linha forte e outra bem clarinha, seguido de dois testes com apenas uma linha?"", ""Um teste de gravidez com uma linha forte e outra fraca indica gravidez?"", ""Em um teste de gravidez, um traço significa que não está grávida e dois traços significam que está grávida?"", ""Um teste de gravidez com dois traços bem fracos azuis pode indicar resultado positivo, mesmo quando o vermelho é negativo?"", ""Um teste de gravidez com o segundo traço bem fraco pode ser considerado positivo?"", ""Um teste de gravidez que mostrou apenas um ponto pode indicar gravidez?"", ""Os testes de gravidez com linha fraca e três dias de atraso menstrual indicam que o resultado é positivo?"", ""O resultado do teste de gravidez de farmácia pode ter sido prejudicado porque a tira tombou e a urina ultrapassou o nível indicado, fazendo aparecer rapidamente duas linhas?"", ""É possível estar grávida mesmo com um teste de gravidez com linha fraca e outros testes negativos?"", ""É possível estar grávida mesmo com teste de gravidez negativo e aparecendo uma linha bem clarinha?"", ""Quando a mulher fica grávida, o teste de gravidez dá dois tracinhos?"", ""Em um teste de gravidez, não deveria aparecer dois traços?"", ""O que significa o resultado 1-2/2-3 que aparece no teste de gravidez?"", ""O que significa o resultado \""duas a três semanas\"" em um teste de gravidez?"", ""Um teste de gravidez com uma segunda linha muito clarinha pode indicar gravidez?"", ""Um teste de gravidez de farmácia com a segunda linha fraca indica que o resultado é positivo?"", ""O primeiro teste de gravidez não deveria mostrar duas linhas?"", ""Em um teste de gravidez, dois pontinhos indicam resultado positivo?"", ""É possível aparecer linha de evaporação em três testes de gravidez?"", ""Minha menstruação está atrasada e o teste de gravidez mostrou apenas uma linha apagada; isso significa que estou grávida?"", ""O teste de gravidez mostra dois pontinhos ou está escrito \""grávida\""?"", ""O primeiro teste de gravidez de farmácia deu negativo?"", ""Se eu deixar a fita ou o teste de gravidez de farmácia por 1 minuto, em vez de 10 segundos como indica a embalagem, o resultado pode ser alterado?"", ""Se o teste de gravidez caseiro do cotonete saiu limpinho, isso significa que estou grávida?"", ""O que pode significar um teste de gravidez de farmácia em que apareceram duas linhas e, depois de cinco minutos, a linha sumiu e não permaneceu?"", ""O que significa um teste de gravidez de farmácia ficar com uma linha rosa e o restante todo rosa, sem outra linha?"", ""Posso confiar no resultado de um teste de gravidez Clearblue que mostrou uma linha muito fraca e depois foi escurecendo, feito três dias antes da menstruação?"", ""Dois testes de farmácia com resultado positivo bem fraco, junto com sangramento que começa marrom e depois fica vermelho, podem indicar gravidez ou nidação?"", ""O que significa \""duas a três\"" no contexto de um teste de gravidez?"", ""Posso usar um teste de gravidez de farmácia quando tiver 43 ou 47 anos?"", ""O que significa o resultado “2-3” no teste de gravidez e ele indica gêmeos ou trigêmeos?"", ""O que devo fazer após dois testes de farmácia com segunda linha fraca e um terceiro teste negativo?"", ""Um teste de farmácia com duas linhas muito fracas e quase invisíveis é positivo?"", ""O que pode explicar um teste de ovulação com resultado positivo no domingo, negativo na segunda-feira, positivo novamente na quarta-feira e depois negativo, junto com dor no ovário direito?"", ""As contrações indicam que o parto está perto?"", ""Mesmo sem menstruar há 9 meses por estar amamentando, o muco cervical e o teste de ovulação com linha fraca indicam que estou ovulando ou que vou ovular em breve?"", ""Um teste de farmácia com duas linhas, sendo uma escura e outra bem clara, é positivo ou negativo?"", ""O que pode significar um teste de farmácia em que aparecem dois traços, mas o segundo traço depois desaparece?"", ""Você indica o biscoito \""Meu Primeiro Lanchinho\"" da Mucilon para bebê?"", ""Por que o êmbolo foi pressionado rapidamente?"", ""Por que o leite natural da vaca é considerado muito forte para o bebê?"", ""Você já tem a camiseta rosa dos ursinhos que mostrou antes para usar com essa calça?""]",70da364763362a099a6c76c0f14cde71722f901c6ae20ae48585674ddeb29344
121,69,"['lado', 'dormir', 'esquerdo', 'cima', 'mal', 'posição', 'baixo', 'barriga', 'gestante', 'direito']",50,"[""É recomendado que a gestante durma do lado esquerdo?"", ""Uma gestante pode dormir de barriga para cima?"", ""Na gravidez, dormir do lado esquerdo significa ficar com o lado esquerdo para cima ou para baixo?"", ""Gestantes podem dormir do lado direito ou precisam dormir apenas do lado esquerdo?"", ""Dormir de barriga para cima na gravidez pode fazer mal?"", ""Há recomendações sobre o lado certo para dormir durante a gravidez?"", ""Qual é a melhor posição para uma gestante dormir?"", ""Qual é o lado ideal para uma gestante dormir?"", ""Dormir de bruços na gravidez, com quatro meses, pode fazer mal ao bebê?"", ""Dormir de barriga para baixo na gestação faz mal para o bebê?"", ""Uma gestante no quinto mês de gravidez pode dormir de bruços?"", ""O que fazer na gravidez quando a gestante só consegue dormir de barriga para baixo?"", ""É normal, na gravidez, dormir apenas do lado esquerdo e acordar com o corpo dormente e dolorido?"", ""Quando a recomendação é que a grávida durma do lado esquerdo, isso significa o lado esquerdo da própria gestante?"", ""A grávida deve dormir virada para o lado do coração, mesmo que isso signifique ficar virada para o lado direito?"", ""Por que durante a gestação é recomendado dormir de preferência do lado esquerdo?"", ""Dormir de barriga para cima durante a gravidez faz mal?"", ""Se a gestante acorda de barriga para cima, isso é motivo de preocupação sobre quanto tempo ela ficou nessa posição?"", ""É recomendado deitar com as pernas para cima, apoiadas na parede, durante a gravidez, mesmo com a barriga grande?"", ""O que fazer quando a gestante não consegue dormir do lado esquerdo?"", ""Uma gestante consegue dormir, mesmo com a barriga muito grande?"", ""Na gravidez, a posição para dormir realmente importa ou o importante é a gestante se sentir à vontade?"", ""Com 23 semanas de gravidez, ainda é possível dormir de barriga para baixo?"", ""É normal uma gestante não conseguir dormir do lado esquerdo porque sente dor nas costas?"", ""É normal continuar cansada ao acordar, mesmo depois de dormir e descansar durante a gravidez?"", ""O que pode ser uma tremida forte no lado esquerdo da barriga, que durou poucos segundos e aconteceu duas semanas depois?"", ""O fato de o bebê estar com a coluna do lado direito influencia algo, mesmo ele estando cefálico?"", ""O óvulo fica do lado direito?"", ""Uma mulher com rim pélvico, localizado na frente do ovário esquerdo, pode fazer cesariana?"", ""Você também se sentia mal quando estava grávida do Davizinho?"", ""Mesmo com o bebê de cabeça para baixo e com as costas voltadas para o lado direito, ainda é possível ter parto normal?"", ""A hérnia inguinal e a cirurgia no lado direito podem ter relação com as fisgadas no ligamento redondo do lado direito sentidas nas minhas gestações?"", ""O uso de Vitacid pode fazer mal ao bebê?"", ""Em que parte da barriga o bebê parece ficar mais: no lado esquerdo, no lado direito, perto das costelas, na região do umbigo ou na parte inferior da barriga?"", ""É importante conversar com a criança durante a gravidez?"", ""O que uma gestante pode esperar em cada mês da gravidez?"", ""A posição de pernas abertas faz a bacia ficar fechada?"", ""Por que o nariz fica entupido durante a gravidez?"", ""Por que é ideal que o bebê fique do lado esquerdo?"", ""Se eu engravidar aos 46 anos e com fibrose, minha barriga voltará ao normal depois da gravidez?"", ""Não faz mal para o bebê se a bolsa estourar e o parto demorar para acontecer?"", ""Se o bebê dormir de barriga para cima, como o líquido sai quando ele vomita?"", ""Como é a imagem de uma gestação em que o bebê foi gerado em cima da placenta?"", ""O hidróxido de alumínio pode fazer mal ao bebê durante a gravidez?"", ""No jogo do garfo e da colher com a gestante, a posição correta é em cima do garfo ou da colher?"", ""Faz mal o bebê sugar tudo de uma vez e tão rápido?"", ""Em uma gestação de 7 semanas, o que seria a bola ao lado esquerdo do embrião?"", ""Se eu dormir, minha bebê pode morrer sufocada?"", ""A melhor posição para o bebê dormir é de barriga para baixo?"", ""Corrimento branco sem coceira nem odor, junto com dor pontada no lado esquerdo do baixo ventre e atraso menstrual, pode ser normal na gravidez?""]",7644b2b71a6f183ec7b0eba77760267196ae110ed4caab322e889e9a7ccaa4da
122,62,"['revelação', 'chá', 'descobrir', 'vai', 'sexo', 'haver', 'será', 'fazer', 'fazem', 'vocês']",50,"[""Você vai fazer o chá revelação do bebê?"", ""Vai haver chá revelação para descobrir se o bebê é menino ou menina?"", ""Quando vocês vão fazer o chá revelação do bebê?"", ""Vai haver chá revelação para descobrir o sexo do bebê?"", ""Por que não fazem um chá revelação?"", ""Você vai fazer chá revelação para descobrir o sexo do bebê?"", ""Quando vai ser o chá revelação do bebê?"", ""Vai haver chá de revelação para descobrir o sexo do bebê?"", ""Vai haver chá revelação da gravidez?"", ""Como será o chá revelação do bebê?"", ""Quando será o chá revelação do bebê?"", ""Você vai fazer um chá revelação para descobrir o sexo do bebê?"", ""Em que dia será o chá de revelação?"", ""Quando for publicado o vídeo falando sobre o sexo do bebê, já será o chá revelação?"", ""Você vai fazer chá de bebê?"", ""Como vai ser o chá revelação para descobrir o sexo do bebê?"", ""Quando vai ser o chá revelação?"", ""Você vai fazer a revelação do sexo do bebê?"", ""Vai ter chá revelação?"", ""Por que vocês não fazem um chá revelação para descobrir o sexo do bebê?"", ""Tia Sarah vai fazer chá revelação da gravidez?"", ""Vocês podem gravar o chá revelação?"", ""Vai haver chá revelação?"", ""Como vai ser o chá revelação?"", ""Você vai fazer chá revelação?"", ""O hidratante Palmers Cocoa Butter é vendido no Brasil?"", ""Por que as pessoas não podem esperar o casal viver esse momento?"", ""Não faria mais sentido que a revelação fosse sobre o que a criança será no futuro?"", ""Quanto de chá de funcho você toma por dia?"", ""Quando será feita a revelação do novo bebê?"", ""O que há de errado em a mãe abraçar os amigos no chá revelação?"", ""Você pode fazer um novo vídeo sobre depressão pós-parto?"", ""Não existe enxoval guardado para o menino mais novo?"", ""Vai ter chá revelação, quartinho e enxoval nos Estados Unidos?"", ""Como ela vai fazer a cirurgia para tirar o bebê?"", ""O bebê revelado no chá revelação é uma menina chamada Sofia?"", ""Como posso descobrir se estou grávida ou não?"", ""É possível fazer o chá de revelação ao vivo?"", ""É preciso cortar ou pegar no meio do bolo para ver qual cor vai aparecer no chá revelação?"", ""Por que uma pessoa que não tem onde cair morta ainda vai fazer sexo e colocar um filho no mundo?"", ""Por que as pessoas não respeitam o momento do casal em um chá revelação?"", ""Quais coisas você vai fazer quando a Olívia nascer?"", ""Por que, em um chá revelação, todos esperam descobrir se o bebê é menino ou menina?"", ""Você vai fazer o chá revelação em Brasília?"", ""Deus vai fazer surgir um bebê na barriga da sua mulher?"", ""Vocês podem fazer chá revelação no Brasil?"", ""O evento é um chá revelação ou um chá revelação de time?"", ""Você vai fazer uma transição mostrando a gravidez e depois com o bebê no colo?"", ""Por que fazer chá revelação se, independentemente de o bebê ser menino ou menina, ele vai ser amado e cuidado da mesma forma?"", ""Você vai cortar o cabelão do bebê?""]",1973662dcb089320fb882a0bc6566cd8e27e3de399de5e994684332c351e69b7
123,70,"['perdeu', 'kamylinha', 'engravidou', 'perder', 'camilinha', 'disse', 'descobriu', 'kamila', 'camila', 'estava']",50,"[""É verdade que você perdeu o bebê?"", ""É verdade que a Kamila está grávida?"", ""A Camilinha está grávida de verdade?"", ""É verdade que ela perdeu o bebê ou isso é mentira?"", ""Você perdeu a gravidez?"", ""De quem a Kamylinha está grávida?"", ""Você perdeu esse bebê ou não?"", ""A Camila estava grávida?"", ""É verdade mesmo que Kamylinha está grávida?"", ""A Kamila engravidou aos 17 anos e perdeu o bebê?"", ""A Camilinha está grávida?"", ""Você queria mesmo perder esse bebê com 6 meses de gestação?"", ""Camilinha está grávida mesmo?"", ""Como você engravidou?"", ""De quem Kamylinha está grávida agora?"", ""Com quantos meses de gestação ela perdeu o bebê?"", ""Quem está grávida, a Camilinha ou os dois?"", ""Você descobriu se está grávida?"", ""Você não engravidou de primeira?"", ""Vocês viram o vídeo do pastor que disse que a Kamylinha ia perder o bebê?"", ""Como você descobriu a gravidez?"", ""Como você descobriu que estava grávida?"", ""Em que dia você descobriu que estava grávida?"", ""Kamylinha já está grávida de novo?"", ""Você perdeu sua filha durante o parto?"", ""Como uma pedra engravidou?"", ""Com qual médico ela consultou quando descobriu a endometriose?"", ""É possível acontecer entupimento de ducto mamário em quem não engravidou?"", ""Com 38 semanas e 3 dias de gravidez, se o médico disse que o bebê está cefálico, isso significa que ele já está encaixado?"", ""Qual cachorro a engravidou, se ela está grávida?"", ""No primeiro vídeo, você tinha dito que não ia ter outra filha; o que aconteceu em relação à Olívia?"", ""Por que essa mulher engravidou se não tinha condições de se sustentar?"", ""Se a gestante pegar peso, ela pode perder o bebê?"", ""Como ele descobriu que o bebê estava com um tumor?"", ""Que estrutura Kamila tem para ser mãe?"", ""A Jessi está grávida?"", ""A requisição do teste de gravidez é de 17 de outubro de 2013?"", ""Como está a sua filha?"", ""Ele estuprou a menina que engravidou?"", ""A Boiadeira perdeu o bebê em um acidente?"", ""Por que essa gestante perdeu o bebê no acidente?"", ""A gestante perdeu o tampão antes do parto?"", ""O teste era de quando ela estava grávida de Camy, de Yuri ou de Clarinha?"", ""Como a filha da Camila pode estar viva se o médico disse que ela morreu?"", ""Depois de perder o bebê, o útero demora a voltar ao normal?"", ""A Camilinha estava grávida, perdeu o bebê e depois engravidou novamente?"", ""Você disse que não estava grávida quando eu vi o seu vídeo?"", ""Como Hytalo descobriu que Kamylinha estava grávida?"", ""O que o médico disse sobre a menstruação voltar mesmo com amamentação exclusiva?"", ""O que você fez quando perdeu o colo do útero com 28 semanas de gestação?""]",cf975e0cc0771dc82e032111ff6bc85a3572729f6bb250428bd6b8bb850c0492
124,42,"['histerectomia', 'total', 'progesterona', 'fez', 'repor', 'retirou', 'útero', 'reposição', 'usar', 'precisa']",42,"[""Quem fez histerectomia total deve usar progesterona?"", ""O uso de progesterona é indicado para mulheres que fizeram histerectomia?"", ""Após uma histerectomia, é verdade que não é necessário usar progesterona?"", ""Quem fez a retirada do útero, mas ainda tem os ovários, deve usar progesterona?"", ""Quem já retirou o útero também precisa repor progesterona?"", ""Quem fez histerectomia e está na menopausa precisa usar progesterona?"", ""Quem fez histerectomia total precisa usar progesterona?"", ""Quem fez histerectomia total precisa repor progesterona?"", ""Em caso de histerectomia total, ainda vale a pena repor progesterona?"", ""Quem não tem útero, após histerectomia total, também precisa usar progesterona?"", ""Uma pessoa que retirou o útero pode tomar progesterona?"", ""Uma pessoa que fez histerectomia total radical há 6 anos pode tomar progesterona?"", ""Quem fez histerectomia durante a menopausa precisa repor progesterona?"", ""Quem não tem útero e fez ooforectomia deve fazer reposição de progesterona?"", ""Uma pessoa sem útero precisa fazer reposição de progesterona?"", ""Após retirar o útero e o ovário aos 45 anos, é necessário tomar progesterona?"", ""Uma mulher que já fez histerectomia e faz reposição de estradiol também deve fazer reposição de progesterona?"", ""Quem fez histerectomia total precisa repor progesterona durante a menopausa?"", ""Para quem fez histerectomia, qual é a melhor reposição hormonal nesse caso?"", ""A progesterona é indicada para quem foi histerectomizada?"", ""A reposição de progesterona é indicada para quem já retirou o útero?"", ""Quem retirou o útero e os ovários precisa fazer reposição hormonal?"", ""Quem fez histerectomia pode fazer uso de progesterona e estrogel?"", ""Após uma histerectomia total, com histórico de endometriose e usando Oestrogel há 15 dias, também é necessário tomar progesterona?"", ""Uma mulher que passou por retirada total do útero aos 45 anos pode fazer uso de progesterona aos 60 anos?"", ""Quem fez histerectomia total pode usar progesterona para normalizar o sono?"", ""Após retirar os dois ovários por causa de cistos ovarianos, devo tomar progesterona?"", ""Com 60 anos, sem útero e com apenas um ovário, posso tomar esses hormônios?"", ""A reposição hormonal também se aplica às mulheres que não têm útero, mas mantêm o colo do útero e os ovários em funcionamento após uma histerectomia?"", ""O que devo fazer se, ao usar Oestrogel após a retirada do útero, minhas mamas ficarem doloridas?"", ""Qual é a melhor forma de usar progesterona em mulheres na menopausa cirúrgica, sem útero, após histerectomia total por endometriose?"", ""Você foi curada da endometriose?"", ""O que é endometriose?"", ""Ter problema de tireoide e 45 anos faz com que a gravidez seja considerada de risco?"", ""Vale a pena fazer o teste de ovulação neste mês?"", ""Uma mulher que fez conização consegue engravidar?"", ""O médico retirou o bebê e deixou o líquido lá dentro?"", ""Como saber quando a gestante deve usar pessário por ICC?"", ""Em uma gestante com histórico de trabalho de parto prematuro, em uso de progesterona e com colo curto, qual conduta deve ser adotada: cerclagem, pessário ou outra medida?"", ""Foi feito repouso total, levantando apenas para ir ao banheiro e comer?"", ""Qual a porcentagem de iodo que a gestante deve usar?"", ""Um bebê de 4 meses também deve usar 4 puffs de 6 em 6 horas?""]",f3953c8789658d42d40c0799332b1f8eb6f488b1b1eebf31888f411bb8244306
125,47,"['urina', 'xixi', 'colocado', 'teste', 'caseiro', 'testes', 'cotonete', 'feito', 'feitos', 'comida']",47,"[""O teste de gravidez é feito com urina?"", ""O teste de gravidez não é feito com urina?"", ""O teste de gravidez precisa ser feito com xixi?"", ""O teste de gravidez é feito no xixi?"", ""O teste de gravidez é feito com urina de verdade?"", ""O teste de gravidez deve ser feito com a primeira urina da manhã?"", ""O palitinho do teste de gravidez deve ser colocado no xixi?"", ""Os testes de gravidez foram feitos com a urina da mesma grávida?"", ""Um teste de gravidez feito antes de 1 mês já consegue indicar se a pessoa está grávida?"", ""Você fez xixi para fazer o teste de gravidez?"", ""O teste de gravidez não precisa ser molhado na urina para funcionar?"", ""O teste de gravidez é colocado primeiro na urina e depois na comida?"", ""O xixi usado no teste de gravidez era da mesma pessoa?"", ""Ela lavou o teste de gravidez antes de colocá-lo na comida, já que ele é usado com urina?"", ""O teste de gravidez pode falhar e não indicar corretamente se a pessoa está grávida?"", ""Quem não menstrua pode fazer esse teste de gravidez caseiro?"", ""Alguém já fez esse teste de gravidez caseiro com cotonete?"", ""Esse teste de gravidez caseiro com cotonete é সত্য?"", ""O teste de gravidez foi colocado no xixi antes de ser colocado na comida do marido?"", ""É possível usar o mesmo copo com a urina de uma gestante que já sabia que estava grávida para fazer o teste de gravidez?"", ""O teste de gravidez caseiro do cotonete é verdadeiro?"", ""Por que apenas uma delas estaria grávida se os quatro testes foram feitos com o mesmo xixi?"", ""Um teste de gravidez feito com urina retirada do vaso sanitário pode dar negativo porque a urina estava misturada com água?"", ""O cotonete deve ser colocado na parte íntima ou na urina para fazer esse teste de gravidez caseiro?"", ""O teste de gravidez deve ser feito alguns dias após o atraso menstrual ou 14 dias após a ovulação?"", ""As amigas podem ter misturado e confundido os potinhos de urina durante o teste de gravidez?"", ""Os quatro testes de gravidez foram feitos com quatro amostras de urina diferentes?"", ""Foi feito outro teste de gravidez?"", ""Quatro testes de ovulação feitos em dias e horários diferentes, todos com positivo forte, podem indicar gravidez?"", ""O teste de gravidez caseiro com cotonete é feito na bunda ou no pênis?"", ""Um teste de gravidez feito três dias após a nidação pode dar negativo mesmo assim?"", ""Os testes que você fez eram testes de ovulação?"", ""Se o xixi de uma pessoa grávida se misturou na embalagem, isso poderia fazer com que todos os testes de gravidez dessem positivo?"", ""O que pode estar acontecendo quando a menstruação atrasa e os testes de gravidez dão negativo?"", ""Por que, ao misturarem os testes de gravidez, o xixi também se misturou e o hCG se espalhou?"", ""Colocar vários testes de gravidez na mesma caixinha pode fazer com que todos deem positivo por contaminação com a urina de uma gestante?"", ""Como os testes de gravidez se misturaram se cada uma usou o próprio xixi e colocou o resultado na sua própria caixa?"", ""A esponjinha de um teste de gravidez pode pegar a amostra do outro teste se eles forem juntados?"", ""A coloração vermelha na urina pode ser menstruação?"", ""A urina vermelha é de menstruação?"", ""Se a urina estiver vermelha, isso significa que estou menstruando?"", ""O balão de dilatação só pode ser colocado se a gestante já tiver dilatação?"", ""O bebê ainda não foi colocado no berço?"", ""Esse bebê vai ser colocado para adoção?"", ""O que a bebê fez foi por impulso ou porque ela sabia que estava na hora da comida?"", ""Por que, biologicamente, o ser humano é feito para fazer isso?"", ""O que acontece se um embrião for colocado no útero de outro animal?""]",fbb9318f0bb922027dd3637e7608b8daba3b9c16154fd7594097b3a20fda22c0
126,67,"['contrações', 'dilatação', 'doem', 'dor', 'parto', 'as', 'contração', 'cm', 'partos', 'sentir']",50,"[""As contrações do parto realmente não doem?"", ""As contrações do parto não doem?"", ""As contrações de parto realmente doem?"", ""Contrações de parto podem não doer?"", ""As contrações de parto doem?"", ""Onde dói mais durante as contrações do parto?"", ""As contrações do parto realmente existem exatamente para isso?"", ""As contrações de parto não doem?"", ""Se a contração não dói, o que eu senti nos meus dois partos?"", ""A dilatação no parto precisa acontecer lentamente porque dói muito?"", ""O que significa sentir muita dor sem dilatação durante o trabalho de parto?"", ""É possível que a contração de parto não doa?"", ""É normal ter dilatação no parto sem sentir contrações?"", ""Até 7 cm de dilatação, o parto costuma não ser tão doloroso assim?"", ""É verdade que, até 7 cm de dilatação, a dor do parto não é tão intensa?"", ""Como é a dor das contrações no parto normal?"", ""É normal sentir muita dor no exame de toque durante o trabalho de parto?"", ""É normal sentir pouca dor no trabalho de parto mesmo com 6 cm de dilatação?"", ""É recomendado rebolar durante as contrações na hora do trabalho de parto?"", ""Depois de 10 cm de dilatação, não há mais dor para sentir no parto?"", ""O bebê não sente dor durante as contrações de parto sem dor?"", ""Durante a dilatação do parto, a dor é causada apenas pelas contrações e não pela região vaginal?"", ""Como posso estar com dilatação no parto normal sem sentir dores de contração?"", ""É possível dilatar durante o parto sem sentir contrações?"", ""O que é uma contração de parto sem dor?"", ""Por que a violência obstétrica ainda existe hoje, mesmo com tantas denúncias e projetos de lei para aumentar a pena dos profissionais que a praticam?"", ""Os partos na época das pedras eram realmente assim?"", ""Antes da cesárea, a gestante já sabe que não tem passagem para o parto normal ou o médico só informa isso na hora?"", ""A pílula de levonorgestrel pode ter causado essa alteração no sangramento e na menstruação?"", ""Com essa injeção, a mulher faz as contrações e a dilatação sem sentir dor?"", ""Por que não falam da dor e do sofrimento durante a gestação até a hora do nascimento?"", ""Por que essa parte do parto é tão tabu para vocês?"", ""Um homem aguentaria passar por contrações, dilatação e trabalho de parto por horas, com dificuldade para respirar ou se concentrar em outra coisa além da dor?"", ""Existem mulheres que não entram em trabalho de parto espontaneamente?"", ""Ela estava com dores durante o trabalho de parto?"", ""A ventosa pode ser usada na região lombar durante o trabalho de parto para ajudar a distrair a dor?"", ""Em uma nova gravidez, essa dor lombar intensa durante as contrações do parto pode acontecer de novo?"", ""Uma mulher com istmocele pode passar por contrações, dilatação e parto normal?"", ""A medicação para acelerar as contrações pode ter causado sofrimento no meu primeiro filho?"", ""Ter contrações sem dilatar e sem sentir dor é algo raro?"", ""É normal sentir dores nas costas, no quadril e nas pernas que começaram após a cesárea?"", ""Por que as contrações causam tantas dores?"", ""É verdade que a fase expulsiva dói menos do que a fase das contrações no parto?"", ""Se não houver dilatação, a dor das contrações fica muito intensa?"", ""O que é a \""pele do útero\"" mencionada como tendo sido empurrada aos 11:33 no relato de parto normal?"", ""As contrações do parto podem ser sentidas principalmente nas costas ou na lombar, como no \""back labour\""?"", ""É normal ter mais de 10 contrações no dia durante a gravidez?"", ""Quantas contrações de parto já ocorreram?"", ""A indução do parto não é justamente para evitar contrações tão fortes e sofrimento fetal como o relatado?"", ""Após dois partos cesáreos, o importante é que todos ficaram bem?""]",452169f947a09bec4bd30ce3340ebd9b7ccd856198856df894e080e13a360f80
127,64,"['sonhar', 'significa', 'luz', 'dando', 'sonho', 'significar', 'fazia', 'mulher', 'que', 'mexendo']",50,"[""O que significa sonhar que está fazendo o parto de outra pessoa?"", ""O que significa sonhar que estava perdendo o bebê?"", ""O que significa sonhar que fez uma cesariana?"", ""O que significa sonhar que eu estava tendo um bebê e fazia o parto sozinha?"", ""O que significa sonhar que estou grávida e que vou dar à luz sem sentir dor?"", ""O que pode significar sonhar com uma gravidez que eu não queria no sonho?"", ""O que significa sonhar que está grávida e que deu à luz um bebê, mesmo tendo as trompas ligadas?"", ""O que significa ver uma mulher grávida em sonho?"", ""O que significa sonhar que está dando à luz um bebê de parto normal?"", ""O que significa sonhar que ora por uma gestante em trabalho de parto?"", ""O que significa sonhar grávida, cuidando de crianças ou segurando uma criança no colo?"", ""O que pode significar sonhar que está grávida, sentir o bebê mexendo muito e ver as mãos e os pés dele se esticando pela pele da barriga?"", ""O que significa sonhar que está dando à luz, em parto normal e sem dor, a dois bebês?"", ""O que pode significar sonhar que está grávida, com a barriga grande, o bebê se mexendo muito e furando a barriga?"", ""O que significa sonhar que estou grávida de quatro meses, mesmo sem pretender ter mais filhos?"", ""O sonho em que a pessoa estava grávida pode ter sido um sinal?"", ""O que significa sonhar com dores de parto e sangramento?"", ""O que significa sonhar com uma mulher conhecida grávida?"", ""O que significa sonhar que está dando à luz a duas meninas lindas, em parto normal, sem sentir dor?"", ""O que significa sonhar que estou em trabalho de parto normal, mas não vejo o bebê?"", ""O que significa sonhar que estava grávida e via o bebê se mexendo após fazer uma colonoscopia?"", ""Sonhar que a bolsa estourou e que começou o trabalho de parto durante a gravidez significa alguma coisa?"", ""Em que posição ela estava ao dar à luz?"", ""O que significa sonhar que dei à luz um bebê prematuro que sangrava, mas estava vivo?"", ""O que significa sonhar que, aos 6 anos, eu estava grávida do professor de educação física?"", ""Se a mulher estiver grávida, o Vitacid afeta apenas o bebê?"", ""Uma mulher grávida pode comer chuchu?"", ""O que pode significar a borra marrom que desceu por três dias apenas quando eu fazia xixi?"", ""Mesmo o teste do pezinho da minha bebê não tendo mencionado G6PD, ela pode ter herdado essa deficiência?"", ""Como a luz do ambiente externo consegue atravessar as sete camadas de pele até o bebê durante a gravidez?"", ""Barriga redonda na gravidez significa que o bebê é menina?"", ""O que pode significar a menstruação estar rosada?"", ""Por que há uma fita na entrada da mulher grávida?"", ""Isso significa que eu perdi o bebê?"", ""Se o bebê ver a mãe comendo alguma coisa e quiser comer também, ele pode comer?"", ""Se a mulher estiver grávida, pode andar de moto?"", ""É verdade que onças sentem o cheiro de uma mulher grávida de longe?"", ""O que acontece quando uma mulher grávida fuma 3 ou 4 cigarros de uma só vez?"", ""O que a gestação tem a ver com dor?"", ""O que significa o tampão mucoso na gestação?"", ""O que pode ser sentir o pé da barriga mexendo há duas semanas?"", ""Segundo a Bíblia, Deus disse que a mulher daria à luz com dores por causa da desobediência de Eva?"", ""Qual é a idade da mulher que está grávida?"", ""No caso de um bebê prematuro, com os pulmões ainda imaturos, qual seria o gatilho para o início do trabalho de parto?"", ""Que brincadeiras você fazia com o bebê?"", ""Eu fazia isso quando ainda estava no útero da minha mãe?"", ""O que significa fazer limpeza após o parto?"", ""É comum não conseguir raciocinar direito durante o parto e não conseguir fazer o que se queria?"", ""A pessoa que está dando leite na seringa para o bebê é uma profissional?"", ""Você está amamentando e dando leite para sua filha?""]",b01f1d7489a4b743d281175cb944ffdb9ff58b6560b25ad53823c994030381fc
128,44,"['pós', 'inchada', 'diástase', 'barriga', 'desinchar', 'enorme', 'parto', 'gordura', 'perna', 'parecer']",44,"[""O que aconteceu com a barriga no pós-parto?"", ""Por que a barriga no pós-parto ainda não desinchou?"", ""É normal a barriga ainda estar inchada com dois meses de pós-parto?"", ""No pós-parto, é normal a barriga ainda parecer de grávida de seis meses mesmo após a mulher perder todo o peso ganho, depois de três ou quatro meses?"", ""O que posso fazer para desinchar a barriga no pós-parto?"", ""É normal a barriga continuar enorme um ano após o parto?"", ""Quanto tempo demora para desinchar a barriga no pós-parto em quem não pode amamentar?"", ""O que fazer se a barriga estiver um pouco mole antes de completar um mês no pós-parto?"", ""O que pode ser feito para a barriga de pós-parto na minha barriga?"", ""É normal a barriga continuar enorme no pós-parto e parecer que ainda estou grávida?"", ""Quanto tempo a barriga demora para desinchar no pós-parto em quem perdeu o bebê?"", ""É normal ainda estar inchada quase dois anos após o parto?"", ""O que pode ser uma barriga inchada e com uma bola, um mês e seis dias após o parto?"", ""É normal continuar com a barriga enorme e caída quatro meses após o parto cesárea?"", ""É normal a barriga ainda não ter desinchado e até parecer maior com 6 meses de pós-parto após a cesárea?"", ""A barriga inchada pode ser um sinal de que a placenta não foi retirada?"", ""Por que a barriga da mulher fica grande depois de dar à luz?"", ""A ausência de menstruação após o parto pode causar inchaço abdominal, como se a mulher estivesse grávida de quatro ou cinco meses?"", ""A gordura da barriga continua depois que o bebê nasce?"", ""É normal sentir movimentos ocasionais na barriga, cerca de uma vez por semana, dois anos após o segundo parto e o puerpério?"", ""O excesso de gordura abdominal no pós-parto pode ser causado pela alimentação que a mulher teve durante a gravidez?"", ""Com 1 mês e 17 dias de pós-parto, a roupa jeans que ainda não fecha na barriga vai voltar a servir?"", ""Após quantos dias após o parto normal é possível iniciar os exercícios?"", ""Por que a barriga estava menos inchada com um mês de cesárea e ficou mais inchada depois?"", ""É normal a menstruação vir em grande मात्रा e o peso aumentar em vez de diminuir no pós-parto, mesmo amamentando?"", ""Depois de 15 anos, ainda tenho chance de melhorar a diástase e a aparência do abdômen após a gravidez?"", ""Quem teve laceração no parto pode fazer algum exercício depois do parto?"", ""Durante a sequência para tratar a diástase pós-parto, deve-se soltar o ar pela boca ao levantar a perna ou ao descer?"", ""O que fazer no pós-parto quando a família não se importa e a mulher fica sozinha?"", ""Qual é o nome do exercício para tratar a diástase no pós-parto?"", ""Quanto tempo leva para o útero desinchar no pós-parto em mulheres cujo bebê faleceu?"", ""Os exercícios ainda ajudam quando a mulher fez episiotomia no parto e teve lesão muscular?"", ""É normal ainda se sentir no puerpério quando o bebê já tem quase 6 meses?"", ""Durante o exercício para tratar a diástase pós-parto, deve-se soltar o ar pela boca ao levantar a perna ou ao descer a perna?"", ""É para fazer essa sequência todos os dias para tratar a diástase pós-parto?"", ""O que esse bebê tem na barriga, que está inchada?"", ""Por que o bebê tem a barriga inchada se ele tem diarreia crônica?"", ""Depressão bipolar pós-parto pode aparecer depois de quase dois anos do parto?"", ""Onde uma gestante de 5 meses com diástase pode procurar para usar taping e ajudar a diminuir a diástase e o peso?"", ""Em uma cesárea, cada camada é costurada separadamente, incluindo a gordura, o músculo e a parede do útero?"", ""Que condição faz a barriguinha dele ser tão inchada?"", ""Quanto tempo levou para você melhorar com o tratamento do TOC na gravidez ou no pós-parto?"", ""Por que a barriguinha do Kaleb está um pouco inchada?"", ""Uma criança que apresenta barriga inchada desde 1 ano de idade e continua assim aos 4 anos pode ter SIBO?""]",f8c5d4e90c8d617322d407a5376d2017b10b9acb1e27aa361e4a44ab6683c3d1
129,54,"['estupro', 'caso', 'estuprada', 'cuidar', 'permitido', 'considerada', 'aborto', 'abuso', 'vítima', 'quer']",50,"[""Em caso de estupro, a gravidez pode ser interrompida?"", ""E se a gravidez for resultado de um estupro?"", ""Em caso de gravidez decorrente de estupro, é justo a pessoa ter que cuidar da criança?"", ""Em caso de estupro, isso justifica a realização de aborto?"", ""Em caso de estupro, é permitido o aborto?"", ""Em caso de estupro, o aborto é permitido?"", ""Se uma mulher for estuprada, ela teria que continuar a gravidez por nove meses?"", ""Como fica a questão do aborto em caso de estupro?"", ""Como é para uma vítima de estupro ter que cuidar de um feto que não quis?"", ""Não permitir o aborto em caso de estupro, mesmo quando a mãe quer interromper a gravidez, prolonga o trauma psicológico e físico?"", ""Como fica o trauma de uma mulher em uma gravidez não planejada ou causada por estupro?"", ""Você vai cuidar do feto abortado?"", ""Como lidar com a dor de um estupro e com a obrigação de cuidar de um feto que não foi desejado?"", ""Se ela engravidasse e estivesse ocupada, os pais seriam obrigados a cuidar do filho dela?"", ""Como seria para a mãe olhar para a criança e lembrar de tudo o que passou e do motivo de aquela vida existir, se a gestação fosse consequência de estupro?"", ""Como seria para uma pessoa que foi estuprada por alguém desconhecido encarar o bebê se ele nascesse?"", ""Mesmo se a gravidez for resultado de um estupro, o aborto é permitido?"", ""E se a gravidez for resultado de estupro?"", ""É correto obrigar uma mãe estuprada a ter o filho de um abusador?"", ""Uma mulher que foi violentada pelo próprio abusador pode escolher se quer ter o filho dele?"", ""Como ficam os casos de estupro em relação ao aborto?"", ""Quando a relação sexual ocorre de forma consensual e a mulher quer fazer um aborto, ela pode fazer isso?"", ""Atualmente ainda é permitido a mãe escolher fazer cesárea?"", ""Em caso de estupro presumido, uma criança vítima de violência deve ser obrigada a se tornar mãe?"", ""A afirmação de que cada vida importa também se aplica a uma gravidez resultante de estupro?"", ""Por que ninguém prepara a mulher para as mudanças que o corpo sofre ao decidir ser mãe?"", ""Essa pessoa desenvolveria depressão só de olhar para o bebê?"", ""Deus é quem forma o filho na mulher?"", ""Uma gravidez de uma criança de 10 anos vítima de abuso ainda pode ser considerada bonita?"", ""O bebê não deveria ter o direito de escolher viver?"", ""Como isso se aplica às mulheres que sempre tiveram SOP?"", ""A gravidez é considerada de risco para uma mulher que tem prolapso?"", ""A mãe apenas contribui, gera e carrega o bebê durante nove meses?"", ""A dor da mulher importa e a do bebê não importa?"", ""Seria possível criar um útero artificial para desenvolver um bebê em uma máquina?"", ""Por que uma mãe não quer saber o sexo do próprio filho?"", ""Uma gravidez resultante de violência pode ser considerada um bebê que não escolheu viver?"", ""Por que o bebê é quem sofre as consequências em caso de abuso?"", ""Você quer um bebê para você?"", ""A dificuldade para ter relação e a dor no pós-parto após a cesárea podem ter कारण psicológico?"", ""Vítimas de abuso devem passar por outro crime ou trauma?"", ""A regra dos 5-5-5 no pós-parto também se aplica no caso do quarto filho?"", ""Pedir para alguém olhar a bebê enquanto eu lavo a louça também entra como cuidado com ela?"", ""Como fica o psicológico de uma mulher que cuida de uma criança concebida em um estupro sem poder contar a ela que foi fruto de um crime?"", ""Em casos de tipo sanguíneo e fator Rh diferentes entre mãe e bebê, qual é o parto mais adequado?"", ""Uma pessoa estuprada conseguiria encarar o próprio filho sem se lembrar do estupro ou desenvolver depressão por carregar esse fardo?"", ""Você está grávida de nove meses?"", ""A cesárea também é considerada um parto?"", ""Você quer cuidar do feto?"", ""O que fazer em caso de varizes pélvicas ou vulvares na gestação?""]",cbe2aa2b3c48e6ff517eb222385469620ba8b3cd1fe837f37e67e6202b6aad9a
130,60,"['útero', 'ovários', 'progesterona', 'usar', 'tem', 'reposição', 'colo', 'precisa', 'via', 'mulher']",50,"[""Quem não tem útero pode tomar progesterona?"", ""E quando a mulher não tem útero, como fica o uso de progesterona?"", ""Quem não tem útero precisa usar progesterona?"", ""Quem não tem útero precisa tomar progesterona?"", ""Uma pessoa que não tem útero pode usar progesterona?"", ""Para quem não tem útero, o uso de progesterona também é indicado?"", ""Posso tomar progesterona mesmo sem ter mais útero?"", ""Quem não tem útero, mas ainda tem os dois ovários, pode usar progesterona?"", ""Mulheres que não têm útero nem ovários precisam de progesterona?"", ""É possível ficar sem progesterona quando não se tem útero?"", ""Quem não tem útero, mas tem ovários, pode usar progesterona?"", ""Quem não tem útero pode fazer reposição de progesterona?"", ""Pessoas que não têm útero nem ovários também precisam usar progesterona?"", ""Como fica a reposição de progesterona para quem não tem mais útero?"", ""Pessoas que não têm útero também usam progesterona na reposição hormonal?"", ""Uma pessoa que não tem útero pode usar progesterona por via oral?"", ""Quem não tem útero pode usar progesterona por via oral?"", ""Para uma mulher que não tem útero, a reposição de progesterona pela via vaginal não é indicada?"", ""Uma pessoa sem útero, colo do útero e ovários pode usar progesterona por via vaginal?"", ""Uma mulher que não tem útero e tem insônia pode tomar progesterona?"", ""Quem tem útero precisa usar Oestrogel?"", ""É possível usar progesterona por via intravaginal mesmo sem útero?"", ""Uma pessoa que já não menstrua e tem todos os órgãos precisa usar progesterona?"", ""Quem tem apenas o colo do útero precisa de qual tipo de reposição de progesterona?"", ""Como fica a reposição de progesterona quando a mulher já não tem útero e os ovários já não funcionam mais?"", ""É normal que as perninhas do bebê fiquem muito abertas ao usar o canguru?"", ""O colo do útero curto pode interferir na escolha da via de parto?"", ""A cirurgia no útero pode explicar essas alterações que estou sentindo?"", ""Quem tem ovários policísticos também consegue engravidar?"", ""Por que uma mulher que tinha útero, ovários e nunca teve filhos precisaria fazer perine?"", ""Como as pessoas têm coragem de abortar?"", ""Aquilo é um útero?"", ""Uma gestante de 14 semanas com descolamento de placenta pode usar progesterona via vaginal?"", ""Clomid ou Indux deixam o útero fino e impedem que a gravidez se mantenha?"", ""O colo do útero pode ter formato de fenda mesmo em mulheres que nunca pariram, variando de mulher para mulher?"", ""O Vitacid afeta os óvulos ou os ovários também?"", ""Com 7 semanas de gestação, posso usar progesterona?"", ""O uso de indutor de ovulação pode fazer os ovários incharem?"", ""Quem não menstrua pode tomar Ultrogestan?"", ""Quais sinais indicam que o útero da mulher está bem, independentemente de gravidez ou parto?"", ""É possível uma pessoa nascer com os dois órgãos genitais?"", ""Os dois passaportes do bebê precisam ter o mesmo nome?"", ""É possível haver acúmulo de sangue no útero de uma mulher que nunca engravidou?"", ""Uma mulher de 48 anos, sem útero e com ovários, que usa testosterona e estradiol, precisa repor progesterona por causa da dor nas mamas?"", ""Como foi possível um bebê ser operado ainda no útero e sobreviver?"", ""É verdade que, para descolar as membranas, o colo do útero precisa ter um pouco de dilatação e que, se ele não estiver favorável, a indução deve começar com comprimidos?"", ""Quantas mulheres têm essa doença?"", ""Uma mulher de 63 anos, na menopausa, sem útero, que faz reposição hormonal apenas com estradiol adesivo também precisa usar progesterona?"", ""Quem não tem mais útero e usa apenas Oestrogel também precisa usar progesterona?"", ""Uma mulher de 59 anos, sem útero e sem colo do útero, pode usar progesterona junto com Estradipl e testosterona?""]",07396895138f0cb4a33eb6f3d6a30bf0472bfb53642e932da82683be09a983fc
131,47,"['homens', 'engravidar', 'faz', 'sabem', 'ovodoação', 'conseguem', 'gerar', 'como', 'sozinhas', 'filhos']",47,"[""Como uma pessoa faz para engravidar?"", ""Como se faz para engravidar e ter um filho?"", ""Como se faz para engravidar e ter um bebê?"", ""Como é possível ficar grávida?"", ""Como posso engravidar?"", ""O que uma pessoa precisa fazer para ficar grávida?"", ""Como engravidar para ter uma menina?"", ""O que posso fazer para ficar grávida?"", ""Você sabe como engravidar uma mulher?"", ""Como é que se faz para a mãe engravidar?"", ""Como fazer para engravidar?"", ""Como eles vão fazer para engravidar?"", ""É preciso se casar para engravidar?"", ""Meninos podem engravidar?"", ""É necessário estar casada para engravidar e ter filhos?"", ""Para ficar grávida, é preciso fazer sexo?"", ""Como fazer para engravidar de uma menina?"", ""Homens podem engravidar?"", ""Para ter filhos, a mulher precisa fazer sexo com um homem?"", ""As pessoas não sabem fazer sexo sem engravidar?"", ""Como uma mulher que só teve filhos homens pode engravidar de uma menina?"", ""Homens podem dar à luz crianças?"", ""Como as mulheres conseguem gerar um bebê sozinhas?"", ""Como se faz um filho?"", ""Como faço para engravidar para ter um bebê em novembro?"", ""Se uma pessoa se masturbar e ejacular no banheiro, isso pode gerar um filho?"", ""Eles já estão velhos demais para ter um bebê?"", ""Como é feita a desparasitação antes de tentar engravidar?"", ""Por que as mulheres não conseguem parir sozinhas como os animais?"", ""Quem vai fazer uma cirurgia para não ter mais filhos precisa fazer cesárea?"", ""Existe chance de eu engravidar depois de ter recebido esperma dentro de mim ontem, mesmo com a menstruação prevista para o final do mês?"", ""É necessário se maquiar para dar à luz?"", ""Como posso fazer ovodoação também?"", ""Já sabem qual é o gênero do bebê?"", ""Vocês já sabem a data em que ela vai nascer?"", ""Ginecologistas conseguem saber se a mulher é virgem ou não?"", ""Homens têm útero?"", ""Homens realmente podem produzir leite pelas mamas?"", ""Como funciona a ovodoação?"", ""A paternidade também não deve ser imposta aos homens?"", ""Se eu tenho anticorpos, ainda posso engravidar?"", ""Deus se alegra quando um criminoso violenta uma menina e a faz engravidar?"", ""Como os homens se sentem ao vivenciar esse momento?"", ""A maternidade Amparo Maternal é indicada para ter o bebê?"", ""Como se faz o charutinho para o bebê?"", ""Homens sentem a dor do parto para afirmar que o parto não dói?"", ""A fertilização in vitro pode gerar crianças autistas ou com outro distúrbio cognitivo?""]",47636243b4f1f64ec7bf448e567674465d91d8bde692e1c9ce5e1643f4ce24b9
132,86,"['menino', 'menina', 'acha', 'certeza', 'será', 'quis', 'dizer', 'ou', 'marcar', 'rosa']",50,"[""Você já sabe se o bebê é menina ou menino?"", ""Você acha que o bebê é menina ou menino?"", ""Você já sabe se o bebê é menino ou menina?"", ""Você acha que o bebê é menino ou menina?"", ""Será que vem uma menina ou um menino?"", ""O bebê era menino ou menina?"", ""Ela está esperando um menino ou uma menina?"", ""É menino ou menina, afinal?"", ""Esse bebê é menino ou menina?"", ""Será que é um menino ou uma menina?"", ""O próximo bebê será menino ou menina?"", ""Se for verdade que ela está grávida, é menino ou menina?"", ""Você acha que o bebê vai ser menina ou menino?"", ""Se estiver grávida, ela acha que o bebê é menina ou menino?"", ""O próximo filho é menina ou menino?"", ""Será uma menina?"", ""Quem acha que o bebê vai ser menino?"", ""É menino ou menina?"", ""O próximo filho será menina ou menino?"", ""Você preferia que o bebê fosse menino ou menina?"", ""Por que a bebê seria especial se for menina?"", ""O bebê de vocês é menino ou menina?"", ""Será que eu acertei ao dizer que o bebê é menina?"", ""A criança maior é menino ou menina?"", ""Será que é uma menina?"", ""O que é fimose em menino?"", ""Ser mãe é uma opção?"", ""Os amigos teriam reagido da mesma forma se a fumaça tivesse sido rosa?"", ""Você quis dizer menino, já que você teve um menino?"", ""Você quis dizer vagina ao falar em canal de parto?"", ""É possível que esta gestação seja de mais um menino?"", ""O bebê da Niina será um menino?"", ""Por que elas preferem uma menina em vez de um menino?"", ""Se o bebê vier \""tucano\"", a mãe vai ficar brava?"", ""Menino também pode gostar de rosa?"", ""No caso descrito, você acha que houve desatenção do médico durante o acompanhamento da gestação?"", ""Por que vocês escolheram uma menina se já têm o Alex?"", ""A prima tinha certeza de que o bebê era menino?"", ""Se eu marcar a opção \""redondo\"", isso significa que é menino?"", ""Você quis dizer que o bebê sai pela vagina?"", ""Os corações azuis e rosa indicam se o bebê é menina ou menino?"", ""O nome apresentado serve para menino ou para menina?"", ""O neto é menino ou menina?"", ""Você quer uma menina ou um menino?"", ""Qual remédio é bom durante a gestação?"", ""Tem certeza de que é apenas uma gravidez?"", ""O que vier, menino ou menina, está bom, não está?"", ""O bebê da gravidez atual é menino ou menina?"", ""Sara está grávida de um menino ou de uma menina?"", ""Você acha que eu estou enganada ao dizer que é menina?""]",542cd35783466e1307347a243b7be0c8afe6d5c00620429375375e6d0710d011
133,69,"['baleia', 'filhote', 'amamentação', 'baleias', 'água', '100', 'mar', 'amamentam', 'filhotes', 'quilos']",50,"[""Por que não se deve beber nada durante a amamentação?"", ""Durante a amamentação, é necessário dar pequenas pausas para o bebê respirar?"", ""É verdade que a baleia amamenta seu filhote?"", ""Bebês conseguem mamar e respirar ao mesmo tempo nessa fase?"", ""Como o filhote não engole água junto com o leite durante a amamentação?"", ""Como é a amamentação de uma baleia para o filhote?"", ""Quais alimentos posso comer durante a amamentação?"", ""Como o bebê toma água?"", ""As baleias amamentam seus filhotes dessa forma?"", ""Por que o bebê não mama direito no peito?"", ""O bebê não mama no peito?"", ""O que pode ser passado no peito para sarar mais rápido durante a amamentação?"", ""Quando o bebê não pega no peito e a mãe não tem leite, ele deve ser alimentado com seringa de 100 ml ou com mamadeira?"", ""É correto ministrar o leite dessa forma ao bebê?"", ""Na hora de fazer o bebê, ele entra em forma de líquido?"", ""Qual é a verdadeira forma de as baleias amamentarem seus filhotes?"", ""Não seria mais fácil para a baleia ter tetas para amamentar o filhote?"", ""Qual é o leite que a criança mama?"", ""Existe pomada para passar no mamilo durante a amamentação?"", ""Como as baleias amamentam seus filhotes?"", ""Como os filhotes de baleia se amamentam de verdade?"", ""A língua curta da bebê pode estar causando dor e machucando durante a amamentação?"", ""Uma baleia amamenta seu filhote com 100 kg por dia?"", ""As baleias regurgitam o leite na boca do filhote?"", ""Como a baleia amamenta seu filhote debaixo d’água?"", ""O Boca é o pai de verdade da Sofia?"", ""Qual foi a forma mais fácil de pagar pelo hospital?"", ""Por que muitos bebês não choram ao nascer?"", ""As gêmeas têm um lado preferido para mamar ou você alterna entre os lados?"", ""No parto na água, há risco de a criança se afogar?"", ""Qual deve ser a temperatura da água para preparar essa fórmula? A água precisa estar quente?"", ""Quantos quilos você engordou durante a gestação, cerca de 10 kg?"", ""O teste de ovulação negativo feito no 11º dia de um ciclo de 27 dias, com dor no lado direito e ingestão de muitos chás e água, pode ser um falso negativo?"", ""O estímulo do mamilo é o mesmo movimento usado para a extração de leite?"", ""É permitido fazer procedimentos estéticos, como preenchimento labial, durante a amamentação?"", ""A fertilização in vitro funciona 100% das vezes?"", ""É normal, durante a amamentação exclusiva em livre demanda, não sentir os seios cheios de leite, mesmo com a bebê de 4 meses pesando 7,4 kg?"", ""Você está comendo muitos carboidratos nas refeições?"", ""Esse comportamento pode ser a fase da exterogestação?"", ""É normal a febre do bebê parecer abaixar durante a amamentação?"", ""Ainda há chance de o bebê, que está sentado, virar nessa fase da gestação?"", ""O bebê também não ganha nada?"", ""O bebê já está com o pulmão formado quando entra em trabalho de parto?"", ""Quem está amamentando pode tomar colágeno 100% puro de origem bovina?"", ""O que mais pode ser feito para hidratar a pele durante a amamentação além da solução mencionada?"", ""Era necessário fazer dessa forma com o bebê?"", ""O mamilo está machucado?"", ""Durante a amamentação, a água do mar entra no peito da mãe baleia e o filhote também ingere água do mar ao mamar?"", ""O parto das baleias é semelhante ao de outros mamíferos terrestres?"", ""Qual é o nome da tabela para pesquisar sobre consumo de bebida durante a amamentação?""]",b37fbf7523a66147ca1374dba5ac65abb2b2b675ff955962394ab714ff5bf921
134,66,"['alimentação', 'fome', 'alimentos', 'durante', 'dieta', 'gestante', 'comer', 'quantidade', 'quais', 'carnívora']",50,"[""Como era a alimentação durante a gravidez?"", ""Como era a alimentação antes da gravidez?"", ""Quais alimentos uma gestante pode consumir durante a gravidez?"", ""Quais alimentos a gestante deve ingerir durante a gravidez?"", ""Como era a sua alimentação durante a gravidez?"", ""O que você mais comia durante a gravidez?"", ""Como é a sua rotina de alimentação durante a gravidez?"", ""Você se preparou com alguma alimentação especial para a gravidez?"", ""Antes de engravidar, você sempre teve uma alimentação saudável?"", ""Quais cuidados a gestante deve ter durante a gravidez?"", ""Na gravidez, ter carne para beliscar à vontade seria uma boa opção para lidar com a fome?"", ""Quais produtos são proibidos durante a gestação?"", ""Quais alimentos que a mãe consome podem causar gases no bebê?"", ""O que a mãe dessa bebê comia durante a gravidez?"", ""Uma gestante pode deixar de fazer o lanche da manhã se não sentir fome entre o café da manhã e o almoço?"", ""Qual a quantidade de açúcar que uma gestante pode consumir por dia?"", ""Qual a quantidade de leite que uma gestante pode consumir por dia?"", ""Como estava a sua menstruação durante essa gravidez?"", ""Seu bebê está comendo alimentos?"", ""Durante a gestação, você tem comido vísceras, como bife de fígado, coração de galinha ou moela?"", ""Como fica o momento de preparar a refeição em um dia com nove meses de gestação?"", ""Quais marmitas saudáveis posso preparar para levar ao trabalho durante a gravidez para manter o peso?"", ""A menstruação continuou durante a gravidez?"", ""Depois da gestação, vou conseguir voltar a comer esses doces normalmente ou vou ficar com repulsa por eles?"", ""Quantas gramas acima do basal uma gestante deve comer durante a gravidez?"", ""É possível que eu tenha pegado toxoplasmose da minha mãe durante a gravidez dela, se eu tenho uma cicatriz na retina?"", ""No pós-cesariana, a mulher pode comer alimentos considerados remosos, como camarão?"", ""O profissional não faz pausas ao oferecer a dieta apenas para filmar?"", ""Qual é a quantidade de iodo?"", ""O que fazer quando a mulher no pós-parto quiser comer mais do que a quantidade que vem na marmita, já que a fome pode variar de um dia para o outro?"", ""É verdade que a gestante só deve fazer força no parto quando sentir vontade, porque fazer força no momento errado pode causar laceração?"", ""Como preparar o Nestogeno Espessar indicado pela pediatra para a alimentação mista da minha bebê?"", ""Como congelar alimentos para as marmitas?"", ""Uma gestante pode andar de moto?"", ""Uma gestante precisa de acompanhamento particular de uma nutricionista?"", ""É possível fazer esses exames antes de engravidar?"", ""Antes de engravidar, ela já sabia que não teria condições de manter uma criança na situação em que se encontra?"", ""Essa quantidade de comida é suficiente para uma gestante de 14 semanas de gestação?"", ""Quem está no pós-parto, tem um companheiro para ajudar e uma filha de 6 anos pode deixar de seguir a regra dos 5-5-5?"", ""Uma gestante pode seguir tranquilamente os cardápios e os cálculos de dieta sugeridos na comunidade?"", ""O que acontece se a criança engasgar durante essa alimentação?"", ""Como fica a alimentação do bebê quando a mãe precisa trabalhar o dia todo fora de casa?"", ""Alguma gestante de menino teve sintomas parecidos durante a gravidez?"", ""Seus exames estão normais durante a gestação após começar a dieta carnívora?"", ""Você se alimenta bem, comendo mais alimentos frescos do que industrializados?"", ""A alimentação também ajuda na qualidade dos óvulos?"", ""A progesterona pode alterar as taxas de TGO e TGP durante a gravidez?"", ""A partir de que mês da gestação posso começar a comer tâmaras?"", ""As varizes na vulva durante a gravidez são perigosas?"", ""O tampão mucoso surge durante a gravidez ou já existe normalmente?""]",bde2c3c3495cf396f921e985285d2986c9d9f2490a2f4a7fd11919c31999f934
135,43,"['cocô', 'fezes', 'evacuar', 'verde', 'força', 'fazer', 'normal', 'espumoso', 'muco', 'fórmula']",43,"[""É normal o bebê fazer cocô logo que começa a tomar leite ou enquanto ainda está mamando?"", ""É normal o cocô do bebê ficar bem espumoso também?"", ""É normal o cocô do meu bebê estar muito mole?"", ""O que fazer quando a minha bebê está há dias sem fazer cocô?"", ""É normal que o cocô do bebê esteja verde?"", ""É normal um bebê recém-nascido, que mama só no peito, fazer cocô líquido com muco e nunca fazer cocô pastoso?"", ""É normal as fezes do bebê saírem com muco?"", ""É normal o cocô de um bebê ficar verde?"", ""O cocô do bebê já voltou à coloração normal?"", ""Será que o bebê fez cocô?"", ""É normal o brilho nas fezes do bebê?"", ""O bebê acorda com a fralda suja de fezes?"", ""O que devo dar quando o bebê está fazendo cocô em bolinhas?"", ""O que pode causar odor forte nas fezes de um bebê?"", ""É normal uma bebê de 37 dias fazer um cocô totalmente espumoso e em grande quantidade?"", ""É normal o bebê fazer cocô verde há 3 dias?"", ""Como fazer quando o bebê faz cocô na fralda?"", ""É normal um bebê de 1 mês, que passou do leite materno para a fórmula, fazer cocô verde-musgo e brilhante?"", ""É perigoso quando o bebê faz cocô na barriga e precisa nascer com oito meses?"", ""Você tem foto das fezes do seu bebê?"", ""É normal o cocô de um bebê de 9 meses ficar verde-escuro?"", ""É normal um bebê de 3 meses que mama no peito e toma fórmula passar 3 dias sem evacuar e soltar gases com mau cheiro?"", ""O que devo fazer se meu bebê de 17 dias continua com diarreia e muco nas fezes, mesmo após a avaliação médica e sem sangue nas fezes?"", ""O que fazer se a fórmula anti-refluxo ressecou o bebê, deixando as fezes duras e ele precisando fazer força para evacuar?"", ""Foi pelo líquido amniótico que você descobriu que o bebê tinha feito cocô?"", ""O bebê não fez cocô na bolsa durante o parto?"", ""É normal um filho de 4 anos evacuar apenas uma vez por semana?"", ""Um bebê consegue fazer cocô mesmo usando nutrição parenteral?"", ""O bebê continua mamando no peito?"", ""É normal um filho de 4 anos evacuar fezes verdes?"", ""No parto, basta agachar e fazer pouca força como para evacuar para a criança sair?"", ""É normal que um bebê de 2 meses trema muito os bracinhos e as perninhas?"", ""O que posso fazer quando minha filha de 2 anos e 1 mês toma PegLax todos os dias para evacuar, mas há dias em que mesmo assim não faz cocô?"", ""É normal o bebê ficar tímido no ultrassom?"", ""O que posso fazer para aliviar os gases da minha filha de 2 anos e 1 mês, que às vezes chegam a ser tão fortes que preciso levá-la à urgência?"", ""Na gravidez, episódios de fezes líquidas podem ser causados por intestino relaxado ou pelas vitaminas?"", ""Os médicos podem insistir em parto normal mesmo quando o bebê é grande e isso pode causar lacerações e complicações para a mãe?"", ""No parto normal, a força feita para empurrar o bebê se assemelha à força de tentar fazer cocô?"", ""É perigoso fazer força para evacuar durante a gravidez quando há sangramento?"", ""É normal uma bebê de 5 meses com cardiopatia e síndrome de Down se engasgar frequentemente ao tomar fórmula?"", ""O pai consegue limpar a Olívia quando ela fizer cocô ou se sujar?"", ""Qual é a fonte para afirmar que um parto demorado, induzido ou com ingestão de fezes pode causar autismo?"", ""A mulher começa a ovular ou ovula apenas uma vez por mês?""]",15abaa9c05d9d18b431052a5a28857dfc99d650216c343468c9aee29f177cfc3
136,46,"['anos', '16', 'adolescente', '15', 'pessoa', 'engravidar', 'idade', 'engravidando', 'jovem', 'uma']",46,"[""Uma adolescente de 15 anos pode estar grávida?"", ""Uma jovem de cerca de 18 anos pode estar grávida?"", ""Como uma pessoa pode estar grávida aos 12 anos?"", ""Como ela pode estar grávida se tem só 16 anos?"", ""Uma adolescente de 15 anos pode engravidar?"", ""Uma pessoa de 16 anos pode engravidar?"", ""É possível uma pessoa ainda muito jovem já estar grávida?"", ""Uma adolescente de 17 anos já está grávida?"", ""É possível ficar grávida aos 13 anos?"", ""Ter apenas 14 anos significa que há gravidez?"", ""Como uma gravidez pode acontecer quando a pessoa é muito nova?"", ""É possível uma pessoa de 15 anos engravidar tão cedo?"", ""Como uma adolescente pode estar grávida se só adultos podem engravidar?"", ""Uma adolescente de 17 anos engravidou?"", ""Como uma pessoa de 19 anos ficou grávida?"", ""Uma pessoa pode engravidar nessa idade?"", ""Uma bebê pode engravidar?"", ""É loucura deixar uma menina engravidar com 16 anos?"", ""Como ela vai estar grávida se parece ter cerca de 14 ou 15 anos?"", ""Uma adolescente de 16 anos pode ter um filho?"", ""É falso que ela engravidou aos 15, 16 ou 17 anos?"", ""É possível ter um filho aos 16 anos?"", ""Você está grávida com 16 anos?"", ""Essa namorada está grávida aos 16 anos?"", ""Uma menina de 11 anos que começou a menstruar pode engravidar?"", ""Por que crianças de 11 anos de idade já estão engravidando e tendo filhos nessa idade?"", ""Uma pessoa que não menstrua pode engravidar?"", ""Ela tem 14 anos e está grávida?"", ""Uma menina de 11 anos grávida vai conseguir ter parto normal?"", ""Por que a preocupação é ceifar a vida de uma criança, se meninas de 11 anos de idade já estão engravidando?"", ""Uma pessoa que não ovula pode engravidar?"", ""Deixar uma menina engravidar com 16 anos é crime?"", ""Por que as mulheres estão engravidando menos?"", ""Por que ela foi ter um filho tão jovem?"", ""O que pode acontecer se eu for mãe?"", ""Vocês deixariam uma criança de 11 anos cuidar da bebê, se ela quisesse?"", ""Quem tem cisto pode engravidar?"", ""Uma pessoa que nasce com os dois órgãos genitais pode engravidar?"", ""É possível amamentar até os 4 anos de idade?"", ""Uma pessoa com SOP, menstruação desregulada, 14 dias de atraso, cólicas e enjoos pode estar grávida?"", ""Até que idade uma filha tem direito à pensão alimentícia, 18 ou 24 anos?"", ""O leite materno serve para uma criança de 15 anos?"", ""Como uma pessoa pode pagar pensão sem saber se o filho é dela?"", ""O que posso fazer quando, 16 anos após uma cesárea, a barriga não voltou ao normal, há falta de sensibilidade e sinto algumas glândulas?"", ""Com 16 dias de cesárea, o sangramento já passou?"", ""O que significa uma filha de 15 anos também ter traço falciforme?""]",13c091cd9cdf5c37ded66cb4962812ca070332d06eb7fd61b6b240b192fb9811
137,69,"['farmácia', 'negativo', 'testes', 'teste', 'sangue', 'exame', 'negativos', 'resultado', 'feito', 'mesmo']",50,"[""Mesmo com dois testes de farmácia e um exame de sangue negativos, ainda pode ser gravidez?"", ""Mesmo com dois testes de farmácia e um exame de sangue negativos, é possível estar grávida?"", ""Mesmo com teste de farmácia negativo no dia seguinte à data prevista da menstruação, ainda pode ser gravidez?"", ""É possível estar grávida mesmo tendo feito um teste de farmácia com resultado negativo?"", ""É possível estar grávida mesmo com dois testes de farmácia negativos?"", ""É possível estar grávida mesmo com o teste de sangue e o teste de farmácia tendo dado negativo?"", ""É possível estar grávida mesmo tendo feito um teste de gravidez de farmácia em 14/4 com resultado negativo?"", ""É possível estar grávida mesmo com o teste de gravidez negativo?"", ""Apesar do teste de farmácia ter dado negativo, será que estou grávida?"", ""É possível estar grávida mesmo tendo feito três testes negativos, inclusive exame de sangue e teste de farmácia?"", ""Mesmo com o teste de farmácia e o exame de sangue negativos, ainda pode haver gravidez?"", ""Devo esperar mais alguns dias e fazer um exame de sangue para confirmar se estou grávida, mesmo com dois testes de farmácia negativos?"", ""É possível estar grávida mesmo tendo feito exame e teste com 5 dias e ambos terem dado negativo?"", ""É possível fazer um teste de gravidez dar negativo e, duas semanas depois, dar positivo?"", ""Mesmo com teste de gravidez negativo, ainda pode haver gravidez?"", ""É possível estar grávida mesmo tendo feito um teste de urina positivo e dois exames de sangue negativos?"", ""É possível estar grávida mesmo após cerca de 25 testes de farmácia negativos?"", ""É possível estar grávida mesmo com um exame de sangue indetectável após testes de gravidez de farmácia positivos?"", ""Devo fazer um teste de sangue de gravidez mesmo tendo feito três testes com resultado negativo?"", ""É possível estar grávida mesmo com exame de sangue negativo nas duas vezes?"", ""Devo esperar até o próximo mês para fazer o teste de gravidez?"", ""Um teste de gravidez de farmácia pode dar positivo oito dias após a relação?"", ""Um teste digital de gravidez feito uma semana depois e com resultado negativo pode estar errado nesse caso?"", ""Os testes de gravidez de farmácia podem dar resultado errado ou incerto?"", ""Depois de fazer dois testes de gravidez com resultado negativo, devo esperar ou fazer um exame de sangue para saber se estou grávida?"", ""O que explicava o atraso menstrual no caso em que os testes deram negativo antes de um beta positivo?"", ""É possível fazer exame de toque sozinha, mesmo sem dilatação?"", ""Se eu for agendar uma cesárea, preciso fazer esse exame?"", ""Os testes de gravidez feitos com duas semanas e com um mês após a fecundação foram realizados no tempo certo para detectar uma gravidez?"", ""O lúpus pode interferir no resultado do teste de gravidez?"", ""O uso de alguma vitamina pode interferir no teste de gravidez?"", ""Se não aparecerem dois pontinhos no teste, o resultado é negativo?"", ""O que pode ser a dor nos bicos dos seios, a cólica fraca após a relação e o colo do útero macio, mesmo com exame de sangue negativo para gravidez?"", ""Alguém já passou por um sangramento parecido depois de dois testes de gravidez positivos?"", ""É possível que minha mulher esteja grávida, mesmo com os testes de farmácia dando negativo, se a barriga estiver crescendo e o primeiro teste tiver dado positivo?"", ""Quando posso fazer um teste de farmácia para saber se estou grávida?"", ""Já é possível fazer um teste de gravidez nesse caso?"", ""O exame de sangue para detectar gravidez é feito no hospital?"", ""É possível estar grávida mesmo tendo feito teste de gravidez e exame de sangue com resultado negativo, após quase um ano sem menstruar e com dor no ventre como cólica?"", ""Apesar do medo de ver novamente um resultado negativo, devo fazer um teste de gravidez?"", ""Estou grávida, mesmo com um teste digital tendo dado \""Grávida 1-2\"" e outros testes posteriores terem dado negativo?"", ""O que fazer quando a mulher acha que está grávida, mas dois exames deram negativo?"", ""Um exame de sangue pode dar negativo no início da gravidez e, dias depois, um teste de farmácia dar positivo?"", ""É possível que dois testes de gravidez positivos tenham contaminado e alterado o resultado de outro teste?"", ""Estou grávida ou não, mesmo tendo parado a injeção trimestral em novembro de 2024 e feito testes de farmácia negativos desde então?"", ""O teste de gravidez de farmácia pode dar positivo por causa da primeira urina da manhã?"", ""Mesmo com um teste de sangue e três testes de gravidez de farmácia negativos, por que minha menstruação ainda não veio?"", ""É possível estar grávida quando o teste de farmácia Clearblue digital deu positivo e o exame de sangue feito no dia seguinte deu não reagente?"", ""Se o teste de farmácia de gravidez deu negativo, isso significa que estou doente?"", ""Um teste de farmácia feito com um dia de atraso já pode dar positivo?""]",1a65b5ec781efcbc2b51b0ae1ba92d019d09b80c6974013507caa07985867d17
138,42,"['sangramento', 'vermelho', 'vivo', 'apareceu', 'relação', 'errado', 'sangue', 'machucado', 'algo', 'significar']",42,"[""Sangramento há 12 dias é motivo de preocupação?"", ""Um sangramento vermelho vivo que aconteceu sete dias após a relação pode indicar que há algo de errado?"", ""Se ela não menstruou mais depois desse sangramento, isso pode significar outra coisa?"", ""Esse sangramento ocorreu no período em que a menstruação era para descer ou apareceu antes?"", ""Isso é menstruação ou outro tipo de sangramento?"", ""O pequeno sangramento marrom escuro que apareceu após a relação pode ter sido provocado pela relação sexual?"", ""O que pode significar o sangramento leve que aconteceu após a relação sexual e depois parou?"", ""Quantos dias após a relação o sangramento apareceu?"", ""Ter sangramento no dia 9 de maio é normal?"", ""É normal o sangramento molhar metade da calcinha?"", ""É normal ficar 11 dias com sangramento em borra de café?"", ""É normal ocorrer sangramento após a relação sexual?"", ""É normal não ter menstruado até 9 de abril após esse sangramento?"", ""O sangramento durou 15 dias?"", ""O sangramento foi vermelho vivo e em grande quantidade?"", ""Esse sangramento leve vermelho-claro pode ser menstruação ou um escape?"", ""Esse sangramento muito pouco pode ser menstruação ou escape?"", ""Esse sangramento marrom pode ser apenas sangue oxidado?"", ""Um ponto de sangue vivo dois dias após a relação sexual pode ser o quê?"", ""O corrimento vermelho claro pode ser menstruação?"", ""Por quantos dias durou o seu sangramento?"", ""Esse sangramento em borra de café, com sangue vermelho, que apareceu no dia 8 de setembro e depois no final do mês, pode indicar gravidez?"", ""O que pode significar o sangue escuro que apareceu na minha calcinha?"", ""O sangramento de 19/11 pode ter sido de implantação relacionada à relação de 10/11?"", ""O que significa o sangramento que apareceu 12 dias após a relação e após tomar a pílula, começando amarronzado, depois ficando vermelho forte, com fluxo alto e coágulos?"", ""É mais provável que um ponto de sangue vivo dois dias após a relação sexual seja um machucado ou nidação?"", ""Mesmo com sintomas de gravidez, sangramento vermelho vivo e teste de gravidez negativo, a fecundação pode não ter ocorrido?"", ""Você teve sangramento, amiga?"", ""O que pode causar sangramento escuro, como café, fora do período menstrual?"", ""Um sangramento que aconteceu 6 dias após a ovulação, durou 3 dias e não foi pouco pode ser a menstruação adiantada?"", ""O que pode significar o pequeno sangramento após o atraso menstrual, acompanhado de dor na coluna e no meio do abdômen?"", ""Um ponto de sangue vermelho vivo dois dias após a relação pode ser machucado ou outra coisa?"", ""Um ponto de sangue vivo na urina dois dias após a relação pode ser machucado ou outra coisa?"", ""Essa mancha na calcinha pode ser sinal de implantação do embrião?"", ""Há quantos dias você está com sangramento na gravidez?"", ""Há algo de errado com a gravidez com base nesses resultados?"", ""A náusea e o corrimento marrom na calcinha podem ser motivo de preocupação na gravidez?"", ""Sete dias após uma relação desprotegida e o uso do Dia D, cólicas e uma secreção rosada por dois dias podem indicar gravidez?"", ""A ausência dessas cólicas significa que pode haver algo errado com a gestação?"", ""O sangue era vermelho vivo?"", ""A incompatibilidade de tipo sanguíneo e fator Rh pode ocorrer entre pais sem parentesco?"", ""Como são os pensamentos de uma pessoa com TOC na gravidez, se ela pensa que fez algo de errado ou que falou algo errado, muitas vezes relacionado à gravidez?""]",f2523bf6e21b7a330f98b3935d2b5cd2313a52094f9796e10aa2ffb27f305a24
139,50,"['seios', 'nos', 'dor', 'sentiu', 'sentir', 'doloridos', 'ficam', 'comum', 'mamilos', 'sensação']",50,"[""É possível estar grávida sem sentir dor nos seios?"", ""Toda gestante sente dor nos seios no início da gravidez?"", ""É normal não sentir dor nos seios na gravidez?"", ""Você sentiu dor nos seios nessa gravidez?"", ""É normal não sentir os seios doloridos durante a gravidez?"", ""É possível estar grávida sem sentir dor nos seios, mesmo tendo sintomas parecidos com os de uma gravidez anterior?"", ""Com uma semana de gravidez, os seios já podem doer?"", ""É normal, com cerca de 4 semanas de gravidez, os seios aumentarem de tamanho, ficarem doridos e pesados?"", ""Você sentiu dor nos seios no início da gravidez?"", ""Por que os seios ficam doloridos na gravidez?"", ""Você sentiu dor nos seios nessa possível gravidez?"", ""Na segunda gestação, o peito dói muito também?"", ""A dor nos seios é normal com cinco semanas e três dias de gravidez?"", ""Por quantos dias duraram as dores nos seios no início da gravidez?"", ""É possível estar grávida mesmo sem sentir dor nos seios, mas tendo vários outros sintomas?"", ""É normal sentir queimação nas mamas durante a gestação?"", ""Por que os bicos dos seios ficam doloridos na gravidez?"", ""É possível estar grávida mesmo sem dor nos seios, tendo apenas atraso na menstruação, enjoo e sono?"", ""Na segunda gravidez, os seios crescem e a barriga fica inchada?"", ""As mamas ficam sensíveis durante a gravidez?"", ""É normal estar com 22 semanas de gravidez e não perceber crescimento dos seios?"", ""É comum ter desejos estranhos durante a gravidez?"", ""Na terceira gestação, com 22 semanas, você também sentiu esses sintomas?"", ""É normal que, no início da gravidez, tudo o que a gestante come volte?"", ""É normal aparecer uma mancha vermelha no seio durante o segundo trimestre da gravidez?"", ""É normal sentir uma sensação de queimação abaixo dos seios com 19 semanas de gravidez?"", ""Coceira nos seios pode ser um sintoma de gravidez?"", ""O marido pode tocar nos seios da mulher durante a gestação?"", ""É normal sentir dor no seio e sensação de encharcamento?"", ""Como evitar dores nos seios durante a gravidez?"", ""Com quantos dias de gravidez pode aparecer uma secreção branca?"", ""O que pode significar sentir muita dor nos seios?"", ""É comum começar a ter secreção leitosa nos mamilos com 24 semanas e 5 dias de gravidez?"", ""Você sentiu dor durante o parto?"", ""Na implantação do embrião no útero, os seios podem ficar queimando e os mamilos podem doer?"", ""Você sentiu dor na barriga?"", ""É normal sentir dor nos braços, nas pernas e nos seios no pós-parto?"", ""O que o médico ou a médica falou sobre o ofolato no segundo trimestre da gravidez?"", ""É normal os seios ficarem doloridos depois que a menstruação acaba?"", ""Qual foi o próximo sintoma depois do aumento dos seios?"", ""Nos dias anteriores à menstruação, seus seios doeram?"", ""Há quantos dias a pessoa está sentindo cólica, dor nos seios e dor no umbigo, com a menstruação atrasada?"", ""É comum o médico não indicar cerclagem para uma gestante internada com 22 semanas de gravidez?"", ""O que fazer se os seios estiverem secos?"", ""Durante a dilatação no parto, a gestante sente vontade de fazer força?"", ""Gestante com 24 semanas de gravidez pode usar hidromassagem?"", ""Por que, desde a minha última gestação há 5 anos, minha barriga fica inchada e com sensação de gases presos?"", ""O que pode ser esse sangramento escuro e depois claro, junto com dor nos seios, em uma mulher laqueada?"", ""Há explicações para não sentir dor durante a dilatação e para a dor só começar após o uso de ocitocina?"", ""Mesmo sendo uma istmocele mínima, há risco para a implantação do embrião?""]",8ad85182abbb9e917c64b44cfb3b7455263197de63849e98f354f9b25b97d028
140,52,"['domperidona', 'produção', 'aumentar', 'materno', 'leite', 'efeitos', 'colaterais', 'começou', 'riscos', 'quais']",50,"[""A domperidona funciona mesmo para aumentar a produção de leite materno?"", ""A domperidona realmente funciona para aumentar a produção de leite materno?"", ""O uso de domperidona para aumentar a produção de leite materno causou efeitos colaterais?"", ""Uma gestante de 8 meses que ainda não está produzindo leite pode tomar domperidona para aumentar a produção de leite?"", ""Você chegou a começar a tomar domperidona para aumentar a produção de leite materno?"", ""A domperidona foi tomada em comprimido para aumentar a produção de leite materno?"", ""Qual é a dose em mililitros de domperidona para aumentar a produção de leite materno?"", ""De quanto em quanto tempo se toma a domperidona para aumentar a produção de leite materno?"", ""Quais são os efeitos adversos da domperidona usada para aumentar a produção de leite materno?"", ""Em quanto tempo o uso de domperidona aumentou a produção de leite materno?"", ""Qual foi o resultado do uso de domperidona para aumentar a produção de leite materno?"", ""É normal sentir pontadas na cabeça ao usar domperidona para aumentar a produção de leite materno?"", ""Quais são os riscos da domperidona para o bebê durante a amamentação?"", ""Existe diferença entre domperidona em xarope e em comprimido para aumentar a produção de leite materno?"", ""Quais são os efeitos adversos da domperidona usada para produzir leite?"", ""Quais efeitos colaterais a pessoa está tendo ao tomar domperidona para produzir leite?"", ""Esse medicamento induz a produção de leite materno?"", ""Plasil ajuda a aumentar a produção de leite materno?"", ""Esses remédios homeopáticos funcionam para aumentar a produção de leite materno?"", ""Como posso aumentar ainda mais a minha produção de leite materno?"", ""Ainda é possível aumentar a produção de leite materno quando a filha tem 3 meses?"", ""A bomba elétrica pode ajudar a aumentar a quantidade de leite materno dia após dia?"", ""O Plasil também serve para aumentar a produção de leite materno?"", ""Após uma cesárea de emergência muito cedo na gestação e com ordenha a cada 3 horas, a produção de leite pode ainda aumentar com o tempo ou há algo mais que possa ser feito para aumentá-la?"", ""É normal que a menstruação no pós-parto cause uma queda brusca na produção de leite materno e diminuição das fraldas de xixi do bebê?"", ""Quais são os riscos para a saúde da bebê considerando que a mãe é O+, o pai é A+ e a bebê é O-?"", ""Durante a gravidez, é melhor evitar tomar sol para não aumentar a temperatura corporal?"", ""Qual a porcentagem de iodo que foi tomada?"", ""Quais são os riscos e cuidados necessários para engravidar depois dos 30 anos tendo tireoidite de Hashimoto?"", ""Como funciona essa injeção usada no parto normal?"", ""A produção de líquido amniótico tem relação com o que a gestante come e ingere de líquidos?"", ""O Kaleb já começou a mastigar?"", ""Depois de quanto tempo sua filha nasceu após a saída do tampão mucoso?"", ""É possível consumir o leite materno da minha esposa?"", ""A prescrição de Qlaira e Prolut Nor para adenomiose significa que já comecei a terapia hormonal?"", ""Houve algum efeito colateral quando sua esposa começou a tomar domperidona hoje?"", ""Há algum risco em colocar dois embriões em uma fertilização in vitro?"", ""Em que momento da gravidez a colestase começou?"", ""Uma gravidez aos 33 anos apresenta algum risco para quem tem ansiedade generalizada?"", ""O uso sublingual de atropina induz a saída de leite materno?"", ""O neném começou a mamar?"", ""Esse uso do leite materno serve em uma criança de 15 anos?"", ""Você conseguiu aumentar o percentil do bebê?"", ""O uso ocasional de domperidona, mesmo sem causar sintomas, traz algum risco?"", ""Quais são os riscos após 42 semanas de gestação?"", ""A domperidona é realmente טובה para aumentar a produção de leite materno?"", ""Usando a bomba da forma explicada no vídeo, é possível aumentar a produção de leite depois que a bebê reduziu a frequência das mamadas e o leite diminuiu por causa da confusão de fluxo?"", ""Exercitar-se durante a gravidez realmente ajuda?"", ""A domperidona apresenta risco apenas para a mãe?"", ""A domperidona pode causar efeitos colaterais em uma mulher que começou a tomá-la hoje por prescrição da pediatra?""]",b5601788e5bafcf8585b6454e55385ebf51843d731ee2282cc912594a9cc0da7
141,46,"['outro', 'ela', 'vem', 'filhos', 'jovem', 'atualmente', 'vai', 'será', 'filhas', 'nasceram']",46,"[""Será que ela vai ter outro bebê?"", ""Ela vai ter outro bebê?"", ""É verdade que ela vai ganhar outro bebê?"", ""E o bebê dela?"", ""O bebê dela já nasceu?"", ""Ela vai ter um segundo filho?"", ""Ela teve o bebê?"", ""Ela vai ter três filhos?"", ""Será que vem outro bebê?"", ""Ela já teve o bebê?"", ""Quando ela vai ganhar o bebê?"", ""Como ela e o bebê estão atualmente?"", ""Ela vai finalmente dar à luz?"", ""Ela vai ter uma menina?"", ""Será que vem mais um bebê?"", ""Ela está com bebê?"", ""Será que é por causa de outro bebê?"", ""Ela já tem quatro filhos?"", ""As meninas já nasceram?"", ""Ela não é jovem demais para ser mãe?"", ""Como o bebê vai ter pai?"", ""Será que vem outra menina?"", ""A pessoa mencionada no comentário já tem duas filhas?"", ""Quantos filhos ela tem?"", ""Ela está com o bebê ou o levou para um orfanato?"", ""É a Liz ou vem outro bebê por aí?"", ""O outro bebê também vai puxar a mãe, assim como eu puxei?"", ""A jovem é mãe de dois filhos?"", ""Em que dia ela nasceu?"", ""Ela vai ter duas surpresas no dia do nascimento?"", ""Por que você perdeu o seu outro bebê?"", ""A Jana também vai ter uma menina?"", ""Quando a Ruiva terá outro bebê?"", ""Izadora ainda usa fralda?"", ""Você já imaginou ter uma menina?"", ""Os filhos da cantora já nasceram?"", ""Como ele está atualmente?"", ""Quem era o outro bebê mencionado na troca dos bebês?"", ""Você levou pontos após o parto normal?"", ""O que você usa para proteger o cateter do seu filho?"", ""É normal, horas depois do nascimento do bebê, sentir dores fortes como se fosse nascer outro bebê e sair uma bola preta do corpo?"", ""Será que a Jade vem mesmo?"", ""Se um bebê não puder ser amamentado pela mãe, isso pode ter algum impacto significativo na vida dele quando jovem ou adulto?"", ""Atualmente existe parto humanizado?"", ""Na cena, Helena não trocou os bebês, mas entregou o filho dela para a filha porque o outro bebê tinha morrido?"", ""Por que uma das minhas filhas nasceu com tipo sanguíneo A+, diferente dos outros filhos, se eu sou O+ e o pai é O-?""]",f40694c4a38b440682b6e253a31e0202f9b1889a879c63c1b2e7f05d3522da08
142,54,"['quantas', 'quantos', 'meses', 'você', 'gestação', 'estava', 'semanas', 'está', 'tomadas', 'previsto']",50,"[""Com quantos meses de gravidez você está?"", ""De quantos meses de gravidez você está?"", ""Com quantos meses de gestação você está?"", ""Você está com quantos meses de gravidez?"", ""Com quantos meses de gravidez vocês estão?"", ""Com quantas semanas de gravidez você estava quando foi?"", ""De quantos meses de gravidez você está atualmente?"", ""Com quantos meses de gravidez você está, aproximadamente dois meses?"", ""Com quantas semanas de gravidez você estava?"", ""Em que semana de gravidez você está?"", ""Na primeira gestação, com quantas semanas você estava?"", ""Com quantas semanas de gravidez você está?"", ""Em que semana da gravidez você está?"", ""Com quantas semanas de gravidez você estava quando teve o parto?"", ""Com quantas semanas de gestação você estava?"", ""Você já está com 6 meses de gestação?"", ""Quem está com quantos meses de gravidez?"", ""Com quantas semanas de gestação você teve o bebê?"", ""Você está grávida de quantos meses?"", ""Com quantas semanas de gestação você está?"", ""Com quantas semanas de gravidez você está agora?"", ""De quantas semanas de gestação você está hoje?"", ""Você já está na reta final da gravidez?"", ""Com quantos meses de gestação está o bebê na barriga?"", ""Com quantas semanas de gestação você estava quando precisou fazer o parto induzido?"", ""Quantas gotas de iodo foram tomadas por dia?"", ""Com quantos meses está a filha da Rayane?"", ""Esta é a primeira gestação nas duas famílias?"", ""Com quantos meses ela tinha quando tirou a primeira identidade do bebê?"", ""É normal não produzir leite com 8 meses de gestação?"", ""Com quantas semanas de gravidez ela estava quando usou o balão de dilatação?"", ""Até quantos meses de gestação é normal ter secreção marrom?"", ""Quantas gotas de Lugol eram tomadas por dia durante a gravidez?"", ""Há mamães com parto previsto para abril de 2026?"", ""Ela está grávida de quantos bebês?"", ""Quantas mulheres passam por isso caladas?"", ""Como devemos proceder em casos de violência durante a gestação e o parto?"", ""Até quantas semanas de gravidez aparecem os primeiros chutes do bebê?"", ""Com 4 semanas de gravidez, o parto está previsto para dezembro ou início de janeiro?"", ""Com quantas semanas de gestação sua irmã estava quando o bebê virou?"", ""Com esses sintomas aos 7 meses de gestação, meu bebê pode não chegar aos 9 meses?"", ""Com quantas semanas de gestação você teve eclâmpsia e síndrome HELLP?"", ""Se for um elefante, faltam mais dois meses para o parto?"", ""É normal estar menstruando e sentir cólicas na 9ª semana de gravidez?"", ""Com quantas semanas ou dias de gravidez a progesterona foi iniciada após a descoberta da gestação?"", ""Se ela estiver grávida, de quantos meses ela está?"", ""Quem está com o parto previsto para dezembro?"", ""Quantos meses o bebê tem?"", ""Com quantos meses de gravidez é possível tentar encaixar o bebê na pelve?"", ""Com quantas semanas de gestação você entrou em trabalho de parto?""]",49a2b73d7c836abc8c12d43fe5043ff59c83c4b22a0b7e7268e8d6c8939b32bd
143,59,"['bolsa', 'estourou', 'contrações', 'estourar', 'romper', 'amniótica', 'líquido', 'ir', 'começarem', 'sair']",50,"[""Deu tudo certo com a gestante e o bebê depois de a bolsa estourar e as contrações começarem com 32 semanas de gravidez?"", ""Como é possível esperar pelo parto se a bolsa já estourou?"", ""Se a bolsa estourou, o bebê vai nascer?"", ""Se a bolsa estourar em casa, devo ir imediatamente para a maternidade?"", ""A bolsa da gestante estourou em algum momento antes do parto ou permaneceu íntegra até o bebê nascer?"", ""Como uma mulher pode ter contrações sem a bolsa estourar?"", ""Se a gestante não quer ir para o hospital, ela pode estar mentindo sobre a bolsa ter estourado?"", ""É verdade que a bolsa da grávida estourou?"", ""Se a bolsa não rompe, isso significa que ainda vão ocorrer contrações?"", ""Será que a gestante já estava tendo contrações?"", ""Quando as contrações começarem, posso ir para o hospital ou devo esperar a bolsa estourar?"", ""É normal as contrações começarem depois que a bolsa estoura?"", ""O que a gestante sente quando a bolsa não rompe?"", ""A bolsa da gestante estourou ou ela estava menstruada?"", ""Se a bolsa romper no início das contrações, em quanto tempo devo ir ao hospital?"", ""Com contrações a cada dois minutos, por que ela não foi para o hospital?"", ""Por que, na última gestação, mesmo com a bolsa rompida, não senti contrações fortes até receber soro?"", ""É possível o parto normal acontecer dias depois do rompimento da bolsa?"", ""Sentir contrações em casa, mesmo sem a bolsa ter estourado, significa que já é hora de ir para a maternidade?"", ""É normal a bolsa não estourar e, após o toque vaginal feito pela médica, sair apenas sangue?"", ""Sair um pouco de líquido três vezes, com 9 meses de gravidez, pode indicar que a bolsa estourou?"", ""Estou grávida, minha bolsa estourou, mas não estou sentindo dor; o que isso quer dizer?"", ""Por que a bolsa amniótica pode se romper de madrugada e é necessário ir ao hospital?"", ""É possível pedir que a mãe faça força para romper a bolsa durante o parto?"", ""A bolsa amniótica dela estourou?"", ""O que aconteceu com o líquido durante o parto?"", ""A bolsa amniótica estourou durante a cirurgia ainda no útero?"", ""Como é possível o períneo permanecer íntegro, sem romper e sem sofrer nenhuma lesão?"", ""O que deve ser feito nesse caso de perda de líquido amniótico?"", ""É possível a bolsa amniótica estar sem líquido no momento do parto?"", ""O que acontece quando a gestante sente cólicas?"", ""Como explicar que, com 38 semanas de gravidez, o bebê estava sem líquido e já entrando em sofrimento mesmo sem a bolsa romper ou haver saída de líquido?"", ""É preciso comprar esse balão ou pedir ao médico na hora das contrações para ter o bebê?"", ""O tampão mucoso sai antes da bolsa estourar?"", ""É possível o bebê nascer no dia 32 do mês?"", ""O parto compensa o sofrimento na hora de o bebê sair?"", ""É possível que tenha havido um microfuro na bolsa e o líquido amniótico tenha vazado aos poucos, sem ser percebido, no dia a dia?"", ""Há problemas se o pulmão do bebê já tiver sido amadurecido com medicação e o parto só acontecer semanas depois, como no caso de uma gestante que recebeu essa medicação com 32 semanas e chegou a 37 semanas sem o bebê nascer?"", ""A dor dela passou bem rápido após a bolsa estourar?"", ""Por que tive contrações por dois meses na gestação do meu último filho, diferente do que aconteceu com meus outros dois filhos?"", ""Isso é tóxico para uma gestante e para o bebê dela?"", ""Como estão a gestante e o bebê?"", ""Como saber se o líquido que saiu enquanto eu almoçava era urina ou se a bolsa estourou?"", ""Como reconhecer o rompimento da bolsa pela sensação ou pelo cheiro?"", ""No parto normal podem ocorrer lacerações até o ânus?"", ""Perder o tampão aos poucos sem contrações indica que o parto está próximo?"", ""A placenta não se rompeu para o líquido amniótico sair?"", ""Quais são os riscos de ir à praia após 32 semanas de gravidez?"", ""Por que tive contrações muito dolorosas antes do parto, mesmo tendo feito uma cesárea?"", ""O fato de uma gestante de 41 semanas, sem contrações, ter eliminado uma água parecida com urina pode indicar que a bolsa estourou?""]",b60c6dbe7cff7e5eabd81b164269e3c6cf396de43af81e88f5914cacdc51bc2e
144,71,"['placenta', 'descolamento', 'acontece', 'baixa', 'fica', 'anterior', 'perigoso', 'corpo', 'contínuo', 'hemorragia']",50,"[""Se a placenta não descolar, isso também faz mal?"", ""Se a placenta descolar, isso faz mal?"", ""O que pode ser quando a placenta cai?"", ""O que acontece quando a placenta está no colo do útero durante a gravidez?"", ""O que acontece quando a placenta está anterior?"", ""O que a médica deveria ter feito no caso da placenta colada?"", ""É possível evitar que a placenta tenha dificuldade para sair após o parto?"", ""O que o médico indicou para a gravidez com placenta baixa?"", ""É perigoso a placenta não sair inteira quando é puxada?"", ""A posição da placenta anterior pode trazer risco na gravidez?"", ""É normal ter descolamento da placenta com dois meses de gravidez?"", ""Como é uma placenta descolada?"", ""Quando o bebê fica de cabeça para baixo, a placenta também fica para baixo?"", ""O que acontece se a placenta for puxada antes de se soltar durante o parto?"", ""O bebê fica sem sangue durante o parto?"", ""Você conseguiu passar com o médico para avaliar a placenta baixa?"", ""Qual é o risco para o bebê quando a placenta se descola horas antes do parto?"", ""A placenta pode ficar presa também em uma cesariana, ou isso acontece apenas no parto normal?"", ""O sangramento contínuo após descolamento da placenta pode levar a uma cesariana?"", ""O bebê e a placenta saem juntos no parto normal?"", ""A gestante pode pedir o descolamento de membranas?"", ""Pode haver uma situação em que a placenta seja deixada no corpo da mulher para evitar complicações?"", ""Com 29 semanas de gravidez, a médica já deveria ter conversado sobre o parto?"", ""O que acontece com o útero após o parto, com a ferida da placenta e com a perda de sangue?"", ""O que acontece quando a placenta está aderida e o corpo não consegue expeli-la?"", ""Esse cisto pode ser um cisto de corpo lúteo?"", ""Baixa natalidade é mais vantajosa ambientalmente e ajuda a evitar a extinção humana?"", ""É possível que o corpo simplesmente pare de produzir líquido amniótico durante a gravidez?"", ""Amamentar é um bom investimento de tempo, considerando que pode diminuir as chances de passar a noite inteira acordada com um bebê doente e de gastar com dentista no futuro?"", ""Existe alguma solução para quando o pescoço da bebê fica dobrado para frente no bebê conforto, mesmo estando apoiado corretamente atrás?"", ""Algum alimento também é perigoso para um bebê diagnosticado com G6PD?"", ""Como a mulher pode saber que está com hemorragia interna?"", ""A menstruação acontece durante a gravidez?"", ""Uma mulher com HIV indetectável pode ter parto normal sem risco para o bebê?"", ""Como o bebê se mexe se ele fica dormindo?"", ""Por que a remoção da placenta no parto normal é tão tabu para vocês?"", ""Como proteger a vida do bebê na barriga e evitar complicações na gravidez?"", ""Uma gravidez pode trazer riscos para alguém que torceu a lombar no parto e ainda não conseguiu consultar um médico?"", ""Após o parto, é necessário receber alta hospitalar?"", ""Há alguma correlação entre o estado emocional da gestante e a ocorrência de descolamento de placenta e hemorragia?"", ""Há risco de o bebê ingerir mecônio se a gestação passar muito do tempo previsto?"", ""Quando sai um material transparente durante a gravidez, isso é corrimento ou tampão mucoso?"", ""É normal não sentir o início do trabalho de parto 14 horas após o descolamento de membranas, sentindo apenas desconforto?"", ""Por que a placenta pode não conseguir passar os alimentos corretamente para o bebê?"", ""Uma mulher que sofreu trauma deveria ter acompanhamento durante a gravidez?"", ""Em caso de placenta prévia e bebê em posição transversal, a cesárea seria indicada?"", ""Por que a mudança no formato do colo do útero após o parto ainda é apresentada como uma certeza?"", ""Seu corpo está voltando a ficar como era antes da gestação?"", ""Uma gestante com sangue O negativo e ferritina baixa pode ter hemorragia no parto?"", ""O sangramento contínuo após descolamento da placenta, desde 12 semanas de gestação, pode causar parto prematuro?""]",0210f6d73fb0cfebb6259b916d6174e930ea5a2879c3272d6ea630ea0049afac
145,69,"['dói', 'anestesia', 'cesariana', 'cesáreas', 'sente', 'cesárea', 'dor', 'menos', 'nascendo', 'relacionada']",50,"[""Depois da cesárea, não dói?"", ""A mãe sente dor na hora da cesárea?"", ""É verdade que, após uma cesariana, a mulher sente essa dor?"", ""É possível passar horas com dor e ainda assim precisar de uma cesárea?"", ""A cesárea dói muito?"", ""Uma cesariana também dói?"", ""É normal fazer uma cesárea e deixar a pessoa sofrer com dor?"", ""A cesárea não dói?"", ""A cesariana dói quando o bebê está nascendo?"", ""A cesárea é menos dolorosa do que o parto normal?"", ""Você não sentiu dor depois da cesárea?"", ""O que dói mais: o parto normal ou a cesariana?"", ""Por que as pessoas acham que a cesariana não dói?"", ""Não sentir dor após uma cesárea é normal?"", ""Cesárea não dói?"", ""Antes de uma cesárea, colocam uma agulha nas costas? Isso dói?"", ""Uma mulher submetida à cesárea com anestesia sente dor?"", ""A cesariana é realmente livre de dor?"", ""Numa cesárea, é usada anestesia?"", ""Uma mulher pode fazer apenas três cesáreas?"", ""A gestante sente dor quando recebe a anestesia para a cesárea?"", ""O bebê sente dor durante o parto?"", ""Que tipo de sequelas uma cesárea pode causar?"", ""A cesariana é feita sem anestesia?"", ""A dor de três cesáreas aparece depois que a anestesia passa?"", ""Por que tantas crianças que estão nascendo agora estão tendo APLV?"", ""No pós-cesariana, pode beber água de coco?"", ""Onde eu errei nessa perda gestacional?"", ""O que pode causar dor de barriga no bebê?"", ""Por que o médico me cortou para o bebê passar e fez os pontos sem anestesia?"", ""O que pode causar dor, sensibilidade no mamilo e um pontinho branco com saída de secreção branca em quem não está grávida nem amamentando?"", ""Essas gestantes também se recusam a usar anestesia no dentista?"", ""A perda de movimento do pé esquerdo e da perna em uma gestante, oito meses após cirurgia bariátrica, pode estar relacionada à falta de vitamina B12?"", ""Estou grávida e tenho uma fístula; vou precisar fazer cesárea?"", ""Durante uma cesariana, não vaza sangue?"", ""Uma mulher estéril que adota um filho também passa por essa transformação de mãe?"", ""A força do pensamento pode ter influenciado para que as minhas cesáreas fossem maravilhosas e sem dor?"", ""Cada bebê suga com mais ou menos força?"", ""A cesárea pode causar perda de sensibilidade nessa região?"", ""Em um caso de bebê de 6 kg, qual é a forma de parto mais segura: parto normal ou cesariana?"", ""Em que parte da barriga você sente mais os chutes do bebê?"", ""Por que a mulher sente frio e treme depois do parto?"", ""O parto nessa maternidade dói?"", ""Uma cesárea pode sofrer infecção?"", ""O segundo parto dói mais do que o primeiro?"", ""Essa dor é cólica ou pode estar relacionada à cesárea?"", ""Vai ser com anestesia no parto?"", ""Qual é o segredo para não sofrer tanto no parto?"", ""É verdade que a gravidez de um menino dói mais do que a de uma menina?"", ""A raqui anestesia nas costas dói muito na hora de aplicar?""]",c58b92e0eaf4d0bee89d72b7d33ede6a0a7295f633f6416ac16f40529801b589
146,48,"['episiotomia', 'laceração', 'evitar', 'humanizado', 'parto', 'corte', 'rasgue', 'perineal', 'fórceps', 'garfo']",48,"[""Durante o parto, é preferível rasgar naturalmente do que fazer episiotomia?"", ""Não fazer episiotomia pode prejudicar o parto?"", ""Sem episiotomia, é possível não ter laceração nenhuma no parto?"", ""O que fazer quando ocorre uma laceração durante o parto?"", ""Na segunda gestação, a episiotomia é necessária no parto normal?"", ""Se a mulher já fez episiotomia em um parto, é provável que precise fazer episiotomia novamente no próximo parto?"", ""É verdade que todas as mulheres precisam passar pela episiotomia no parto?"", ""Como evitar laceração no parto e não precisar de episiotomia?"", ""Quais outras dicas existem para evitar laceração no parto e episiotomia?"", ""É normal fazer episiotomia sem consultar a parturiente durante um parto normal?"", ""Por que é realizada a episiotomia no parto?"", ""Se na primeira e na segunda gestação foi necessário fazer episiotomia, o terceiro parto pode ser normal, sem cortes?"", ""A episiotomia é uma opção melhor quando o bebê é grande, já que o corte pode ser aleatório?"", ""Qual é a melhor posição para evitar laceração no parto e não precisar de episiotomia?"", ""Não seria pior fazer episiotomia para o uso do fórceps no parto normal?"", ""Como evitar laceração em um parto normal rápido?"", ""O bebê saiu escorregando no parto e houve laceração, com necessidade de vários pontos?"", ""A episiotomia deve ser feita para evitar laceração vaginal ou não deve ser feita nunca?"", ""O parto normal e humanizado pode causar laceração vaginal ou perineal?"", ""O parto normal é apenas isso ou existem outras etapas que não foram descritas no comentário?"", ""Esse parto serve mais para homem ou para mulher que fez cirurgia?"", ""Existem métodos de parto humanizado que doem muito menos?"", ""Qual é a diferença entre parto humanizado e parto normal?"", ""Houve laceração durante o parto normal e humanizado mencionado?"", ""Um rompimento perineal após o parto pode favorecer infecções urinárias?"", ""A cesárea deve ser feita apenas quando há indicação médica?"", ""Como ocorre o rasgo ou corte no parto, já que o médico geralmente usa tesoura?"", ""Quando o bebê está sentado na gestação, é necessário operar?"", ""Como reverter a situação depois de ter sido cortada duas vezes na episiotomia?"", ""O que é impossível em relação a um parto digno e humanizado?"", ""Por que o parto normal é chamado de normal se, às vezes, o médico precisa fazer um corte entre a vagina e o ânus para evitar que a região rasgue?"", ""O que fazer quando, após episiotomia no primeiro parto e fórceps no segundo, ainda há sequelas como disfunção sexual e dificuldade para conseguir liberação de cirurgia para incontinência urinária pelo convênio?"", ""Colocaram ocitocina na veia durante o parto, já que ela pode causar vômitos?"", ""No caso descrito, realmente era necessário fazer o corte para o bebê nascer?"", ""Que tratamento pode ser feito quando a bexiga desce após o parto e a mulher permanece nessa situação mesmo com o bebê de 1 ano e 5 meses?"", ""É necessário fazer episiotomia para evitar que a cirurgia de perineoplastia rasgue?"", ""A episiotomia pode deixar cicatriz nas partes íntimas e causar inflamação e caroços muitos anos depois?"", ""Quanto foi pago pelo parto humanizado?"", ""O que seria um parto humanizado?"", ""Outras gestantes já passaram por uma situação semelhante e conseguiram reverter o quadro?"", ""A fratura de clavícula do bebê durante o parto pode ocorrer naturalmente?"", ""A recuperação de uma fratura de clavícula no bebê é melhor do que a recuperação de uma episiotomia na mãe?"", ""É possível evitar a colestase gestacional?"", ""Como evitar que o bebê também pegue o resfriado?"", ""Como evitar engordar durante a gravidez?"", ""É pior ficar com urina na bexiga sem conseguir eliminá-la?"", ""Como evitar dor no peito durante a extração de leite?"", ""Por que ela escolheu o garfo em vez da colher uma vez e depois escolheu o garfo duas vezes?""]",246c266da112d203d771ded6430b0c4aef1494e63e71c55b3919afc9ba4c8a96
147,32,"['aas', 'aspirina', 'eclâmpsia', 'pré', 'trimestre', 'mg', 'tomar', 'prevenir', 'primeiro', 'sentido']",32,"[""Durante a gravidez, é necessário aumentar a dose de aspirina que já tomo todos os dias?"", ""É correto tomar um comprimido e meio de AAS na gravidez, descartando a outra metade?"", ""Não é permitido tomar aspirina ou AAS no primeiro trimestre da gravidez?"", ""Na primeira gestação, aos 36 anos, o uso de AAS é recomendado apenas por causa da idade?"", ""Gestantes com 33 semanas de gestação e alto risco de pré-eclâmpsia devem usar AAS nessa fase da gestação?"", ""Você usou aspirina ou AAS durante a gravidez?"", ""O uso de AAS na gravidez oferece algum risco para o feto?"", ""Tomar aspirina durante a gravidez pode ser prejudicial se houver risco moderado de pré-eclâmpsia?"", ""Devo realmente tomar 162 mg de aspirina por dia na gravidez apenas porque minha mãe teve início de pré-eclâmpsia?"", ""Faz sentido que o uso de AAS, uma conduta recomendada para prevenir pré-eclâmpsia na gestação, aumente o risco para o feto em qualquer sentido?"", ""Qual é o horário ideal para tomar AAS durante a gravidez?"", ""Posso começar a tomar aspirina antes de passar pelo obstetra?"", ""É verdade que a esposa deve tomar 100 mg de ácido acetilsalicílico até o fim da gestação para prevenir pré-eclâmpsia?"", ""É seguro tomar AAS com 13 semanas de gravidez, mesmo tendo tido sangramento no nariz há duas semanas?"", ""Para quem já teve pré-eclâmpsia em uma gestação anterior, é válido começar a usar AAS e suplementação desde o primeiro trimestre da gravidez?"", ""Qual é a aspirina mencionada para reduzir o risco de pré-eclâmpsia na gravidez?"", ""O AAS serve mesmo para gestantes com pressão alta?"", ""Você tomou AAS na primeira gestação?"", ""Uma mulher que teve tromboflebite no pós-parto e está grávida novamente pode tomar AAS ou aspirina na gestação?"", ""O AAS indicado na gestação está interferindo no aumento do sangramento nasal?"", ""Uma gestante com diabetes tipo 1 pode tomar AAS ou aspirina durante a gravidez?"", ""Uma gestante com IMC 27 pode tomar AAS mesmo sem os outros fatores mencionados?"", ""Como você está durante a gestação após descobrir alto risco de pré-eclâmpsia no exame morfológico do primeiro trimestre?"", ""Estou grávida de 10 semanas, tenho hipotireoidismo controlado e minha médica me passou AAS; isso é uma medida de precaução, mesmo eu tendo o sangue \""ralinho\""?"", ""É possível usar esse óvulo no primeiro trimestre da gravidez?"", ""O que funcionou para prevenir estrias no fim da gestação?"", ""Está certo a médica ter prescrito Aspirina 100 mg para mim, aos 39 anos, mesmo sem histórico de pré-eclâmpsia?"", ""É normal sentir coceira intensa no primeiro trimestre da gravidez, incluindo no couro cabeludo, rosto, costas, braços e pescoço?"", ""Em uma gestação gemelar dicoriônica diamniótica, com 34 semanas, quando deve-se parar de tomar AAS para prevenção de pré-eclâmpsia?"", ""Uma gestante com trombofilia hereditária, em uso de Clexane 40 mg e cálcio 500 mg por dia, pressão de 10x6, 14 semanas de gestação e morfológico mostrando artéria em 1,5 precisa tomar AAS?"", ""A suspeita de gravidez ectópica faz sentido nesse caso?"", ""A dipirona mencionada é a de 500 mg/mL, já que existem várias dosagens?""]",06f1f3819128d58c3cf203096fb3bb1b800cbc9c46afa6aedc6c0067f039cd78
148,43,"['percentil', 'semanas', '34', 'gestação', 'kg', '19', 'mm', '36', 'com', 'cm']",43,"[""É normal a bebê estar com 3.114 g às 36 semanas e 37 semanas e 3 dias de gravidez, ou isso é motivo de preocupação?"", ""O que devo fazer com 25 semanas de gestação se o bebê está caindo no percentil?"", ""Está tudo bem com o bebê de 34 semanas que está no percentil 4?"", ""Como está o bebê com 18 semanas de gestação?"", ""Como um bebê pode estar com 1,3 kg com 16 semanas de gestação?"", ""Basta fazer ultrassom para avaliar a posição do bebê na barriga?"", ""É normal que um bebê com nove semanas não esteja no tamanho esperado?"", ""Com 19 semanas de gestação e 18 cm, minha bebê está crescendo bem?"", ""Um bebê com 26 semanas de gestação pode estar entrando em sofrimento mesmo com a ultrassonografia normal?"", ""Com 30 semanas e 4 dias de gestação e 22 de líquido amniótico, há chance de não chegar até o fim da gravidez?"", ""Houve algum erro na informação de que o bebê estava com 1,3 kg com 16 semanas de gestação?"", ""Um bebê com 31 semanas em posição transversal ainda pode virar?"", ""É normal uma bebê de 34 semanas estar no percentil 4?"", ""Um bebê com 4 kg e 39 semanas de gestação pode nascer de parto normal?"", ""É normal sentir tantas dores ao entrar em 36 semanas de gestação, e isso pode indicar que o bebê pode nascer em breve?"", ""É normal um bebê, com 36 semanas e 3 dias de gestação, medir 50 cm e pesar 2.953,4 gramas?"", ""O bebê com 22 semanas de gestação tem tamanho equivalente ao de uma pera, com cerca de 19 cm?"", ""O peso de 2.150 g e o comprimento de 44,53 cm de um bebê com 33 semanas e 2 dias de gestação estão bons?"", ""É possível o bebê estar em posição transversal com 30 semanas de gestação?"", ""Ter essas contrações várias vezes ao dia, com 21 semanas de gestação, pode ser algum sinal ruim?"", ""Com 31 semanas de gestação, um líquido amniótico de 4,32 está normal?"", ""É comum sentir todos esses sintomas com 34 semanas de gravidez?"", ""Uma ultrassonografia que estimou 3,2 kg pode resultar em um bebê nascendo com 4,04 kg?"", ""Está tudo bem com você e com o bebê, mesmo estando com 27 semanas de gestação?"", ""Uma queda do percentil fetal de 90 para 3 entre 17 e 23 semanas de gestação pode ser revertida?"", ""Quais são boas dicas para uma gestante de 23 semanas de gravidez?"", ""Uma gestante de 34 semanas, com cesárea anterior há quase 10 anos e infecção na parede abdominal, pode ter parto normal com segurança?"", ""O que é percentil na avaliação do bebê durante a gestação?"", ""Um percentil de 63 aos 31 semanas e 2 dias de gestação é considerado bom?"", ""O que significa a idade fetal de 34 semanas e 4 dias pela biometria, se estou com 34 semanas e 2 dias de gestação, e o bebê pesa 2537 gramas com percentil 62%?"", ""O percentil pode enganar na avaliação do tamanho do bebê?"", ""Há chance de ocorrer ruptura uterina em uma gravidez de 36 semanas, cerca de um ano e meio após uma cesárea anterior?"", ""Com 37 semanas de gestação, um bebê que sempre esteve cefálico pode estar em posição oblíqua se a cabeça passar a ser sentida na lateral do quadril?"", ""Uma bebê com 21 semanas de gestação consegue enxergar, mesmo sem as córneas amadurecidas?"", ""Um bebê com 30 semanas e 1.400 kg está no percentil 5?"", ""Um bebê com 3,950 kg pode nascer de parto normal?"", ""Uma espessura da placenta de 183 mm com 16 semanas de gestação é muito alterada para a idade gestacional e pode indicar algum problema com o bebê?"", ""A redução do colo do útero de 32 mm para 28 mm entre 19 e 22 semanas de gestação é muito grande em pouco tempo?"", ""É normal estar com cólicas e sangramento com 6 semanas e 4 dias de gestação?"", ""Com 19 semanas e 2 dias de gravidez, o peito já pode estar formando colostro ou leite?"", ""Há risco para o bebê ou algum problema se o exame de Coombs estiver reagente 1:8 com 34 semanas e 6 dias de gestação?"", ""Você é quem cria o bebê durante a gestação?"", ""Como uma bebê pode ter convulsão febril com 34,5°C?""]",4063217ac1c39afe597e3945643860d6bf7512789de96a154268282c692c8e12
149,57,"['pós', 'disso', 'normais', 'partos', 'sentiu', 'parto', 'muitos', 'puerpério', 'lidar', 'gases']",50,"[""Você ficou bem depois da complicação no parto?"", ""Como você e o bebê estão após o parto?"", ""Como foi passar por tudo isso de novo no parto?"", ""Você está melhor um dia após o parto?"", ""O que você fez para não sofrer no pós-parto?"", ""Você também tem passado por esse problema depois do parto?"", ""Você e seu bebê ficaram bem após esse parto difícil?"", ""Como você ficou depois do parto?"", ""Você já sabia disso e seguiu o que seu corpo pedia durante o parto?"", ""Como foi o parto e o primeiro dia de pós-parto?"", ""Como tem sido o primeiro mês após o parto?"", ""Como você se sentiu no pós-parto?"", ""O que aconteceu durante o seu trabalho de parto?"", ""Vou passar por tudo isso de novo, em uma nova gravidez ou parto?"", ""Quais dores você sentiu durante o trabalho de parto?"", ""Durante a gravidez e depois do parto, você soltava muitos gases?"", ""Você já sentiu o pós-cesárea?"", ""Como foi a sua primeira vez em pé após uma cesárea?"", ""Ela teria rede de apoio para ajudá-la no pós-parto?"", ""Foi difícil evacuar pela primeira vez depois do parto?"", ""Por que decidiu ter uma segunda gravidez se o pós-parto da primeira foi difícil?"", ""Por que sofrer se existe um recurso melhor para o parto?"", ""Só porque a mulher dança durante a gravidez o parto precisa ser normal?"", ""Você tinha incontinência urinária após os partos normais?"", ""A recuperação após o parto é a mesma ou também é \""nível São Luís\""?"", ""Alguém tem notícias de como está a gestante após o parto ter começado e o médico falecer?"", ""Por qual orientação essa prática com o bebê foi realizada?"", ""Os suplementos funcionam para tratar a queda de cabelo no pós-parto ou durante a amamentação?"", ""Qual é a porcentagem de partos normais que as alunas dela conseguiram?"", ""O que é o tampão mucoso durante a gravidez e o parto?"", ""Qual é o nível do beta?"", ""Onde posso conseguir informações sobre a taxa de partos normais e cesarianas realizados pelos médicos?"", ""Reaquecer a comida pode fazer mal para a mãe no pós-parto e para a criança?"", ""Uma bebê que já tem dificuldade para evacuar e muitos gases pode piorar com esses leites?"", ""Há alguma orientação em relação à bronquiolite no pós-parto?"", ""Como uma mulher consegue suportar três partos normais?"", ""Como lidar com TOC na gravidez e com pensamentos horríveis?"", ""A ciência afirma que é possível adquirir autismo durante a gravidez ou no parto?"", ""O que posso fazer para lidar com o cansaço durante a gravidez e conseguir dar conta do trabalho e das tarefas de casa?"", ""Há algum problema para a gravidez quando o casal tem o mesmo tipo sanguíneo e fator Rh, B positivo?"", ""É normal continuar sentindo cólicas e muitos gases depois de sangramento com coágulos e da saída de tecido?"", ""Como você descobriu que estava dilatando e sentiu algum sinal antes disso?"", ""Qual é o papel do marido em relação à poupança do casal e ao apoio à esposa no pós-parto?"", ""Como ter todos esses cuidados após a cesárea sem marido e sem rede de apoio?"", ""Por que foi colocado o coletor no primeiro dia pós-parto?"", ""Como um casal tem um filho?"", ""Como lidar com o cansaço e com as mudanças na vida, no casamento e nas amizades durante o puerpério?"", ""O bebê ficou bem depois disso?"", ""É comum ter flashes ou lembranças fragmentadas do parto durante a \""partolândia\""?"", ""Alguém também se sentiu perdido(a) depois que o bebê nasceu?""]",3280d282c0c7c31017e4cbd1c9cc70ae00e97249b1db2fae8197823f147c8fb2
150,52,"['sintomas', 'sintoma', 'sentiu', 'quais', 'mesmos', 'relatou', 'os', 'sentindo', 'apresentar', 'nenhum']",50,"[""Quais sintomas de gravidez você teve?"", ""Quais sintomas de gravidez você sentiu?"", ""Quais foram os sintomas no início da sua gravidez?"", ""Quais sintomas você sentiu no início da gravidez?"", ""Quais são os sintomas da gravidez no primeiro mês?"", ""Você sentiu algum sintoma antes de descobrir a gravidez ou não sentiu nada?"", ""Você teve ou tem algum sintoma de gravidez?"", ""É possível estar grávida tendo os mesmos sintomas?"", ""Quando os sintomas da gravidez somem, isso significa que está tudo bem com a gestação?"", ""Quais sintomas de gravidez você está sentindo?"", ""O que estou sentindo pode ser sintoma de gravidez?"", ""Quais sintomas de gravidez a pessoa está sentindo?"", ""Quais sintomas você sentiu na sexta semana de gravidez?"", ""Qual foi o primeiro sintoma da gravidez?"", ""Quais são os sintomas de gravidez com 4 semanas?"", ""Há algo errado com esses sintomas na gravidez?"", ""É normal o parceiro apresentar sintomas de gravidez?"", ""É normal estar grávida e não apresentar nenhum sintoma?"", ""A pessoa sentiu algum sintoma de gravidez?"", ""Com quantas semanas de gravidez você começou a sentir os sintomas?"", ""Cansaço e sono podem ser sintomas de gravidez?"", ""Com quantas semanas de gravidez os sintomas começam a aparecer?"", ""Alguém que está com os mesmos sintomas de cólica, dor nas costas e tontura pode estar grávida?"", ""A pessoa que relatou esses sintomas está grávida?"", ""É normal estar com 7 semanas de gravidez e não sentir nenhum sintoma?"", ""Quais fórmulas infantis são boas?"", ""O tampão mucoso precisa necessariamente apresentar resquícios de sangue?"", ""Você melhorou dos mesmos sintomas de dor na virilha e no reto após a cirurgia?"", ""Antes do bebê nascer, houve algum sintoma ou os sintomas apareceram todos de uma vez?"", ""Quais hospitais já oferecem essa pulseirinha nas maternidades?"", ""A data provável do parto sempre cai nesses mesmos dia e mês?"", ""O relato seria sobre o processo para engravidar, como ele se sentiu e a perspectiva dele?"", ""Ou você não sentiu nada antes do parto?"", ""Com quantos dias de atraso você estava quando sentiu esses sintomas?"", ""Quais sintomas de colestase gestacional você teve?"", ""Houve algum sintoma antes do atraso da menstruação?"", ""A pessoa que relatou cólica, enjoos, dor de cabeça e sono está grávida?"", ""Como ficam os sinais de gravidez quando a gestação está no início e se trata de um casal?"", ""Ela pode estar grávida mesmo sentindo muita dor?"", ""Quais dos seus perfumes atuais causaram enjoo na gravidez e quais você conseguiu usar sem problema?"", ""Os sintomas da gravidez realmente reduzem muito após a 12ª semana?"", ""A falta de menstruação é um sintoma do primeiro mês de gravidez?"", ""Quais eram os sintomas de dilatação antes do parto?"", ""Se você esperou em casa, por quantos dias e quais foram os sintomas?"", ""É possível sentir fisgadas ou algum sintoma de gravidez uma semana após a ovulação, depois de fazer coito programado?"", ""O que você sentiu quando o umbigo começou a sair: dor, muita pressão ou formigamento?"", ""Sentir muita fome, mesmo após comer, antes de fazer o teste pode ser um sintoma de gravidez?"", ""É normal não ter nenhum sintoma na gravidez e descobrir a gestação só com 3 meses?"", ""Quais eram os sintomas de refluxo da sua filha?"", ""Quais sintomas você sentia?""]",a4c56c51181978021277af0b5005be5a17858dd04465cea27609f8ee0047ec99
151,62,"['semanas', '39', 'entrar', '40', 'induzir', '37', 'trabalho', 'gestação', '42', 'ir']",50,"[""Se eu chegar às 40 semanas de gestação, devo ir ao hospital ou esperar o trabalho de parto em casa?"", ""Ao completar 40 semanas, devo ir para a maternidade mesmo sem a bolsa romper ou sem contrações de parto?"", ""38 semanas de gestação é cedo para entrar em trabalho de parto?"", ""O que fazer se eu entrar em trabalho de parto antes das 37 semanas de gestação?"", ""Uma gestante com 36 semanas, com parto marcado para 39 semanas, pode entrar em trabalho de parto antes da data prevista?"", ""Se o bebê não nascer até 41 semanas, será necessário induzir o parto?"", ""Com 36 semanas de gestação, é possível ter parto normal?"", ""Em uma gestação saudável, o bebê precisa nascer com 39 semanas?"", ""O que posso fazer para a minha bebê nascer logo, já que estou com 39 semanas de gravidez?"", ""É possível entrar em trabalho de parto com 31 semanas e 4 dias de gestação?"", ""Na gestação de 39 semanas e 2 dias, só é possível induzir o parto com 40 semanas?"", ""Como foi o parto após completar 40 semanas de gravidez?"", ""Com 36 semanas de gravidez, com quantas semanas é possível ir ao hospital para induzir o parto?"", ""Se eu não entrar em trabalho de parto até o dia 21, devo ir à maternidade para fazer uma cesárea?"", ""É ok esperar até 42 semanas na próxima gestação para ver se o trabalho de parto começa naturalmente?"", ""É possível entrar em trabalho de parto com 37 semanas, com o bebê em posição pélvica e o colo ainda alto?"", ""Com 39 semanas e 4 dias, o bebê pode nascer nesta madrugada?"", ""É perigoso o bebê nascer antes das 38 ou 39 semanas de gestação?"", ""O parto a termo acontece entre 38 e 41 semanas de gestação?"", ""Com 40 semanas e 2 dias de gestação, é provável que seja necessário induzir o parto?"", ""É normal, com 39 semanas e 5 dias de gravidez e o bebê em posição transversal, orientarem ficar em casa até sentir dor e não marcarem cesárea?"", ""O que fazer quando a gestação chega a 42 semanas e o bebê ainda não nasceu?"", ""O que devo fazer estando com 40 semanas e 2 dias de gestação?"", ""É normal o bebê ainda não ter nascido com 40 semanas e 3 dias de gestação em uma gravidez saudável?"", ""Com 40 semanas de gestação e com a bebê sentada, é possível fazer uma cesárea?"", ""A partir de 37 semanas de gestação, é possível diminuir a ingestão de água para antecipar o parto?"", ""Por que, a partir de 36 ou 37 semanas, comer tâmara e fazer outras coisas para induzir o parto não seria a mesma coisa que marcar uma cesariana?"", ""É possível entrar em trabalho de parto e parir sem que o tampão mucoso saia antes?"", ""Você conseguiu fazer a cesárea ao completar 39 semanas de gestação?"", ""O bebê pode nascer antes de eu completar 8 anos?"", ""É normal, em uma gestação de 42 semanas, ter contrações e não ter passagem para o parto, mesmo após 28 horas de trabalho de parto?"", ""Com 37 semanas de gravidez, é normal o bebê ainda estar pélvico e não ter virado?"", ""Se em ambas as situações a intenção é fazer o bebê nascer, qual é a diferença entre induzir o parto e optar pela cesárea?"", ""Quando você estava com 37 semanas e apresentando esses sinais, o bebê demorou muito para nascer?"", ""Uma gestante com 37 semanas e 3 dias ainda pode preparar a mala maternidade?"", ""Como foi o parto em uma gravidez de 39 semanas com o bebê transverso?"", ""Com 39 semanas de gravidez, quatro cesáreas anteriores e hipertensão, devo esperar mais pelo início do trabalho de parto?"", ""Uma gestante com 37 semanas e 2 dias, que teve o primeiro parto normal, pode ter o segundo parto também normal?"", ""É possível ir para a maternidade assim?"", ""Como foi o desfecho da gestação com a bebê em posição pélvica?"", ""Ter sido nascida de parto normal com 42 semanas significa que eu também terei meu parto com 42 semanas?"", ""O que posso fazer se estou com 40 semanas de gravidez e a médica disse que minha placenta está calcificando e que não devo passar das 40 semanas?"", ""Com 38 semanas e 3 dias, bebê em posição sentada e cesárea marcada para 39 semanas e 2 dias, é possível que o parto aconteça antes da data prevista?"", ""Com 39 semanas de gestação, um bebê que está sentado ainda pode encaixar para o parto?"", ""Uma gestante de 37 semanas com oligodrâmnio já deve ir à maternidade para ser avaliada?"", ""E se o bebê estiver em posição transversa com 37 semanas, ele pode entrar em trabalho de parto?"", ""É necessário induzir o parto com 38 semanas, mesmo com o percentil do bebê estando dentro da normalidade?"", ""Como está a gestante de 36 semanas e 3 dias?"", ""Com esses sintomas no fim da gestação, devo ir à maternidade?"", ""Posso fazer exercícios para estimular o parto e fazer o bebê nascer com 40 semanas e 3 dias de gestação?""]",7b8f8388505458dd420e83566b7e64a6edf71611d2270cc851576c1d9f737b51
152,65,"['recuperação', 'cesariana', 'cesárea', 'após', 'pós', 'repouso', 'chiclete', 'operatório', 'resguardo', 'melhorou']",50,"[""Você está se recuperando bem dois meses após a cesárea?"", ""Como é a recuperação da cesárea?"", ""A recuperação da cesárea é realmente muito difícil?"", ""Você já melhorou da recuperação da cesárea? Se sim, o que fez para melhorar?"", ""Você precisou tomar remédio após a cesárea?"", ""Como foi a recuperação após a quinta cesariana?"", ""Após uma cesariana, é necessário tomar remédio?"", ""Você já teve cesárea para saber como é o processo de cicatrização e de recuperação?"", ""Você já está melhor da dor após a cesárea?"", ""Após uma cesárea, mesmo em repouso absoluto, posso cuidar do bebê normalmente?"", ""A mulher que faz cesariana costuma voltar para casa depois de alguns dias e mais abatida?"", ""O processo de recuperação de uma cesárea é pior do que o de um parto normal?"", ""Você teve alguma complicação ao ter relações 28 dias após a cesariana?"", ""Usar calcinha com pressão ajuda na recuperação após a cesárea?"", ""Por que essa orientação sobre a recuperação da cesárea não é ensinada no hospital?"", ""Foi usada alguma cinta após a cesárea?"", ""Quando uma cesárea pode ser como um passeio no parque, com recuperação rápida e tranquila?"", ""Há algum problema em deitar na rede 45 dias após uma cesariana?"", ""Após a cesariana, é permitido tomar banho quente?"", ""Você pode contar mais sobre a sua cesárea planejada e como foi a sua recuperação no pós-parto?"", ""O pós-parto após uma cesariana é junto com o pós-operatório?"", ""Após uma cesariana feita na semana passada, quando ela pode ir para casa?"", ""Com 37 dias após a cesariana, há risco ou problema em ter relações?"", ""Como você está hoje em relação à dor na cicatriz da cesariana?"", ""O útero é cortado durante uma cesariana?"", ""O repouso na gestação com pessário é absoluto?"", ""O que pode causar sangramento contínuo ou intermitente quase três meses após uma cesariana?"", ""Ela teve depressão pós-parto?"", ""Após uma cesariana, a mulher pode comer pão?"", ""É possível ter secreção marrom durante a gravidez?"", ""Como tratar ou curar a depressão pós-parto após cesárea e laqueadura?"", ""No parto normal, o tempo de recuperação não costuma ser tão longo assim?"", ""Como amamentar após uma cesárea para não pressionar a cirurgia?"", ""Posso fazer essa massagem duas semanas após uma cesariana?"", ""É possível correr dois meses após uma cesariana?"", ""Mastigar chiclete após a cesárea produz mais gases?"", ""O resguardo existe como um período em que os órgãos da mãe voltam para o lugar após o parto?"", ""Tomar remédio para secar o leite pode fazer a mãe se arrepender depois?"", ""Há alguma orientação sobre gestantes terem contato com roedores?"", ""Após uma cesariana e com um bebê de 3 meses, estando novamente com 2 meses de gravidez, há risco de a cicatriz da cesárea romper?"", ""O que fazer quando o bebê gripe depois que a mãe ficou gripada quatro dias após a cesárea?"", ""A recuperação após a laceração volta ao normal com o tempo?"", ""O TOC que surgiu na gravidez melhorou?"", ""Após a cesariana, o período de resguardo é de 40 dias?"", ""Como será a minha recuperação no pós-parto?"", ""Com 12 dias de pós-operatório de cesárea, posso sair para caminhar?"", ""Mesmo quem não tem uma cama alta precisa desse apoio para levantar e deitar após a cesárea?"", ""Como uma mulher consegue cuidar do bebê após uma cirurgia desse tipo, como uma cesárea?"", ""Quem vai ajudar você no pós-parto e na recuperação da cesárea?"", ""Você já melhorou da secreção após a cesárea?""]",38b3a6e375c14f7dff51786b10a08dd5c8fb5ea8e270f3d0e06349beda14ca48
153,63,"['cabelo', 'crescer', 'materno', 'crescimento', 'queda', 'leite', 'cair', 'tática', 'tanto', 'chupando']",50,"[""É mentira que o leite materno fez o cabelo da bebê crescer?"", ""É verdade que o leite materno fez o cabelo da bebê crescer muito?"", ""O leite materno estraga o cabelo do bebê?"", ""É verdade que o leite materno faz o cabelo da bebê crescer muito?"", ""É falso que o leite materno fez o cabelo da bebê crescer muito?"", ""É verdade que o leite materno faz o cabelo do bebê crescer?"", ""Com que frequência devo passar leite no cabelo da minha bebê?"", ""É normal não conseguir pentear o cabelo após o parto?"", ""O crescimento do cabelo da bebê após o uso de leite materno pode ter outra causa?"", ""É permitido lavar o cabelo seis dias após o parto?"", ""É normal o cabelo de uma bebê bem cabeluda começar a cair bastante, principalmente só de um lado?"", ""É verdade que colocar leite materno no cabelo faz o cabelo do bebê crescer?"", ""É normal o cabelo ainda não ter começado a cair dois meses após o parto?"", ""Você usou leite materno no cabelo da sua filha?"", ""O que pode ter acontecido para muitas mulheres terem queda de cabelo após o parto?"", ""Por que o cabelo de alguns bebês não cai?"", ""Como um bebê pode nascer com tanto cabelo?"", ""É correto lavar o cabelo da criança apenas com leite materno, sem usar água?"", ""Uma mulher que já teve o bebê e está amamentando pode pintar o cabelo?"", ""Por que o cabelo da bebê grudado no cantinho não foi cortado com uma tesoura?"", ""O que funcionou para melhorar a queda de cabelo no pós-parto?"", ""Isso pode incentivar outras mães a fazerem o mesmo e estragar o cabelo do bebê?"", ""Será que, quando crescer, o bebê não vai querer saber da mãe?"", ""Qual é a receita dessa tática para fazer o cabelo crescer em recém-nascido?"", ""Para o recém-nascido, é melhor oferecer leite materno ou leite normal?"", ""Ela usou um aparelho para retirar o leite materno?"", ""O espermatozoide pode crescer sozinho fora do útero?"", ""Como faz para colocar uma bebê para arrotar e depois a outra?"", ""Por que os bebês sofrem tanto com cólicas?"", ""A vaginose bacteriana pode provocar restrição de crescimento do bebê?"", ""É verdade que, se a mãe dança bastante durante a gravidez, o filho pode nascer gostando de dançar?"", ""No pós-parto, existe alguma estratégia para reduzir prejuízos causados pela prematuridade ou pela restrição de crescimento fetal?"", ""Um bebê com quase 2 meses pode ser colocado no canguru?"", ""A mulher e o bebê ficaram bem após o parto?"", ""A aparência de um bebê pode mudar ao longo do crescimento?"", ""Em que semana você começou a notar o crescimento da sua barriga?"", ""Qual é a marca e o nome do óleo para recém-nascido mencionado?"", ""O que fazer se a criança crescer e continuar chupando o dedo?"", ""Quem fez isso não faz pausas para o bebê respirar durante a mamada?"", ""É possível amarrar o cabelo da bebê para que ele não fique em cima do olho dela?"", ""É normal sentir que está produzindo pouco leite materno quando o bebê tem quase 4 meses e os seios não ficam tão cheios como na amamentação da primeira filha?"", ""E se essa menina cair?"", ""A criança cai de cabeça ao puxar a cadeira ou ao cair do sofá?"", ""Quem está amamentando uma bebê de 11 meses pode fazer botox capilar da Forever Liss no cabelo?"", ""A mãe contribui apenas com o ambiente para o bebê crescer?"", ""O óleo de babosa é usado diariamente ou apenas em dias específicos no cabelo do bebê?"", ""Se o bebê mamar só no peito, existe o risco de a mãe não ter leite suficiente para o bebê crescer?"", ""Como o leite materno é colocado no cabelo da bebê?"", ""Por que a mulher lavou o cabelo sentada no chão durante o trabalho de parto, em vez de ficar em pé ou sentada em uma cadeira?"", ""Ainda é possível ajudar no crescimento do cabelo do meu bebê quando ele estiver com quase 2 meses de idade?""]",584682376562cc48399b2a5f68fcb862c2f08b654de88b0395a8e112e15bb358
154,61,"['teste', 'devo', 'fazer', 'atrasar', 'repetir', 'esperar', 'menstruação', 'negativo', 'gravidez', 'atraso']",50,"[""O teste de gravidez deve ser feito depois de 15 dias de atraso da menstruação?"", ""Devo fazer outro teste de gravidez após dois meses sem menstruar?"", ""Devo esperar um pouco para fazer um novo teste de gravidez?"", ""Foi cedo demais fazer o teste de gravidez após um mês de atraso menstrual e ele ter dado negativo?"", ""Devo repetir o teste de gravidez se a menstruação atrasar?"", ""Devo esperar mais um pouco para repetir o teste de gravidez?"", ""Devo fazer um novo teste de gravidez após a menstruação atrasar e o teste feito há dois dias ter dado negativo?"", ""Devo fazer um teste de gravidez e quando devo fazê-lo, já que não tive sangramento?"", ""Já é o momento de fazer um teste de gravidez?"", ""Com 11 dias de atraso menstrual, é melhor fazer o teste de gravidez agora ou esperar mais um pouco?"", ""Quando posso fazer o teste de gravidez?"", ""Vale a pena fazer um teste de gravidez agora, mesmo com medo de o resultado dar negativo?"", ""Após quantos dias de atraso menstrual é possível fazer o teste de gravidez?"", ""Por que não fazer um teste de gravidez?"", ""Quando posso fazer o teste de gravidez: no mês em que a menstruação falha ou devo esperar o próximo mês?"", ""Devo fazer o teste de gravidez em 7 dias se a menstruação não descer em 6 dias?"", ""Devo repetir o teste de gravidez em dois dias se a menstruação não descer, mesmo tendo tido relação no período fértil?"", ""O teste de gravidez foi feito antes de a menstruação atrasar?"", ""Devo fazer um teste de gravidez?"", ""Com 3 dias de atraso menstrual e sem ovular na data esperada, quando devo fazer um teste de gravidez?"", ""Devo repetir o teste de gravidez quando estiver com 2 meses de atraso menstrual?"", ""Devo esperar até o dia 10 para fazer o teste de gravidez?"", ""Devo fazer o teste de gravidez novamente?"", ""Devo repetir o teste de gravidez na semana que vem e depois fazer um exame de sangue?"", ""É preciso esperar a menstruação atrasar para fazer o teste de gravidez de farmácia de tirinha?"", ""De quanto em quanto tempo devo fazer a lavagem nasal em bebês?"", ""Você esperou a menstruação atrasar para fazer o teste de fita?"", ""Como interpretar um teste de sangue positivo, com a menstruação vindo depois e o teste de farmácia dando negativo?"", ""Há chance de estar grávida após dois meses sem menstruar, mesmo com teste de sangue não reagente?"", ""Devo aguardar até sábado para fazer o exame de sangue após um teste de gravidez negativo com três dias de atraso menstrual?"", ""Posso fazer o teste de farmácia no período da tarde?"", ""A gravidez pode realmente atrasar a menstruação?"", ""É normal a menstruação atrasar, o teste de farmácia dar negativo e ainda assim haver mamas doloridas, dor de cabeça, sono, irritação, cansaço e azia?"", ""Devo fazer outro teste de urina no dia 31/03 se a menstruação continuar atrasada?"", ""Devo fazer um teste de gravidez mesmo sem perceber barriga ou outros sinais de gravidez?"", ""A menstruação atrasou ou houve um sangramento de escape?"", ""Devo fazer um teste de farmácia agora se minha menstruação atrasou e meus seios estão doloridos?"", ""No caso do atraso menstrual com teste de gravidez negativo, houve gravidez ou a menstruação apenas atrasou e depois veio?"", ""Mesmo sem sentir sintomas, é necessário fazer um teste de gravidez?"", ""Quando devo fazer um teste de gravidez após a ovulação?"", ""Um teste de sangue negativo feito 9 dias após a data prevista da menstruação pode estar errado?"", ""Devo fazer outro teste de gravidez, mesmo tendo feito dois testes que deram negativo?"", ""É possível um teste de sangue de gravidez dar errado?"", ""Quantos dias devo esperar para fazer um teste de gravidez depois desse sangramento?"", ""Não seria mais fácil fazer um teste de gravidez em vez de esperar alguém adivinhar se é gravidez?"", ""Com quantos meses de atraso é possível fazer o teste de gravidez?"", ""Devo fazer um teste de gravidez após 13 dias de atraso menstrual?"", ""Com três dias de atraso menstrual e teste de farmácia negativo, quanto tempo devo esperar para fazer o exame de sangue de gravidez?"", ""O que devo fazer se estou grávida e estou com cólica e sangramento?"", ""Ainda está cedo para eu fazer o teste de gravidez no dia 13 ou 14?""]",69c055aea38d57f658fbb29d8dee3fac4a5411ccadef233168ca6a81b5e8b709
155,42,"['reflexo', 'vermelho', 'olho', 'preto', 'aparecer', 'câncer', 'exame', 'feito', 'cor', 'significa']",42,"[""O que significa o reflexo vermelho do olho estar preto no exame do bebê?"", ""O que aconteceu com o olho da bebê?"", ""E se o reflexo vermelho do olho do bebê aparecer preto?"", ""O que significa o reflexo vermelho no exame oftalmológico do bebê?"", ""É possível que o reflexo vermelho não apareça no exame?"", ""Quando a bebê deve ser levada ao médico?"", ""O reflexo vermelho só aparece em crianças pequenas?"", ""O que deve ser feito se, no reflexo vermelho do olho do bebê, aparecer preto?"", ""Como é feito o exame do reflexo vermelho em bebês?"", ""Com quanto tempo deve ser repetido o teste do reflexo vermelho no bebê?"", ""Como é feito o exame para verificar o reflexo vermelho no olho do bebê?"", ""É normal que, ao tirar uma foto do filho, não apareça nenhum reflexo e ele fique com a cor normal?"", ""O reflexo vermelho alterado no olho é grave?"", ""O que significa se o reflexo vermelho do olho sair roxo?"", ""Em quanto tempo de vida a moleira do bebê deve fechar?"", ""O que significa quando o reflexo do olho fica preto?"", ""O que significa o pênis do bebê aparecer na vagina?"", ""É normal que o olho de uma criança de 5 anos seja marrom?"", ""E se o bebê assar o bumbum, o que deve ser feito?"", ""O que acontece se o reflexo do olho estiver azul?"", ""O que significa quando a luz não reflete no exame de reflexo vermelho do olho?"", ""Já foi feito exame de ressonância?"", ""Por que o reflexo vermelho é avaliado apenas em crianças?"", ""Qual é a cor do bebê Davizinho?"", ""De que cor foi o sangramento que você teve?"", ""O que deve ser feito na gravidez quando a gestante tem IIC?"", ""É normal amamentar uma criança de 3 anos e meio?"", ""No teste do reflexo no olho, o reflexo branco indica câncer ou o reflexo vermelho indica câncer?"", ""Quantos dias depois as contrações que você teve e sumiram voltaram a aparecer?"", ""Um resultado alterado em um dos olhos no teste do olhinho deveria gerar encaminhamento ao oftalmologista?"", ""Para aliviar as cólicas do bebê, deve-se ouvir a música ou o que está sendo falado?"", ""É normal que a região ao redor da boca de uma criança de 4 anos e meio fique roxinha, mesmo com saturação boa, se ela está bem, brincando e comendo?"", ""Por que dar dipirona a uma criança sem verificar a causa da febre?"", ""O prolapso pode aparecer durante a gravidez?"", ""Isso pode ser câncer de mama?"", ""O seroma pode ser vermelho?"", ""Como se explica que uma gestante com câncer maligno no ovário esquerdo tenha feito cirurgia com 7 meses de gravidez, e o bebê tenha nascido de parto normal aos 9 meses?"", ""Com quanto tempo antes do atraso menstrual pode aparecer enjoo na gravidez?"", ""Por que há um ponto preto no meio da barriga em uma cesárea?"", ""O teste de ovulação com carinha feliz aparece apenas uma vez ou deve ser feito mais vezes?"", ""Na Espanha também é feito o exame de estreptococo do grupo B na gravidez?"", ""Essas mensagens são destinadas apenas às crianças de até 7 anos?""]",32e817fb6bbbbee3ff664c92d03747f82de7e6d4fcae908a23e8a54927da53c3
156,40,"['ferro', 'suplementação', 'ferritina', 'endovenoso', 'deficiência', 'avaliar', 'hemoglobina', 'ar', 'falta', 'aperto']",40,"[""É possível fazer a suplementação de ferro por conta própria durante a gestação?"", ""A suplementação de ferro deve ser recomendada desde a descoberta da gestação?"", ""Ferro baixo na gravidez, com cansaço, falta de ar e moleza no corpo, pode indicar a necessidade de ferro endovenoso?"", ""Na gestação, também não deveriam ser solicitados exames de ferritina e saturação de transferrina para avaliar a deficiência de ferro?"", ""Se eu precisar de ferro durante a gestação, o pré-natal vai indicar ferro endovenoso?"", ""O que é sugerido no lugar do sulfato ferroso na gravidez?"", ""Uma ferritina de 20 está boa na gravidez?"", ""Como a minha bebê vai receber ferro se eu não estou absorvendo ferro oral?"", ""É possível iniciar o uso de ferro elementar 40 mg no primeiro trimestre da gestação?"", ""Gestantes que não conseguem tomar sulfato ferroso porque ele causa dor de estômago e fezes endurecidas devem fazer o quê?"", ""Na gestação, a suplementação de ferro deve ser feita para manter a ferritina acima de 70 ng/mL mesmo com hemoglobina acima de 11?"", ""Na gestação, basta avaliar apenas a hemoglobina para identificar deficiência de ferro?"", ""Gestantes conseguem obter ferro lipossomal para suplementação na gravidez?"", ""Estou com 28 semanas de gestação e minha ferritina está muito baixa; isso é preocupante?"", ""Qual tipo de ferro endovenoso é mais indicado para gestantes, como o Noripurum?"", ""Uma gestante de 21 semanas com hemoglobina 13, ferro 88 e ferritina 32,75 que começou a tomar 60 mg de ferro deve ficar preocupada?"", ""Como foi feito o tratamento da anemia do bebê sem o uso de ferro?"", ""A suplementação de ferro na gravidez deve ser diferente para quem tem beta talassemia?"", ""Com ferritina de 16, intestino ruim e dificuldade para absorver ferro oral, ainda assim posso receber ferro na veia mesmo tendo risco de pré-eclâmpsia no primeiro morfológico?"", ""Qual era o ferro que você dava ao seu bebê?"", ""Como deve ser a suplementação na gravidez para uma pessoa com beta talassemia?"", ""No caso citado, quem tomava o ferro: a mãe ou o bebê?"", ""É possível fazer suplementação de ferro endovenosa sem pedido médico?"", ""O que fazer quando, com três meses de gravidez, a gestante está sentindo falta de ar, aperto no peito e insônia?"", ""A gestante que estava com falta de ar, aperto no peito e insônia aos três meses de gravidez melhorou?"", ""O que mudou ou você fez de diferente durante a gestação?"", ""Como foi possível fazer ferro endovenoso sem pedido médico?"", ""O ferro lipossomal é muito caro?"", ""É normal as fezes escurecerem com esse medicamento de ferro e ele deve continuar sendo usado?"", ""É normal sentir cansaço e falta de ar ao subir escadas e conversar ao mesmo tempo com 6 semanas de gravidez?"", ""Como a gravidez foi descoberta se não houve sintomas?"", ""É possível receber a aplicação de ferro no posto de saúde sem pedido médico?"", ""Anemia frequente pode ter relação com deficiência de G6PD?"", ""É possível diagnosticar deficiência de G6PD em um bebê mesmo depois de um teste do pezinho normal?"", ""O leite era o que deixava o estômago ruim?"", ""Seria indicado levar a bebê ao médico para avaliar a língua?"", ""Em qual dos dois morfológicos de primeiro trimestre deve-se confiar para avaliar o risco de pré-eclâmpsia, se um exame apontou risco aumentado e o outro baixo risco com três dias de diferença?"", ""A suplementação pode fazer os cistos desaparecerem?"", ""É melhor manipular essa suplementação?"", ""A criança é autista ou tem alguma deficiência?""]",759df20aeb8be172eb4b48c4399063efa7469c2e742fe1b821db312617afc07f
157,39,"['trompas', 'ectópica', 'trompa', 'obstruídas', 'engravidar', 'dificultar', 'quadril', 'ovário', 'didelfo', 'útero']",39,"[""É possível engravidar quando há problema nas trompas?"", ""O que vai acontecer comigo em relação às trompas obstruídas e à possibilidade de engravidar?"", ""Você engravidou sem as trompas?"", ""Mesmo tendo apenas uma trompa formada, é possível engravidar?"", ""É possível engravidar sem as duas trompas?"", ""Como engravidar tendo uma das trompas obstruídas?"", ""É possível estar grávida mesmo sem útero, após tê-lo retirado há sete anos?"", ""Quais são as minhas chances de engravidar novamente após uma gravidez ectópica e a retirada de uma das trompas?"", ""Mesmo sendo operada, posso estar grávida?"", ""O que posso tomar para engravidar depois de uma gravidez ectópica e de tentar conceber há três anos sem conseguir?"", ""É possível engravidar mesmo após a retirada de uma trompa?"", ""É possível engravidar tendo apenas uma trompa?"", ""O que é gestação ectópica?"", ""Como ocorre uma gravidez ectópica?"", ""O que é uma gravidez ectópica?"", ""Uma mulher que tem apenas uma trompa pode ter uma gravidez igual à de uma mulher que tem duas trompas?"", ""É possível engravidar sendo virgem?"", ""É possível engravidar após a retirada de um ovário?"", ""Se não for possível fazer a cirurgia para tratar as trompas obstruídas, o que será necessário fazer?"", ""Mesmo com útero didelfo completamente separado e dois colos uterinos, ainda é possível conseguir ser mãe?"", ""O que fazer quando as duas trompas estão obstruídas e não há dinheiro para fazer FIV?"", ""Como é uma gestação que se desenvolve nas trompas e não tem seguimento?"", ""Mulheres com prótese de quadril podem engravidar?"", ""Ter útero baixo pode dificultar engravidar?"", ""É possível engravidar tendo apenas os ovários, depois de retirar o útero, o colo do útero e as trompas?"", ""Após uma gravidez ectópica, depois de quanto tempo a menstruação costuma descer?"", ""Ter útero didelfo, com dois úteros, pode dificultar ou impedir uma nova gravidez?"", ""Mesmo em uma gravidez ectópica, o endométrio ou o útero também ficam espessos?"", ""Coito programado funciona para quem tem hidrossalpinge, tendo apenas uma trompa e um ovário?"", ""Você retirou as duas trompas?"", ""A adenomiose leve pode dificultar ou impedir a gravidez?"", ""Ter o quadril estreito interfere na possibilidade de um parto normal ou tranquilo?"", ""Ela está grávida mesmo tendo apenas 15 anos?"", ""A pessoa mencionada está grávida mesmo tendo apenas 14 anos?"", ""O seu parto foi igual ao meu, moço?"", ""Como ela vai sustentar esse bebê se não tem dinheiro nem para se sustentar?"", ""Qual é o melhor remédio para tratar um cisto no ovário identificado no exame?"", ""Essa técnica ajuda na displasia do quadril?"", ""Por que não fazer uma cirurgia para que a diarreia pare e ele fique melhor?""]",266233c10972fefdafd9705d3660ffd2d9d98469aa1f1cfa1c02adb6fca57be8
