topic_id,topic_size,top_words,suggestion_1,suggestion_2,suggestion_3,central_example_1,central_example_2,central_example_3,central_example_4,central_example_5,boundary_example_1,boundary_example_2,boundary_example_3,boundary_example_4,boundary_example_5,relevance,selected_name_option,manual_name,notes,annotator_id,annotated_at
0,1267,"['maternidade', 'salário', 'auxílio', 'direito', 'inss', 'contribuição', 'solicitar', 'receber', 'ao', 'pagar']",Auxílio maternidade do INSS,Salário maternidade do INSS,Direito ao auxílio maternidade INSS,Uma gestante de 6 meses que vai começar a contribuir agora tem direito ao auxílio-maternidade?,É necessário contribuir por mais um mês para ter direito ao auxílio-maternidade?,Com quantos meses de contribuição é possível ter direito ao auxílio-maternidade?,"No meu caso, preciso aguardar minha filha nascer para conseguir solicitar o salário-maternidade?","Se o bebê já nasceu, ainda é possível receber o salário-maternidade?","É possível emitir a guia pelo Chrome, usando a versão do site para computador?",É permitido trabalhar como afiliado da Shopee enquanto se recebe salário-maternidade?,"No meu caso, a guia para continuar contribuindo deve ser preenchida da mesma forma que no vídeo ou preciso बदलá-la?",Devo preencher a competência com o mês e o ano em que estou?,"Por que, ao tentar emitir a guia pelo aplicativo, ele vai para a parte de calcular contribuição e não permite gerar a guia?",,,,,,
1,360,"['anticoncepcional', 'pílula', 'seguinte', 'tomar', 'cartela', 'injeção', 'esquecer', 'relação', 'dia', 'risco']",Risco de gravidez com anticoncepcional,Chance de engravidar usando anticoncepcional,Possibilidade de gravidez no uso de anticoncepcional,Tive relação no 9º dia de uso do anticoncepcional; posso engravidar?,É possível que eu esteja grávida após iniciar o anticoncepcional há 4 dias e ter tido relações?,"Tomar a pílula anticoncepcional no mesmo dia, mas com atraso de horário, oferece risco de gravidez?","Depois de parar a injeção anticoncepcional trimestral e ficar três meses sem menstruar, isso pode ser gravidez?","Se eu não tomar outra pílula, há risco de engravidar mesmo estando há 7 dias tomando anticoncepcional?",Uma mulher de 39 anos com enxaqueca pode usar o anel vaginal?,"Depois de terminar essa cartela, devo pular a pausa de 4 dias e emendar a próxima cartela?","Sertralina, clonazepam e Pasalix podem interferir na eficácia do anticoncepcional Yaz?","O uso de sertralina, clonazepam e Pasalix pode interferir na eficácia do anticoncepcional Yaz?",O pantoprazol corta o efeito do anticoncepcional?,,,,,,
2,361,"['progesterona', 'via', 'oral', 'vaginal', 'uso', 'utrogestan', 'estradiol', 'mg', 'reposição', 'usar']",Uso de progesterona na reposição,Reposição com progesterona uso,Via e tempo de progesterona,A progesterona precisa ser usada por via oral?,A progesterona deve ser tomada de forma contínua?,É aconselhável tomar um comprimido de progesterona de 100 mg por noite?,Por quanto tempo a progesterona pode ser usada?,O médico indicou para você tomar progesterona depois do ciclo menstrual?,O parto vaginal seria uma espécie de cerimônia de iniciação para a maternidade?,A tibolona é segura para uma mulher de 51 anos que está com o sono péssimo?,A via oral do Ultragestan pode causar náuseas?,O AD-Til deve ser administrado em 4 gotas por semana?,"Pode haver hipoplasia mamária mesmo com a reposição de GH, se a causa estiver relacionada a outro hormônio?",,,,,,
3,308,"['ela', 'grávida', 'está', 'pessoa', 'mencionada', 'engravidou', 'comentário', 'realmente', 'mamãe', 'verdade']",A pessoa mencionada está grávida,Ela realmente está grávida,A mamãe está grávida de verdade,Será que ela está mesmo grávida?,Ela estava realmente grávida?,E se ela estiver realmente grávida?,Ela está grávida de verdade?,Como assim ela está grávida?,O iodo a que o doutor se refere pode ser no sal marinho?,Como um teste de gravidez em papel consegue dizer se uma pessoa está grávida ou não?,Como nasce uma pedra grávida?,Isso é um espermatozoide?,Maria engravidou de Jesus na adolescência também?,,,,,,
4,264,"['nome', 'for', 'nomes', 'vocês', 'chamar', 'qual', 'menina', 'escolher', 'menino', 'miguel']",Escolha de nomes para bebês,Nomes sugeridos para bebê,Sugestão de nomes maternos,Qual nome seria escolhido se o bebê for menina?,Qual nome seria escolhido se o bebê for menino?,Qual nome você sugere se o bebê for menino?,Qual nome colocar se o bebê for menino?,Qual foi o nome escolhido para a bebê?,Qual é o nome dado à condição em que uma criança nasce sem os membros?,Qual é o nome desse adoçante e onde posso comprá-lo?,Um bebê pode engasgar ao ser alimentado com seringa?,Qual apelido é mais מתאים para Valentina: Valen ou Vava?,Meu segundo bebê também pode estar com APLV?,,,,,,
5,195,"['nascer', 'fevereiro', 'dia', 'vai', 'janeiro', 'aniversário', 'nascimento', 'no', '28', 'bebê']",Previsão de data de nascimento do bebê,Previsão do parto e data de nascimento,Data provável do nascimento do bebê,A bebê vai nascer no dia 31 de janeiro?,A bebê vai nascer no dia 29 ou 30 de janeiro?,"O bebê vai nascer no dia do aniversário da pessoa, em fevereiro?",A bebê vai nascer em 28 ou 29 de janeiro?,Em que dia meu bebê vai nascer?,Uma criança pode nascer com microcefalia?,Por que você grava apenas a mulher gritando de dor em vez de gravar o nascimento da bebê?,O bebê vai ser a Ayla?,"Um bebê pode nascer com deformidades, como sem braços, pernas ou nariz?",O que significa um Apgar de 9 a 10 no nascimento do bebê?,,,,,,
6,187,"['dilatação', 'semanas', '38', 'contrações', 'tampão', 'mucoso', 'sinais', 'trabalho', 'dores', '39']",dilatação e sinais de trabalho de parto,início do trabalho de parto e dilatação,sinais maternos de dilatação e parto,Uma gestante com 35 semanas que já sente todos os sintomas de dilatação deve se preocupar?,"É normal ficar assim por uma semana, com 38 semanas e 3 dias de gravidez, 1 cm de dilatação, contrações constantes e fisgadas no canal vaginal?","Uma gestante com 39 semanas e 6 dias, com saída de tampão mucoso e barriga ficando muito endurecida, já está tendo dilatação?","Uma gestante de 29 semanas com dores nas costas, dor na parte de baixo, sensação de pressão e barriga dura o tempo todo pode estar dilatando antes da hora?","Com 38 semanas e 3 dias de gravidez, sentir muitas contrações de treinamento e a barriga parecer que vai cair e apertar indica dilatação ou início do trabalho de parto?",Você está sentindo dores em qual região especificamente?,"Uma gestante de 36 semanas, autônoma, MEI e com contrato temporário que vai terminar no próximo mês pode requerer auxílio-maternidade além do salário-maternidade?",A dor e o inchaço na parte de baixo da barriga há 5 dias podem ser endometriose?,O que devo fazer para aliviar a dor lombar pós-parto que está irradiando para as pernas?,"É normal, com 7 meses de gravidez, ainda não ter saído colostro?",,,,,,
7,182,"['podem', 'cólicas', 'seios', 'sinais', 'dor', 'indicar', 'enjoo', 'doloridos', 'sinal', 'atraso']",Sinais de gravidez no atraso menstrual,Possíveis sintomas de gravidez,Indícios de gravidez e atraso menstrual,"Um atraso de 4 dias, com cólica, dor nas mamas, dor lombar, fome e um pouco de sono pode ser sinal de gravidez?","Seis dias de atraso menstrual, seios doloridos e cólicas que vão e voltam podem indicar gravidez?","Os enjôos, as cólicas leves, a dor de cabeça, a dor nas costas e o atraso menstrual podem indicar gravidez?",Dor nos seios e cólicas com 12 dias de atraso menstrual podem ser sinais de gravidez?,"Sintomas como cólica, dor nos seios, dor de cabeça, enjoo e dor nas costas antes do atraso menstrual podem indicar gravidez?",Essa dor nas pernas pode ser sinal de trombose?,Você teve dor de cabeça?,Seios doloridos constantemente e dor de cabeça podem estar relacionados com essa saída de leite?,Tontura e queda de pressão 60 dias após o parto podem ser sinal de algo grave?,"O que pode ser a dor pélvica e no baixo ventre, com inchaço e irradiação para a lombar?",,,,,,
8,160,"['hcg', 'beta', 'mui', 'resultado', 'ml', 'quantitativo', 'positivo', 'indica', 'exame', '25']",Interpretação do beta hCG quantitativo na gestação,Leitura do beta hCG quantitativo,Significado do beta hCG na gravidez,"Um resultado de beta-hCG de 0,26 indica gravidez?","Um resultado de beta-hCG inferior a 2,39 indica gravidez ou não?",Um resultado de beta-hCG de 29 indica gravidez?,"Um resultado de beta hCG de 207,6 indica que estou grávida?",Qual é o valor de referência do beta hCG nessa fase da gravidez?,"Segundo o protocolo, o SBG deve sempre ser tratado pelo risco de RPM, sem necessidade de atingir 100.000 UFC/ml?",É demais uma bebê de 6 dias tomar 60 ml por mamada?,Daqui a quantos dias devo fazer o beta quantitativo?,O que devo fazer diante desses sintomas com 37 semanas de gravidez?,A ausência de cólicas nesse caso é um sinal bom ou ruim?,,,,,,
9,151,"['menstruação', 'menstruar', 'menstrual', 'descer', 'desceu', 'dias', 'ficar', 'normal', 'atraso', 'mês']",Sangramento menstrual irregular e atraso,Atraso menstrual e irregularidade,Irregularidade do ciclo menstrual,"É normal a menstruação durar apenas um dia, como aconteceu no mês passado e neste mês?",A menstruação já veio ou continua atrasada há quase dois meses?,"O que pode ser quando a menstruação vem antes do previsto e dura só um dia, como aconteceu comigo?",É normal ficar três meses sem menstruar?,O que pode causar menstruação atrasada por 1 mês?,"O sangue venoso é o mesmo que sai durante o período menstrual, por ser contínuo e pela tonalidade?","O sangramento menstrual se encaixa em qual tipo de sangramento: arterial, venoso ou capilar?",O chá de uxi amarelo e unha de gato pode fazer a menstruação descer após mais de 3 meses de atraso menstrual?,"Depois de uma cesárea, é normal a menstruação voltar apenas uma vez com seis meses e meio e depois ficar quase três meses sem descer?","É normal a menstruação não ter descido 10 meses após uma cesárea, enquanto o bebê mama bastante?",,,,,,
10,186,"['mamadeira', 'seringa', 'alimentar', 'dar', 'sugar', 'bico', 'chupeta', 'ponta', 'leite', 'recém']",Alimentação do recém-nascido com mamadeira,Uso de mamadeira para recém-nascidos,Oferecer leite ao recém-nascido com mamadeira,Por que não dar na chiquinha ou em uma mamadeira menor para o bebê?,Por que não dão logo uma mamadeira ao bebê?,Por que não foi usada uma mamadeira para que o bebê sugasse à vontade?,Por que não usam uma mamadeira para alimentar o bebê?,Por que usar seringa para alimentar o bebê em vez de mamadeira?,"O órgão masculino serve para receber os óvulos produzidos pela fêmea, em vez de depositá-los?",O uso de chupeta na infância está associado a distúrbios alimentares ou ao vício em drogas?,"Ao preparar a fórmula, não deveria ter colocado metade da água e depois completado com o restante para não aumentar o volume?","Existem estudos consistentes, com amostra representativa e metodologia robusta, que sustentem essa afirmação sobre chupeta na infância?","Por que alimentá-lo dessa forma, deixando-o sugar tanto?",,,,,,
11,147,"['isso', 'nesse', 'caso', 'luvas', 'você', 'procedimento', 'essa', 'foi', 'feito', 'certo']",Cuidados e procedimentos na gestação,Orientações e procedimentos durante a gravidez,Procedimentos e saúde materna na gestação,O que devo fazer nessa situação?,Como você fez isso?,Como foi essa situação?,O que fazer nessa situação?,"Você já foi assim, sabia?",Como funciona a explicação de que o cromossomo X ou Y do pai vem da mãe dele?,É აუცილary?,O que significa DCT aumentada?,Como posso obter Lugol?,"Nesse caso, existe risco de ruptura uterina durante o parto normal?",,,,,,
12,166,"['ultrassom', 'natal', 'ultrassonografia', 'saco', 'pré', 'transvaginal', 'gestacional', 'exame', 'semanas', 'mostrou']",Ultrassom no início da gestação,Ultrassonografia no início da gestação,Exame de ultrassom inicial gestacional,Já foi feito ultrassom nessa fase da gravidez?,Haverá outro ultrassom mais à frente na gravidez?,Com quantas semanas de gravidez já posso fazer um ultrassom?,"Com 3 semanas e 6 dias de gestação, ainda é muito cedo para fazer uma ultrassonografia?","Nesta gravidez, o médico consegue saber pelas ultrassonografias se já saiu tudo?",Em quanto tempo é possível ver os resultados desses exercícios?,"É possível que eu tenha uma infecção, já que meu exame preventivo mostrou uma lesão grande há algum tempo?",Você fez ultrassom?,Você já fez o ultrassom em outro lugar?,O ultrassom transvaginal pode mostrar se há cisto ou ovário policístico?,,,,,,
13,155,"['cesárea', 'cicatriz', 'seroma', 'após', 'líquido', 'pontos', 'normal', 'saindo', 'cirurgia', 'cesariana']",Cicatrização e secreção após cesárea,Saída de líquido e cicatriz após cesárea,Seroma e dor na cicatriz da cesárea,"É normal, 20 dias após a cesárea, a região ficar muito endurecida, dolorida e inchada, mesmo com quase nada de drenagem?","É normal ainda não ter tirado os pontos da cesárea após 18 dias, porque a região estava inflamada?","É normal, após retirar os pontos da cesárea, continuar vazando líquido por 6 dias, sem dor, cheiro ou febre?",É normal sentir dor e dificuldade para andar 14 dias após uma cesárea?,"É normal, 20 dias após a cesárea, ainda estar saindo secreção e os pontos ainda não terem sido retirados por causa disso?",O inchaço nos pés aconteceu desse jeito mesmo?,Há risco de o seroma encapsular ou de ser necessário fazer punção?,Como fazer a massagem para aliviar a disquesia do bebê?,"Esse pedaço de linha branca na cicatriz pode ser um ponto saindo, uma parte da sutura que ainda não caiu ou um pelo nascendo e inflamando a cicatriz?",É normal a secreção do seroma ficar amarelada e com aspecto de gordura?,,,,,,
14,149,"['nidação', 'sangramento', 'menstruação', 'esse', 'sido', 'pode', 'dias', 'ser', 'leve', 'rosado']",Sangramento de nidação e menstruação,Nidação versus menstruação,Sangramento na nidação na gravidez,Um sangramento de dois dias pode ter sido sangramento de nidação em vez de menstruação?,Um sangramento leve que durou três dias pode ser nidação?,A nidação pode coincidir com o dia da menstruação?,A nidação pode acontecer muitos dias depois da data em que a menstruação deveria vir?,Um pequeno sangramento na calcinha pode ser nidação?,A cólica do bebê pode ter sido causada pela mistura de Neocate com Pregomin na mamadeira?,O espermatozoide dura cerca de três dias?,"Uma mulher de 54 anos, com miomas e coágulos de sangue na menstruação, pode engravidar?","O que pode ser um sangramento em cor de ""borra de café"" que aconteceu 16 dias antes da menstruação em uma mulher tentante há 1 ano?","Depois de o tampão sair pela manhã, é normal sentir apenas uma leve cólica, sem sangramento e sem rompimento da bolsa?",,,,,,
15,150,"['gêmeos', 'trigêmeos', 'bebês', 'são', 'gemelar', 'gêmeas', 'gestação', 'idênticos', 'arthur', 'sofia']",Gestação de gêmeos e trigêmeos,Gravidez gemelar e trigemelar,Gestação múltipla de gêmeos,"Há dois bebês na gestação, ou seja, são gêmeos?",Uma gravidez de dois bebês significa que são gêmeos?,A gestação é de apenas um bebê ou de gêmeos?,E se a gravidez for de gêmeos?,Será que a gravidez é de gêmeos?,Uma gestante que depende da moto como único meio de transporte e mora longe do trabalho pode andar de moto?,Gêmeos que nascem com diferença de 7 horas são univitelinos?,Arthur e Sophia são gêmeos?,Arthur e Sofia são gêmeos?,Arthur e Sofia eram gêmeos?,,,,,,
16,135,"['vacina', 'bronquiolite', 'contra', 'abrysvo', 'beyfortus', 'tomar', 'aplicada', 'vacinas', 'reação', 'covid']",Vacina contra bronquiolite na gestação e no bebê,Vacina RSV na gravidez e vacinação infantil,Abrysvo Beyfortus intervalos e indicações,"Se a mãe tomar a vacina durante a gestação, o bebê também deve tomar a vacina contra bronquiolite quando nascer?","Se a gestante tomar a vacina contra bronquiolite, qual deve ser o intervalo até o bebê ser vacinado?",É melhor tomar a vacina contra bronquiolite durante a gestação ou após o nascimento do bebê?,"Após o nascimento, a vacina já pode ser aplicada no bebê?","Depois que a bebê melhorar da bronquiolite, ela pode receber essa vacina?",Qual é o tempo de proteção da Beyfortus contra o vírus VSR?,Uma criança com síndrome de Down e deficiência de G6PD pode tomar dipirona?,Existem clínicas particulares de vacinação no Canadá?,"No Ontário, Canadá, a vacina contra bronquiolite só está sendo oferecida para bebês que nascem na temporada de bronquiolite?",A bebê ficou com a mãe após o nascimento ou foi levada para outro local?,,,,,,
17,167,"['amamentar', 'amamentação', 'peito', 'bico', 'seio', 'pega', 'silicone', 'correta', 'almofada', 'posição']",Amamentação com pega e posição,Pega do bebê e posição na amamentação,Dor no peito na amamentação,O uso de mamadeira pode prejudicar a amamentação?,O que fazer para o bebê pegar o peito durante a amamentação?,Como assim não pode amamentar dessa forma se essa é a técnica mais utilizada?,A amamentação costuma ser muito dolorosa?,Estou amamentando do jeito errado há três meses?,É possível amamentar o bebê com o carro em მოძრაობimento?,Essa seringa tem o bico duro?,"Na pega correta, o movimento deve ser de baixo para cima, e não o contrário?",Existem lasers para cicatrizar a aréola que cicatrizem na hora e realmente funcionem?,O que ele tem no peito?,,,,,,
18,134,"['diu', 'mirena', 'colocação', 'implanon', 'colocar', 'fio', 'machucar', 'pênis', 'lugar', 'inserção']",Colocação de DIU e implante,Inserção de DIU e implanon,Uso de DIU e implante contraceptivo,Qual é a vantagem de colocar o DIU?,Qual é a necessidade de colocar um DIU?,A colocação do DIU costuma ser um pouco desconfortável para a mulher?,Não é mais fácil usar camisinha em vez de colocar o DIU?,É necessário estar menstruada para colocar ou retirar o DIU?,Por que não colocar um na ponta da seringa?,É necessário colocar o bebê para arrotar?,O uso de uma cinta pode machucar ou piorar a ferida após a cesárea?,É preciso colocar alguma proteção na pontinha para não machucar o bebê?,Isso pode machucar o bebê?,,,,,,
19,185,"['cesárea', 'cesariana', 'indicações', 'parto', 'cesáreo', 'normal', 'quais', 'são', 'optar', 'as']",Indicações e escolha entre cesárea e parto normal,Indicações de cesárea e opção pelo parto normal,Quando fazer cesárea ou parto normal,Por que o parto acabou sendo cesáreo?,Quais são as reais indicações de cesárea?,É melhor o parto normal do que a cesárea?,Você pode comentar um pouco sobre o parto cesáreo?,O parto normal é realmente melhor do que a cesárea?,O corte da cesárea é realmente tão גדול?,"Vale mais a pena ter o filho fora do Brasil, considerando o valor de 19.800?","A RCP em gestantes é realizada depois que o bebê nasce ou ainda durante a gravidez, com o bebê na barriga?",O parto cesáreo impede a liberação desse hormônio?,Pessoas do Ceará nascem apenas por cesariana?,,,,,,
20,160,"['dentro', 'cordão', 'umbilical', 'útero', 'respira', 'barriga', 'amniótico', 'fica', 'bebê', 'líquido']",Rotina fetal no útero e cordão umbilical,Atividades do feto no útero e cordão umbilical,Como o feto vive no útero e cordão umbilical,Por que o bebê não fica de pé dentro do útero?,O bebê não se afoga dentro do útero durante a gestação?,O que o bebê fazia dentro da barriga durante a gestação?,Como o bebê fica dentro da barriga da mãe durante a gestação?,Como o bebê fica dentro da barriga na posição cefálica?,O que é esse cordão no pescoço dela?,Você colocou uma bola dentro da barriga?,"Esse cordão no pescoço era algo para aliviar a dor, como o que bebês usam?","Por que a água não entra no ouvido, no nariz e na boca do bebê que está dentro da bolsa amniótica?","Em gestantes que usam corticoide para amadurecer o pulmão do bebê, o surfactante é liberado mais cedo?",,,,,,
21,148,"['doença', 'rosto', 'tem', 'bochechinha', 'quantos', 'bebê', 'pezinho', 'aparência', 'verde', 'essa']",Doenças e exames do bebê,Problemas de saúde e exames infantis,Condições de saúde do recém-nascido,Por que esse bebê está assim?,O que é isso no bebê?,O bebê tem algum problema de saúde?,O que a pediatra da bebê orientou sobre isso?,O bebê é doente?,A dificuldade para ouvir pode estar relacionada à suspeita de síndrome genética deleção 1p36 da filha?,O nascimento de uma criança com doença congênita indica algum erro divino ou a inexistência de Deus?,Quantos anos a Izadora tem?,"O reteste da orelhinha, já agendado, pode ser feito em qualquer horário no Hospital Rio Solimões?",Quantos anos o Kaleb tem?,,,,,,
22,130,"['grávida', 'você', 'está', 'verdade', 'estava', 'vindo', 'esta', 'engravidou', 'grávidos', 'contou']",Confirmação de gravidez e sinais,Certeza sobre estar grávida,Suspeita e confirmação da gravidez,Você realmente está grávida?,Você está realmente grávida?,Será que você não está grávida?,Você já está grávida?,Você tem certeza de que está grávida?,Está vindo mais um bebê Martins?,"Quando o médico diz que o bebê é 90% menina, isso quer dizer que ainda existe 10% de chance de ser menino?",A criança tem culpa na situação da gravidez e do aborto?,Você está vomitando?,É normal sentir muito medo do parto normal na primeira gravidez?,,,,,,
23,129,"['quantos', 'meses', 'semanas', 'idade', 'última', 'gestacional', 'gestação', 'correspondem', 'contagem', 'data']",Idade gestacional em meses e semanas,Contagem da idade gestacional em semanas e meses,Correspondência entre meses e semanas de gestação,De quantos meses está a gravidez?,De quantos meses está a gestação?,De quantos meses de gravidez a gestante está?,Com quantos meses está a gravidez?,De quantas semanas está a gravidez?,Qual é a sua idade?,Quantos meses a Sofia tem?,Posso andar de moto com 22 semanas de gravidez?,Quantos meses a Sophia tem?,A partir de que idade gestacional a fisioterapia pélvica pode ser realizada?,,,,,,
24,158,"['embrião', 'feto', 'vida', 'considerado', 'vivo', 'humano', 'um', 'cauda', 'espermatozoide', 'humana']",Vida do embrião e do feto humano,Embrião e feto considerados seres vivos,Embrião e feto como vida humana,"Se o embrião está vivo, ele tem vida?",O embrião deixa de ser vida?,Um embrião é um bebê?,O embrião é um ser humano?,O embrião também era assim?,"Se o bebê for considerado irlandês, como é emitido o documento de nascimento?",É verdade que o bebê não é considerado irlandês se a mãe e o pai não forem irlandeses?,"Quando um adulto perde a atividade cerebral, os médicos chamam isso de morte cerebral?",O desejo de protagonismo no parto por parte das mulheres pode ser considerado narcisismo?,"Em uma fertilização in vitro (FIV), a contagem das semanas de gravidez começa 7 dias depois da transferência do embrião?",,,,,,
25,122,"['mei', 'auxílio', 'maternidade', 'direito', 'receber', 'pagar', 'salário', 'parcelas', 'quem', 'atrasadas']",Direitos do MEI ao salário maternidade,Quem é MEI tem direito ao salário-maternidade,Auxílio salário maternidade para MEI,Quem tem MEI tem direito ao auxílio-maternidade?,Pagar apenas o MEI garante direito ao auxílio-maternidade?,Quem é MEI também tem direito ao auxílio-maternidade?,Uma gestante com 32 semanas que abrir um MEI e contribuir duas vezes já terá direito ao auxílio-maternidade?,"Com 10 contribuições pagas ao MEI, mesmo sem completar 10 meses corridos, a gestante tem direito ao salário-maternidade?",Ainda há tempo para meu filho de 10 meses ficar superinteligente se eu comecei a dar iodo agora?,Há alguma tentante em 2025?,Alguém engravidou depois de a Olívia completar dois meses?,Por que tantas mulheres morreram durante o parto normal neste ano?,Existe alguma forma de fazer o quadril abrir durante o parto para evitar uma cesárea de última hora?,,,,,,
26,136,"['anos', 'aos', 'engravidar', '35', '44', 'mulher', '40', 'ainda', 'possível', 'endometriose']",Gravidez após os 35 anos,Possibilidade de engravidar após 35,Idade materna e chance de engravidar,Uma mulher de 36 anos ainda pode engravidar?,Aos 34 anos ainda é possível engravidar e levar a gestação adiante?,Uma mulher de 33 anos ainda pode engravidar?,"Com 42 anos, ainda consigo engravidar?","Com 50 anos, ainda é possível engravidar?",O que devo fazer diante do medo de tomar essa vitamina B12 injetável durante a gravidez?,"Com dois abortos seguidos, exames básicos de trombofilia normais e mais de 35 anos, seria prudente usar AAS?","Se mães com mais de 35 anos tiverem mais estresse e ansiedade na vida adulta, os filhos terão maior probabilidade de desenvolver ansiedade e estresse?",É humanamente impossível engravidar de gêmeos após endometriose grave?,Uma mulher de 43 anos com esclerose múltipla deve considerar engravidar?,,,,,,
27,148,"['parto', 'posição', 'durante', 'deitada', 'parir', 'médicos', 'trabalho', 'acontece', 'cabeça', 'mulheres']",Posições e dinâmica do parto,Mudança de posição no parto,Como acontece o parto durante o trabalho,"No parto, a mulher fica de cócoras em cima da cama?",Por que os médicos não oferecem essa opção na hora do parto?,O que acontece quando a mãe não entra em trabalho de parto?,Os médicos deveriam interferir no parto ou não?,Por que mudaram o método de parto que já dava certo?,Fazer apenas essa posição é suficiente ou é preciso fazer o exercício em outras posições também?,O que significa parir de costas?,O método Billings não seria melhor para a mulher para evitar essa invasão toda?,Por que os médicos não prescrevem iodo para gestantes?,É verdade que mulheres indígenas costumam parir de cócoras e que isso evita certas consequências comuns em mulheres do meio urbano?,,,,,,
28,130,"['olívia', 'nascer', 'vai', 'olivia', 'dia', 'fevereiro', 'janeiro', 'no', '29', '30']",Previsão de nascimento da Olívia,Quando a Olívia vai nascer,Data provável do parto da Olívia,A Olívia vai nascer no dia 30 ou 31 de janeiro?,A Olívia vai nascer no dia 30 de janeiro?,A Olívia vai nascer no dia 28 de janeiro?,A Olívia vai nascer no dia 27 de janeiro?,A Olívia vai nascer em 30 de janeiro?,A bebê Daya vai nascer na Coreia ou no Brasil?,"A Olívia vai nascer no aniversário da Jihyo do Twice, no início de fevereiro?",A bebê Daya vai nascer no Brasil?,Por que deixaram esse ser nascer?,Vai nascer um rato?,,,,,,
29,138,"['dormir', 'mamar', 'noite', 'peito', 'sono', 'acordar', 'rotina', 'bruços', 'pegar', 'dorme']",Rotina e sono do bebê ao mamar,Sono do bebê e amamentação,Rotina noturna do bebê no peito,O que posso fazer quando o bebê fica o tempo todo no peito e no colo?,O que posso fazer para meu bebê dormir a noite toda sem acordar na madrugada para mamar?,O que fazer quando o bebê dorme ou parece ter preguiça de mamar?,O que fazer quando o bebê começar a virar de bruços durante o sono?,O que fazer quando a bebê de 2 meses dorme no peito depois de cerca de 3 minutos e não mama direito?,A bebê Zöe chora?,A partir de quantos meses é possível սկսել a rotina de sono do bebê?,O fato de a pessoa querer ser mãe não explicaria por que ela não reclama do parto?,Quanto custa uma noite na maternidade São Luiz Star?,Quem disse que é melhor esperar a contração e deixar o bebê sair sozinho?,,,,,,
30,131,"['aborto', 'abortar', 'alguém', 'vida', 'pessoas', 'favor', 'coragem', 'matar', 'sobre', 'como']",Aborto como direito e vida,Aborto escolha e valor da vida,Aborto matar e direito de interromper,Como alguém pode ser a favor do aborto?,Como alguém ainda pode ser a favor do aborto?,Como pode haver pessoas a favor do aborto?,Como alguém pode achar que o aborto é um direito?,Como alguém tem coragem de abortar e dizer que não é vida?,Pessoas com tireoidite de Hashimoto podem engravidar?,O hipotireoidismo pode ter sido o motivo de os meus três filhos terem nascido prematuros?,A solução de Lugol deve ser a 5% na gravidez?,Como alguém pode chamar de parasita uma criança que ainda não sabe o que é o mundo?,Alguém pode me doar um carrinho de bebê?,,,,,,
31,127,"['sexo', 'menino', 'saber', 'menina', 'descobrir', 'sexagem', 'identificar', 'ultrassom', 'indica', 'do']",Descoberta do sexo fetal na gravidez,Identificação do sexo do bebê na gestação,Saber o sexo do bebê durante a gravidez,Ainda é possível saber o sexo do bebê com 3 meses de gravidez?,"Com cinco meses de gravidez, já é possível saber o sexo do bebê?","Para saber se o bebê é menina ou menino, é preciso fazer um ultrassom?",Já é possível saber se o bebê é menina ou menino?,Com 4 semanas de gravidez já é possível saber o sexo do bebê?,Como saber as taxas dos hospitais relacionadas ao parto?,Foi possível identificar o pico de ovulação com os testes?,"Depois de uma cesárea feita há 13 anos, ainda existe possibilidade de ruptura uterina?",Qual é o sexo dos meus irmãos?,Quem fez o cromossomo responsável por determinar o sexo do bebê?,,,,,,
32,116,"['creche', 'criança', 'meses', 'palavras', 'ano', 'colocar', 'fala', 'frases', 'falar', 'desenvolvimento']",Adaptação e desenvolvimento na creche,Colocar bebê na creche e desenvolver,Desenvolvimento infantil na creche,O que um bebê com 7 meses precisa conseguir fazer?,O que um bebê de 7 meses precisa conseguir fazer?,"É normal uma bebê de 6 meses ainda não responder, mas prestar atenção quando os adultos falam com ela?",Como foi esse período até os 11 meses de vida do bebê?,Você comentou esse comportamento da bebê com o pediatra?,Por que não colocar uma borracha na ponta da seringa para deixá-la menos dura?,"Como meu namorado fez vasectomia há três meses e ainda não fez espermograma, ainda há risco de gravidez?","O que fazer se minha filha não tem NISS, NIF nem utente em Portugal?",É muito perigoso engravidar após uma cesárea feita há 1 ano e 5 meses?,Por que vocês não voltaram para casa depois de colocar o miso?,,,,,,
33,143,"['menina', 'menino', 'será', 'tabela', 'bebê', 'ou', 'saber', 'chinesa', 'sexo', 'se']",Sexo do bebê e tabela chinesa,Saber se será menino ou menina,Menino ou menina na gravidez,O bebê pode ser menino ou menina?,Será que o bebê é menino ou menina?,Você sabe se o bebê é menina ou menino?,A bebê é menina ou menino?,O bebê será uma menina?,Como saber se o bebê está chorando muito e se está com febre?,"A música ""Eu e minha casa"" foi feita para descobrir o sexo do bebê ou para saber se eram dois bebês?",Como saber se o bebê está satisfeito ou com a barriga cheia após mamar?,"Por que, ao dizer que o bebê é menino, a minha probabilidade de acertar também é de 50%?",Há notícias sobre a grávida e o bebê?,,,,,,
34,110,"['katlen', 'ketlin', 'kat', 'ket', 'grávida', 'ketlen', 'novo', 'está', 'novamente', 'passar']",Estar grávida de novo,Ela está grávida novamente,Confirmar gravidez novamente,A Ketlin está grávida de verdade?,Será que a Katlen está grávida?,Ketlin está grávida de verdade?,Ketlen está grávida novamente?,A Katlen está grávida de verdade?,Quem diz que é melhor matar para não morrer de fome realmente pensa no que está dizendo?,Os testes juntos na caixinha podem se contaminar?,Vale a pena ter outro filho diante do risco de passar por um parto normal doloroso?,O que significa dizer que vai ter que passar por tudo isso de novo no parto?,"Se Ketlin estiver grávida, o Void é o pai do bebê?",,,,,,
35,108,"['estar', 'menstruação', 'menstruado', 'tendo', 'ausência', 'grávida', 'veio', 'indicar', 'mesmo', 'menstruar']",Possibilidade de gravidez com atraso menstrual,Suspeita de gravidez com menstruação ausente,Indícios de gravidez na ausência menstrual,É possível estar grávida mesmo tendo ficado um mês sem menstruar e depois ter vindo uma menstruação em pouca quantidade?,É possível estar grávida se a última menstruação foi em 10 de janeiro e não veio em fevereiro nem em março?,"Com a menstruação atrasada há um mês, posso estar grávida?","É possível estar grávida quando a menstruação já atrasou novamente, depois de no mês anterior ter descido com 7 dias de atraso?","Se a menstruação veio no dia 1º de setembro e até agora não desceu, posso estar grávida?",Posso estar grávida?,"Mesmo usando DIU e tendo menstruado duas vezes no mês, a dor na parte baixa da barriga e o inchaço podem ser sinal de gravidez?","Se, sete dias após a relação, o aumento e a sensibilidade nos seios da namorada podem ser sinais de gravidez?",Como diferenciar os sintomas de gravidez dos sintomas da menstruação e dos efeitos colaterais do anticoncepcional?,"Mesmo sem sintomas de menopausa e com ciclos sempre normais, a ausência da menstruação pode ainda ser sinal de gravidez?",,,,,,
36,132,"['dor', 'analgesia', 'parto', 'mulheres', 'epidural', 'dói', 'comparar', 'algumas', 'durante', 'normal']",Dor e analgesia no parto,Dor do parto e analgesia epidural,Dor no parto e analgesia durante o trabalho de parto,É comum não sentir tanta dor durante o parto?,A dor do parto é insuportável?,É verdade que a dor do parto é insuportável?,É normal não sentir dor durante o parto?,Esse tipo de parto sem dor é fácil assim para todas as mulheres?,O que devo fazer se estiver saindo da minha região íntima algo branco com aparência de sangramento arterial?,Essa dor é normal?,Você disse que isso funciona para todas as mulheres ou para a maioria delas?,As mulheres inférteis também agradecem?,Você é quem precisa sentir uma dor pior do que ser queimado vivo?,,,,,,
37,107,"['produção', 'materno', 'leite', 'aumentar', 'posso', 'minha', 'fórmula', 'suficiente', 'voltar', 'colostro']",Aumento da produção de leite materno,Como aumentar o leite materno,Produção suficiente de leite materno,Como posso aumentar minha produção de leite materno se tenho pouco leite e consigo amamentar pouco?,Como aumentar a produção de leite materno quando estou sem leite no peito?,Como posso aumentar a produção de leite materno?,Como posso aumentar a produção de leite materno para conseguir amamentar meu bebê até os 6 meses?,O que é bom para aumentar a produção de leite materno?,O líquido amniótico pode aumentar depois de ter caído para 8 com 18 semanas de gestação?,"O líquido amniótico de uma gestante com 18 semanas, que caiu para 8, pode aumentar novamente?","Seus seios não doeram, mas pareceram aumentar um pouco e ficar mais moles?",A ausência desse hormônio significa que as mães não amam o bebê ou que o vínculo com ele fica mais fraco?,"Uma gestante de 40 semanas, com hipoplasia mamária e SOP, pode estimular a saída de colostro com a bomba?",,,,,,
38,89,"['alparone', 'giovanna', 'grávida', 'está', 'quem', 'pai', 'real', 'verdade', 'informação', 'falsa']",Gravidez atribuída a Giovanna Alparone,Notícia de gravidez de Giovanna Alparone,Afirmação de gravidez de Giovanna Alparone,É verdade que Giovanna Alparone está grávida?,A Giovanna Alparone está grávida de verdade?,É real que Giovanna Alparone está grávida?,Giovanna Alparone está grávida mesmo?,É verdade que a Giovanna Alparone está grávida?,"Qual é o valor real da maternidade São Luiz Star, já que o custo não seria de apenas 19 mil reais?",Ela está grávida mesmo com apenas 15 anos?,Como você engravidou tão rápido?,Ela está grávida mesmo sendo adolescente?,A barriga mostrada por Giovanna Alparone é real ou de silicone?,,,,,,
39,111,"['bomba', 'tirar', 'leite', 'elétrica', 'bombinha', 'minutos', 'sucção', 'resolver', 'extrair', 'extratora']",Uso e funcionamento de bomba de leite,Dificuldade na extração com bomba tira-leite,Carregamento e sucção da bomba elétrica,Como carregar a bombinha de tirar leite?,Por que a bomba de leite está retirando bem pouco leite?,O que estava acontecendo com a sua bomba elétrica de tirar leite quando ela também não fazia sucção?,"Como usar a bombinha de tirar leite para conseguir extrair leite, se ao usar não sai nada?",Estou usando a bomba de extração de leite de forma errada?,Um bebê de 4 meses com hérnia já foi levado ao médico para avaliar a melhor forma de resolver o problema?,"Depois, os 5 minutos devem ser divididos em 5 minutos em um seio e 5 minutos no outro?",Esse silicone libera algum material tóxico durante a esterilização?,Demorou cerca de quantos minutos para a tremedeira se estabilizar após o parto?,Esse silicone libera toxinas?,,,,,,
40,103,"['sentir', 'enjoos', 'enjoo', 'normal', 'início', 'gravidez', 'dor', 'ventre', 'azia', 'cólicas']",Enjoo e desconforto no início da gravidez,Náuseas e mal-estar na gestação inicial,Enjoo e sintomas gástricos na gravidez,"É normal parar de sentir dor com seis semanas de gravidez, estando com sete semanas?",É normal que os enjoos no início da gravidez impeçam de comer?,É normal sentir mais sofrimento nesta gravidez do que na primeira gravidez?,"É normal não sentir cólicas nesta quarta gravidez, como aconteceu nas gestações anteriores?","Na gravidez de 5 semanas, é normal sentir tanta dor a ponto de quase não conseguir caminhar e ter dificuldade para defecar?",É comum sentir enjoo ao usar o Junno?,"Como aliviar as cólicas da minha bebê, sendo esta a minha primeira filha?","Se o bebê vomitar de barriga para baixo, o líquido consegue sair?",Você está sentindo enjoo?,"É normal estar há 3 dias saindo muco, com dores no baixo ventre e sem dilatação?",,,,,,
41,98,"['chá', 'gestantes', 'tomar', 'consumir', 'café', 'podem', 'consumo', 'orégano', 'canela', 'limão']",Consumo de chás e temperos na gestação,Chás e temperos durante a gravidez,Aptidão de chás e especiarias na gestação,Quais chás uma gestante pode tomar?,Quais chás estão sendo tomados durante a gravidez?,Gestantes podem tomar chá de hortelã?,Gestantes podem tomar chá de erva-doce?,"Durante o primeiro mês de gravidez, pode-se tomar chá?",Quem tem H. pylori pode tomar VT K10?,"O que o Timmy tem para precisar tomar remédio e consumir leite, manteiga e pão especiais?","Quando o doutor fala em mate, ele se refere ao chimarrão ou ao chá-mate?",Um bebê de 1 mês pode tomar água após as mamadas?,"Depois do parto, a mulher pode ir à piscina?",,,,,,
42,88,"['tia', 'sara', 'mariana', 'grávida', 'bia', 'está', 'verdade', 'sarah', 'thally', 'sofia']",confirmação da gravidez,é verdade que está grávida,declaração de gravidez verdadeira,A Tia Sara está grávida de verdade?,A tia Sara está realmente grávida?,Tia Sara está grávida de verdade?,A tia Sara está grávida mesmo?,A tia Sara está grávida novamente?,"Qual foi a causa da morte da Sofia, filha da cantora Lexa?",Onde Ana Hickmann disse que estava grávida?,A Isabel pretende ter mais filhos?,Por que a senhora decidiu engravidar depois da Natália Valente?,Por que as coisas são só para a Sara e não para o Timi?,,,,,,
43,152,"['negativo', 'atraso', 'menstrual', 'teste', 'negativos', 'testes', 'estar', 'atrasada', 'farmácia', 'mesmo']",Gravidez com teste negativo e atraso menstrual,Possibilidade de gravidez com atraso menstrual,Teste negativo na gravidez com atraso menstrual,É possível estar grávida mesmo com 18 dias de atraso menstrual e teste de gravidez negativo?,"É possível estar grávida com a menstruação atrasada há um mês, mesmo com teste de gravidez negativo?",É possível estar grávida mesmo com 13 dias de atraso menstrual e teste de gravidez negativo?,É possível estar grávida mesmo com a menstruação atrasada há 1 mês e 14 dias e com teste de gravidez negativo?,É possível estar grávida mesmo com o teste de gravidez negativo e a menstruação atrasada?,Houve atraso menstrual antes do sangramento?,"É normal ter seios doloridos, escurecidos e com veias dilatadas depois do ciclo menstrual, mesmo após cinco testes de gravidez negativos?",Esse teste pode ser feito perto da menstruação ou faltando 10 dias para ela descer?,Com quantos dias de gravidez ou de atraso menstrual esse teste foi feito?,"Com 10 dias de atraso menstrual, cansaço, sono e urina frequente, isso pode ser gravidez ou menopausa, mesmo tendo miomas?",,,,,,
44,102,"['placenta', 'remoção', 'mão', 'remover', 'manual', 'retirada', 'braço', 'anestesia', 'poderia', 'vagina']",Remoção manual da placenta,Retirada manual da placenta,Remoção da placenta por mão,A remoção da placenta é feita com a mulher ainda viva?,A placenta deve ser retirada logo após o nascimento do bebê?,A remoção da placenta é feita para evitar que a mulher morra?,O cirurgião realmente coloca a mão dentro do útero para remover a placenta?,Para que serve a remoção da placenta?,O que é a substância que ele passa no rosto quando você coloca isso na mão dele?,Uma mulher com esse quadro poderia morrer em casa?,Por que as crianças não gostam de ficar com o braço coberto e o descobrem mesmo depois de serem cobertas várias vezes?,Ela poderia ter chamado uma ambulância para levá-la a um hospital?,Estão ignorando o fato de que a própria mulher pode morrer?,,,,,,
45,87,"['sus', 'pelo', 'natal', 'pré', 'realizado', 'analgesia', 'escolha', 'lei', 'gestante', 'escolher']",Direito de escolha no parto pelo SUS,Escolha do tipo de parto no SUS,Direitos da gestante no SUS parto,"No SUS, a gestante tem essa opção de escolha em relação ao parto?","É possível escolher o tipo de parto, como a cesárea, pelo SUS?",O que é preciso fazer para conseguir uma cesariana por escolha pelo SUS?,"No SUS, a gestante pode escolher a posição em que vai parir?","É verdade que, mesmo com a lei da cesariana, é obrigatório ter parto normal pelo SUS?",Uma criança diagnosticada com doença falciforme tem direito à vacina pelo SUS?,"Em uma gestante de 34 anos, com 35 semanas de gestação, dor abdominal intensa, sangramento escuro, hipertensão no pré-natal e tônus uterino aumentado, qual é a principal hipótese diagnóstica?",Existe algum médico em Bauru/SP que atenda pelo Bradesco Saúde e faça pré-natal?,Existe risco de a gestante ficar deficiente se se mexer durante a raqui anestesia?,"Se meu endereço foi atualizado e não aparece mais como Nova Iguaçu, ainda vou encontrar essa barreira para marcar as consultas e exames do pré-natal no SUS?",,,,,,
46,125,"['filho', 'outro', 'vocês', 'vão', 'ter', 'quer', 'filhos', 'você', 'segundo', 'vai']",Planejamento de ter mais um filho,Intenção de ter outro filho,Tentativa de ter novo bebê,Você vai ter mais um filho?,Você vai ter outro filho?,Você pode ter outro filho?,A pessoa planeja ter mais um filho?,Você vai ter outro bebê?,"Se a mãe é A+ e o pai é B+, com filhos B+, isso pode causar icterícia no feto?",O iodo vencido pode ser administrado ao meu filho?,Esses pontinhos abertos após a cesárea vão fechar sozinhos?,Uma mulher que nunca teve filho pode ter mastite?,É possível cuidar de uma criança autista de 4 anos e de um bebê ao mesmo tempo ao ter outro filho?,,,,,,
47,96,"['oxigênio', 'respirar', 'procedimento', 'luvas', 'rápido', 'sonda', 'precisar', 'esse', 'uti', 'tão']",Oxigênio e suporte respiratório neonatal,Uso de oxigênio em UTI neonatal,Respiração assistida em UTI neonatal,O bebê consegue respirar naturalmente?,O bebê já deixou de usar oxigênio?,Por que o bebê ainda está usando oxigênio?,Por que não tiram um pouco para o bebê respirar?,Por que o bebê ainda está precisando de oxigênio?,"A respiração da florzinha foi feita até a fase expulsiva e, no expulsivo, foi feita a respiração em J?","Toda mãe é assim, de achar que, se tivesse um filho, seria como uma gravidez na adolescência?",O que é sepse neonatal?,Como é feito o tratamento da sepse neonatal?,O que você fez durante a gravidez para ser assim e dilatar tão rápido sem sentir nada?,,,,,,
48,89,"['falsa', 'barriga', 'mostrada', 'parece', 'mentira', 'vídeo', 'dela', 'verdade', 'verdadeira', 'essa']",Barriga falsa ou verdadeira,Barriga mostrada verdadeira,Barriga de mentira ou real,A barriga mostrada é falsa ou de verdade?,A barriga mostrada é falsa?,A barriga mostrada é falsa ou é de verdade?,A barriga mostrada é de verdade ou é falsa?,A barriga é falsa?,"Por que a fertilização in vitro com óvulos doados é considerada loucura, se isso parece algo tão natural e normal?",A violência obstétrica de empurrar a barriga pode quebrar a clavícula do bebê?,O bebê tem as mesmas capacidades sensoriais de quando estava na barriga?,Este vídeo mostra como é um parto cesárea?,Você pode gravar um vídeo falando sobre amamentação?,,,,,,
49,86,"['vitamina', 'b12', 'gotas', 'ui', 'd3', 'k2', 'crianças', 'dar', 'vitaminas', 'dose']",Suplementação de vitaminas em crianças,Doses de vitaminas para crianças,Uso de vitaminas e suplementação infantil,Qual é a quantidade de vitamina D indicada para uma menina de 3 anos?,Qual é a dose de vitamina D para meu filho de 10 anos?,O que acontece se eu der mais de uma gota de vitamina D ao meu filho apenas uma vez; isso faz mal?,Posso dar 2.000 UI de vitamina D três vezes por semana para a criança?,Dar 2 gotas de vitamina D no lugar de 1 faz mal para a criança?,Quantas crianças já foram assassinadas pelos próprios genitores porque não eram desejadas?,O Noa toma a vitamina Apevitim?,O ar-condicionado faz mal para uma criança de 4 anos que está gripada e com tosse com secreção?,"Posso tomar vitamina B12 com 35 semanas de gestação, tendo B12 de 175 e sintomas como fraqueza, formigamentos e cansaço extremo?",O que posso dar para a Maia dormir?,,,,,,
50,84,"['peso', 'kg', 'mensagem', 'pesar', 'levar', 'quilos', 'nasceu', 'pesagem', 'medir', 'vacinar']",Pesagem e medida do bebê,Peso e tamanho do recém-nascido,Acompanhamento do peso infantil,Quantos quilos o bebê pesava?,Qual foi o peso da bebê ao nascer?,Com quantos quilos o bebê nasceu?,Com quantos quilos a bebê nasceu?,Com que tamanho e peso o bebê nasceu?,Por que recebi essa mensagem se já fui duas vezes neste semestre ao posto para fazer a pesagem?,O fato de meu marido ser Rh negativo pode explicar a diferença entre mim e minha filha?,"Por que a mensagem para levar as crianças para vacinar, pesar e medir apareceu novamente se eu já fiz a pesagem no posto e meu benefício está liberado?","Como o livro de marcação pode já ter acabado se a mensagem para levar as crianças para vacinar, pesar e medir chegou este mês?",Quanto pesa um potro nessa fase da gestação?,,,,,,
51,100,"['tudo', 'certo', 'parto', 'deu', 'bem', 'ocorreu', 'acompanhante', 'foi', 'ela', 'conseguiu']",Como foi o parto normal,Parto normal ocorreu bem,Evolução do parto normal,O parto foi normal?,O médico chegou a concluir o parto?,O parto foi feito para dar certo?,Foi um parto normal?,O parto ocorreu tudo certo?,Uma morte causada por broncoaspiração pode ser registrada como morte natural?,Qual é a evolução dele na UTI?,A fratura de clavícula do bebê durante o parto pode ter sido causada por erro médico?,Os bebês entendem tudo?,"O que você está testemunhando quer dizer que está tudo bem meninas engravidarem à vontade, como se isso não desse errado?",,,,,,
52,86,"['eclâmpsia', 'pressão', 'pré', 'arterial', 'alta', 'risco', 'parceiro', 'afetar', 'baixa', 'hellp']",Pré-eclâmpsia e pressão arterial na gravidez,Risco de pré-eclâmpsia e pressão alta,Sinais e manejo da pré-eclâmpsia,É possível evitar a pré-eclâmpsia que pode aparecer a partir de 20 semanas de gravidez?,Você sabe o que pode ter causado essa pressão alta durante a gravidez?,Quais dicas ou cuidados devo ter nesta nova gravidez após ter tido pré-eclâmpsia grave na gestação anterior?,É possível ter pré-eclâmpsia mesmo quando a pressão está sempre normal nas consultas de pré-natal?,O que fazer em caso de pré-eclâmpsia tardia na gestação?,"Pressão baixa por si só pode ser fator de risco para arritmia, ou não tem relação com isso?",O lúpus sistêmico já existia e só se manifestou no período pós-parto por causa do estresse?,A icterícia ao nascer pode afetar o resultado do teste do olhinho?,A pressão arterial estabilizou depois da síndrome de HELLP?,A pressão dela está normal?,,,,,,
53,87,"['plano', 'saúde', 'carência', 'convênio', 'reembolso', 'cobre', 'cobertura', 'parto', 'contratar', 'custos']",Cobertura do plano no parto,Carência e cobertura obstétrica no parto,Reembolso e cobertura do parto,Existe um plano de saúde apenas para o parto?,O parto pode ser feito pelo plano de saúde da empresa?,O que fazer quando o plano de saúde disponibiliza apenas um hospital para realizar o parto?,Como devo proceder para manter o plano de saúde até o parto?,Há indicação de algum plano de saúde sem carência para parto?,O convênio cobre esse procedimento?,"É importante fazer exames de tireoide, como TSH e T4 livre, e exames de trombofilia para verificar se há algum problema que precise ser corrigido nesta gestação?",Devo continuar levando meu bebê ao pediatra particular ou fazer o acompanhamento apenas no Posto de Saúde da Família do meu bairro?,Quando irão humanizar o trabalho de parto e a saúde feminina?,Ela atende pelo plano de saúde?,,,,,,
54,100,"['família', 'bolsa', 'recebe', 'vacinar', 'benefício', 'pesar', 'posto', 'medir', 'perde', 'quem']",Bolsa Família e auxílio-maternidade,Bolsa Família e salário-maternidade,Bolsa Família e licença-maternidade,Receber Bolsa Família pode atrapalhar o recebimento do salário-maternidade?,"Ao solicitar o auxílio-maternidade, a pessoa perde o Bolsa Família?",Quem recebe Bolsa Família pode receber auxílio-maternidade?,Quem recebe Bolsa Família pode pedir salário-maternidade?,Quem recebe Bolsa Família tem direito ao auxílio-maternidade?,A embolização das veias uterinas pode atrapalhar o sucesso da FIV?,Varizes também podem prejudicar os cabelos por causa da má circulação?,O fato de a herpes genital de repetição não melhorar com aciclovir pode atrapalhar a tentativa de engravidar por fertilização?,É possível comprar a pecinha interna que perde a pressão?,O uso de Vitacid por muitos anos pode atrapalhar a gravidez?,,,,,,
55,109,"['pai', 'homem', 'quem', 'onde', 'filho', 'criança', 'dos', 'será', 'bebês', 'do']",identificação do pai do bebê,quem é o pai do bebê,paternidade do bebê,Quem é o pai do bebê?,Quem foi o pai do bebê?,De quem é o pai do bebê?,Quem é o pai da criança?,Será que ele é o pai do bebê?,Como diferenciar restos ovulares de MAV em uma paciente sem história clínica de gestação?,É possível uma mãe A+ e um pai O+ terem uma criança AB+?,"Se a mãe e o filho são B positivo, quais podem ser o tipo sanguíneo e o fator Rh do pai?",Um bebê sabe que precisa parar para respirar enquanto toma leite?,Será que o Void vai ser pai novamente?,,,,,,
56,83,"['mala', 'levar', 'roupa', 'roupas', 'tamanho', 'maternidade', 'hospital', 'rn', 'itens', 'coisas']",Mala maternidade para o hospital,Itens da mala maternidade hospital,O que levar na mala da maternidade,O que é preciso levar na mala maternidade do bebê?,A mala da maternidade deve ser a da mãe ou a do bebê?,O lencinho foi incluído na mala da maternidade?,"Também é necessário levar coisas para a mãe na maternidade, além das do bebê?",Você colocou a manta na mala da maternidade?,"Na Holanda, é obrigatório ter a enfermeira que acompanha a mãe depois da saída do hospital?","Você colocou o espermatozoide dentro dela, pai da Mia?",Qual é o tamanho dessa mala e ela suporta 10 quilos?,Elas precisam dividir alguma coisa?,Você pode fazer uma lista de roupas de 0 a 3 meses com as quantidades que considera ideais?,,,,,,
57,69,"['emily', 'vick', 'emilly', 'grávida', 'está', 'verdade', 'sarah', 'realmente', 'brincadeira', 'verdadeira']",Emily e gravidez confirmada,Emily Vick e gravidez verdadeira,Emily grávida em questão real,A Emilly está grávida?,Emily está grávida de verdade?,A Emily está realmente grávida?,É verdade que Emily está grávida?,A Emeli está grávida?,"Como a criança vai ficar 16 horas sem comida quando for para a creche ou a escola, e o que pode ser feito?",O vérnix realmente tirava as rugas do bebê?,Brenda_advogada está grávida?,Funk está grávida?,Kaleb está grávido?,,,,,,
58,73,"['cálcio', 'magnésio', 'suplementação', 'tomar', 'deve', 'tomado', 'tipo', 'eclâmpsia', 'gestação', 'pré']",Suplementação de cálcio e magnésio na gestação,Uso de cálcio e magnésio na gravidez,Suplementos de cálcio e magnésio na gravidez,A gestante deve tomar cálcio durante a gestação?,"Na gravidez, é certo tomar cálcio ou suplementação de cálcio?",É necessário tomar cálcio durante a gestação?,"Na gravidez, o cálcio deve ser tomado ou não serve para nada?",É necessário tomar suplementação de cálcio durante a gravidez quando a médica do pré-natal a indica?,Uma criança com deficiência de G6PD pode tomar outro tipo de medicamento para vermes?,Qual é o melhor horário para avaliar a temperatura corporal?,Como uma gestante em Moçambique pode adquirir cálcio?,O Clomid deve ser tomado durante a menstruação ou após ela?,"Como posso tomar o comprimido de cálcio, se ele é muito grande e eu não consigo engolir?",,,,,,
59,90,"['teste', 'positivo', 'deu', 'resultado', 'falso', 'negativo', 'testes', 'digital', 'gravidez', 'exame']",Resultado de teste de gravidez,Interpretação do teste de gravidez,Confiabilidade do teste de gravidez,Será que o teste de gravidez deu positivo?,Como ficou o resultado do teste de gravidez?,Qual foi o resultado do teste de gravidez?,Qual teste de gravidez foi feito?,O resultado do teste de gravidez deu positivo?,O diagnóstico de deficiência de G6PD feito depois pode ter sido um falso positivo?,"Por que eu fiquei com o peito roxo e sem respirar quando minha mãe me deu leite no hospital, ainda bebê?",Como foi o resultado do teste do suor do seu filho?,Qual é a média de valores dos testes particulares para HPV?,"Como posso saber se ovulei tomando clomifeno, se ele pode causar falso positivo no teste de ovulação?",,,,,,
60,65,"['barriga', 'kg', 'dura', 'crescer', 'endurecer', 'normal', 'gestante', 'cresceu', 'engordar', 'mole']",Barriga não cresce na gestação,Barriga pequena na gravidez,Pouco crescimento da barriga gestante,A barriga não cresceu durante os primeiros meses da gravidez?,É normal a barriga de uma gestante não crescer?,É normal que a barriga de uma gestante não seja tão grande?,É normal a barriga de uma gestante ter esse tamanho com apenas 4 meses de gravidez?,É normal estar com cinco meses de gravidez e a barriga ainda ser bem pequena?,"O que pode ser quando um bebê de 3 meses fica com a barriga grande, dura e inchada e não evacua todos os dias?",Por que a barriga de uma gestante está muito branca se o restante da pele dela não é tão branco?,"O que pode ser quando o bebê fica se contorcendo, com a barriga dura e golfando?",Alguém já viu a barriga da gestante?,Por que algumas barrigas de gestantes apresentam uma linha marrom vertical?,,,,,,
61,62,"['laqueadura', 'tubária', 'feito', 'há', 'tendo', 'fazer', 'mesmo', 'anos', 'feita', 'fez']",Falha da laqueadura e gravidez,Possibilidade de gravidez após laqueadura,Risco de gestação após laqueadura tubária,É possível estar grávida mesmo tendo feito laqueadura?,É possível estar grávida mesmo tendo feito laqueadura há 4 anos?,Quem fez laqueadura há 11 anos ainda pode engravidar?,Uma mulher com laqueadura ou “ligada” ainda tem possibilidade de engravidar?,"Depois de 11 anos de laqueadura, ainda há possibilidade de engravidar?",É possível fazer uma cesárea para não ficar com marca na hora do parto?,"É necessário fazer o toque vaginal com 38 semanas para verificar se o bebê está querendo nascer, mesmo quando a gestante vai fazer cesárea com laqueadura?","Por que, após um parto normal, a laqueadura precisou ser feita com incisão como a de cesárea e não pôde ser realizada por videolaparoscopia, porque o útero estava muito dilatado?",Como seria a realização da laqueadura tubária no parto normal para uma mulher com problema cardíaco e marca-passo?,Como posso desfazer a laqueadura?,,,,,,
62,80,"['sangramento', 'marrom', 'borra', 'início', 'café', 'semanas', 'coágulos', 'gravidez', 'cólicas', 'coágulo']",Sangramento no início da gravidez,Sangramento inicial na gestação,Sangramento precoce na gravidez,O sangramento no início da gravidez pode indicar algum problema?,"Na gravidez de 6 semanas, é normal ter sangramento marrom com coágulo e estar tudo bem?",É normal sair um pouco de sangue durante a gravidez?,"É normal que, nesta gravidez, o sangramento dure 7 dias, sendo diferente da gravidez anterior, em que durou apenas 1 dia?",É normal que tenha ocorrido um pouco de sangramento no começo da gravidez e depois tenha parado?,Havia saco gestacional antes do sangramento?,É normal que esse coágulo ou pedaço de sangue saia um pouco maior que um ovo?,"O que pode ter acontecido para o embrião ter parado de evoluir e não apresentar batimentos, após um sangramento tipo borra de café e a perda do bebê?","O que pode ser um sangramento marrom, tipo borra de café, que durou vários dias, depois ficou forte, com muitas cólicas e com uma dor diferente das cólicas habituais?","O que pode ser um sangramento em borra de café que dura três dias, com leves cólicas no primeiro dia e sem outros sintomas?",,,,,,
63,91,"['dilatação', 'cm', 'colo', 'trabalho', 'centímetros', 'útero', 'parto', '10', 'dilatar', 'chega']",dilatação do colo no trabalho de parto,evolução da dilatação no parto,quanto dilata o colo uterino,10 centímetros de dilatação no parto é pouco?,"Por que, ao chegar à maternidade com 10 cm de dilatação, o parto não foi normal?",A dilatação no parto vai até 10 centímetros?,Como é a dilatação no parto?,Geralmente as gestantes chegam ao trabalho de parto com apenas 3 cm de dilatação?,O sinal de Bandl associado à bradicardia fetal em uma mulher em trabalho de parto está associado a qual quadro?,"Por que a minha dilatação não evoluiu além de 3 cm, mesmo eu fazendo tudo o que vejo na internet?",Quantos centímetros de dilatação a mãe do MegaMente teve no parto?,Como é possível dilatar até 8 cm sem sentir dor?,Em quantos dias a dilatação pode acontecer?,,,,,,
64,96,"['filhos', 'condições', 'mundo', 'filho', 'criar', 'ter', 'têm', 'cuidar', 'mulheres', 'sofrer']",Ter filhos apesar de falta de condições,Ter filhos sem condições de cuidar,Gravidez e maternidade com dificuldades,Por que alguém tem filho se não tem condições de criá-lo?,Por que alguém que não tem condições de ter filhos os coloca no mundo?,Por que algumas mulheres continuam tendo mais filhos mesmo dizendo que dói?,Por que uma mulher sem condições de cuidar de si mesma está tendo filhos?,Você ainda pode ter filhos?,Os outros filhos mais velhos de uma criança diagnosticada com deficiência de G6PD também podem ter a deficiência?,Pais mais velhos têm maior probabilidade de ter filhos com autismo?,"A dor de um peito empedrado também prepara para qualquer coisa na vida e no mundo, independentemente de cesárea ou parto normal?",É possível ter um filho mesmo tendo episódios de crise de pânico e medo de sofrer ataques de pânico durante a jornada da maternidade?,Quantas crianças estão morando na rua sem ter o que comer?,,,,,,
65,63,"['barriga', 'falsa', 'mostrada', 'mentira', 'tamanho', 'grande', 'real', 'essa', 'verdadeira', 'desse']",Barriga falsa na gravidez,Gravidez verdadeira ou barriga falsa,Barriga de grávida verdadeira,É uma barriga falsa ou uma gravidez de verdade?,A barriga mostrada é de mentira ou a gravidez é verdadeira?,A barriga de grávida mostrada é de mentira?,A barriga é falsa ou a gravidez é real?,Essa barriga de gravidez é de mentira?,"Quando a pessoa fica de lado e a barriga parece puxada, isso indica que ela não está grávida, mas que está usando uma prótese de barriga de grávida?",Por que você estava com a barriga grande durante o parto do Davi?,A gestação mostrada é de uma mulher grávida ou de um elefante?,Por que algumas pessoas se arriscam a engravidar?,Por que não tem como filmar dentro da barriga?,,,,,,
66,89,"['prematuro', 'nasceu', 'quantas', 'semanas', 'nasce', 'ocorreu', 'complicações', 'gestação', 'sete', 'meses']",Idade gestacional e nascimento prematuro,Semanas de gestação do parto prematuro,Nascimento do bebê e idade gestacional,O bebê nasceu com sete meses de gestação?,É possível ter nascido com sete meses de gestação?,Com quantas semanas de gravidez foi realizado o parto?,Com quantas semanas de gestação o bebê nasceu?,Com quantos meses de gestação a bebê nasceu?,O Levi já nasceu?,A Zöe já nasceu?,A Elisa já nasceu?,Qual é o efeito da campanha Novembro Roxo na prevenção do parto prematuro se faltam recursos para a saúde?,A Sofia já nasceu?,,,,,,
67,75,"['aborto', 'retido', 'espontâneo', 'curetagem', 'boldo', 'expelir', 'perda', 'abortamento', 'tomou', 'abortar']",Aborto retido e abortamento espontâneo,Abortamento retido e perdas espontâneas,Aborto retido e perda gestacional espontânea,Você fez exames para saber a causa do aborto?,É possível abortar antes de 7 semanas de gestação?,Você fez curetagem após o aborto?,"Com 4 semanas de gestação, será necessário fazer um procedimento ou apenas tomar medicamentos para o aborto?",Até quanto tempo é possível abortar?,Os cuidados com medicamentos são suficientes para um bebê diagnosticado com G6PD?,"Por que Deus permitiu a perda de um bebê na gestação, se a pessoa acredita em Deus?",Existe alguma relação entre quase ter sofrido um aborto na gravidez e a criança nascer com autismo?,O TSH acima de 14 no primeiro aborto espontâneo e quase 5 no segundo pode ter relação com os abortos espontâneos da filha?,"No caso de Streptococcus positivo na gravidez, você tomou antibiótico antes do parto ou somente durante o parto?",,,,,,
68,79,"['sentir', 'urinar', 'dor', 'muita', 'normal', 'costas', 'andar', 'pé', 'vontade', 'semanas']",Dores na coluna e na pelve na gravidez,Dor lombar e pélvica na gestação,Pressão pélvica e dor nas costas na gravidez,"É normal, com 4 meses de gestação, travar e sentir dor na região entre as nádegas a ponto de não conseguir andar?","É normal, com 31 semanas de gravidez, sentir muita dor nas costas, dor na virilha, contrações todos os dias e urinar muitas vezes?","Na gravidez de 7 meses, é normal sentir cólicas por um instante, endurecimento da barriga e vontade de urinar quase o tempo todo?","É normal estar com 38 semanas de gravidez sem sentir dores, apenas sono excessivo e fome?",É normal sentir muita dor pélvica com 28 semanas e 3 dias de gestação?,"É normal sentir dor na região do períneo dois meses após uma laceração de grau 3, principalmente depois de evacuar?",O que pode ser um muco tipo catarro com um pouco de sangue e cólicas nas costas e no pé da barriga em uma mulher laqueada há 1 ano?,"O que significa ""pé da barriga""?",Um bebê de 23 dias que mama toda hora e nunca fica satisfeito pode estar perdendo peso por falta de leite materno?,"O que devo fazer se meu filho tem dor no umbigo, não consegue urinar, andar ou levantar, e os exames não mostram nada?",,,,,,
69,74,"['davi', 'irmão', 'irmãozinho', 'davizinho', 'ganhar', 'irmãzinha', 'irmã', 'vai', 'clarinha', 'vir']",Próximo irmão ou irmã na gravidez,Nascer novo irmão para o filho,Possibilidade de novo bebê na família,O Davi vai ganhar uma irmãzinha?,Davizinho vai ter uma irmã ou um irmão?,O Davi vai ganhar um irmãozinho?,Davi vai ganhar um irmãozinho?,O Davizinho vai ter uma irmãzinha ou um irmãozinho?,Vai ter vlogs do parto?,Tem como evitar a colestase gestacional em uma nova gravidez?,Como evitar que o bebê pegue gripe quando tem um irmão mais velho que vai para a escola?,Em 2026 a Jade vai vir?,"Se meu irmão tivesse sido fruto de um nascimento não desejado, ele gostaria de morrer?",,,,,,
70,61,"['suplemento', 'vitamina', 'suplementos', 'vitaminas', 'tomar', 'ômega', 'suplementação', 'diminuir', '000', 'pré']",Suplementação de vitaminas na gestação,Uso de vitaminas e suplementos na gravidez,Suplementos vitamínicos durante a gravidez,Qual suplemento vitamínico para gestante está sendo usado na gravidez?,"Na gestação, os suplementos mencionados devem ser tomados antes da refeição?",Qual suplemento a gestante tomou durante a gravidez?,Essas vitaminas precisam ser tomadas durante toda a gravidez?,"Quando a mulher engravida, é preciso parar de tomar esses suplementos?",Uma criança com deficiência de G6PD pode tomar albendazol?,Quais suplementos são específicos para quem está em tratamento de FIV?,"O Regenesis Premium deve ser tomado em uma cápsula por dia ou em duas cápsulas, se a médica orientou tomar um após o almoço?",Quem tem pedra na vesícula pode tomar ômega 3 na suplementação antes de engravidar?,"Ômega 3, atividade física e coenzima Q10 também podem ajudar a diminuir o risco de pré-eclâmpsia?",,,,,,
71,71,"['pós', 'após', 'hemorragia', 'parto', 'hemorroidas', 'pontos', 'sexual', 'sangramento', 'parou', 'normal']",Sangramento e dor no pós-parto,Sangramento no pós-parto e recuperação,Sangramento pós-parto e retorno sexual,É normal ficar sangrando após um parto natural?,O sangramento pós-parto já parou?,O sangramento no pós-parto também parou?,O sangramento após o parto parou?,É normal sangrar em alguns dias e em outros não após o parto?,É normal não ver melhora no amarelão de um bebê de um mês após cinco dias de banho com chá de picão misturado na água?,Uma comida congelada para o pós-parto pode ficar congelada por mais de 30 dias?,"Mesmo sem útero, a endometriose pode ter voltado?",O sangramento parou após a aspiração com AMIU?,O creme de promestrieno pode ajudar no início da incontinência urinária depois de dois partos normais e com o assoalho pélvico fino e pouco elástico?,,,,,,
72,84,"['cesárea', 'próxima', 'cesáreas', 'tentar', 'normal', 'parto', 'cesariana', 'terceira', 'ter', 'uma']",Parto normal após cesárea,Possibilidade de parto normal após cesárea,Tentativa de parto normal depois de cesárea,"É verdade que, depois de uma cesariana, não é possível ter parto normal em uma gravidez posterior?","É possível ter um parto normal nesta gravidez, mesmo tendo feito uma cesárea no parto anterior?","É possível ter parto normal nesta segunda gravidez, mesmo tendo feito cesárea no primeiro parto?",É possível ter um parto normal depois de uma cesariana?,Há algo que eu precise fazer ou evitar para tentar ter um parto normal após já ter tido uma cesárea há dois anos?,"É possível fazer a extração em uma mama e, no intervalo, fazer na outra?","A imunização pode ajudar nesta gravidez, considerando que sou fator Rh negativo, meu esposo é Rh positivo e já tive dois abortos anteriores?","É possível ter uma gravidez de sucesso mesmo com hepatite autoimune e hipotireoidismo autoimune, após três abortos retidos?",Quando o corpo volta ao normal após ter um bebê?,Como é realizar a quinta cesariana?,,,,,,
73,65,"['histerectomia', 'retirada', 'cirurgia', 'útero', 'retirar', 'total', 'aberta', 'parcial', 'abdominal', 'geral']",Histerectomia e recuperação pós operatória,Retirada do útero e cuidados,Cirurgia de retirada do útero,"Na histerectomia, é possível manter o colo do útero?",É possível retirar o útero mesmo sem ter problemas no útero?,Por que foi realizada a histerectomia?,"Na histerectomia, os médicos abrem no mesmo local de uma cesárea para retirar o útero?",É normal sentir muita dor ao se levantar depois de uma cirurgia de histerectomia feita em 18 de dezembro?,Como colocar o bebê conforto no carro de forma segura?,"No teste do pezinho, não é apenas retirada uma gota de sangue?","A saída de secreção parecida com gosma, transparente ou amarelada, durante as contrações pode ser o tampão mucoso?","Estou com 3 meses de gravidez, tenho muitas varizes e medo de que isso se torne trombose; o que devo fazer agora?",Existe um tratamento mais adequado para esse problema de amamentação ou de retirada de leite?,,,,,,
74,76,"['estrela', 'filhotes', 'dos', 'pai', 'ficou', 'cinco', 'meninas', 'cachorro', 'meninos', 'grávida']",Gravidez de cadela Estrela,Estrela grávida de filhotes,Gestação da cadela Estrela,Por que a Estrela está grávida?,A Estrela está grávida mesmo?,De quem são os filhotes que a Estrela está esperando?,A Estrela realmente ficou grávida?,A Estrela está grávida?,Você conseguiu tratar a amenorreia depois que descobriram?,A bebê reclamou ou demonstrou incômodo com os botões atrás do macacão?,É normal não menstruar quando o bebê já está com cinco meses?,"Se o resultado for Y e os bebês estiverem na mesma placenta, isso significa que são dois meninos?",O que fazer se a fêmea grávida de 5 filhotes estiver em risco de morrer?,,,,,,
75,99,"['nasceu', 'matar', 'bem', 'criança', 'aconteceu', 'queria', 'situação', 'nessa', 'bebê', 'ver']",Condições do bebê após o nascimento,Saúde do bebê após nascer,Como está o bebê depois de nascer,O que aconteceu com a bebê?,Você sabe o que aconteceu com o bebê?,O bebê já nasceu e está bem?,O bebê está bem agora?,O que aconteceu com o bebê?,A síndrome de Down só foi descoberta quando o bebê nasceu?,A criança afetada por tétano sobreviveu?,O que devo fazer nessa situação de atraso menstrual com sangramento leve?,A Sofia está bem?,O bebê será registrado se a mãe matar o filho após o nascimento?,,,,,,
76,69,"['fralda', 'trocar', 'xixi', 'fraldas', 'cocô', 'descartável', 'usa', 'pacote', 'algodão', 'roupinhas']",troca de fralda e uso de descartável,uso de fralda descartável e troca,trocar fralda descartável e roupa do bebê,Não é preciso trocar a fralda ou colocar roupa na filha?,É realmente necessário deixar de trocar a fralda do bebê por 12 horas?,Há algum problema em deixar a fralda do bebê por horas se ele não estiver incomodado e a fralda for de boa qualidade?,Qual tamanho de fralda a bebê usa?,"É normal deixar uma fralda no bebê por 12 horas, mesmo cheia de xixi?","Após uma cerclagem feita com 12 semanas de gravidez, é possível continuar trabalhando 12 horas em um serviço administrativo, às segundas, quartas e sextas-feiras?",Seu filho com pé torto congênito já teve recidiva ou precisou trocar a órtese?,Há algum problema em permanecer com o ponto da cesárea?,"Como funciona para o bebê não entrar em contato com sangue, xixi ou cocô no parto, seja na cesariana ou no parto normal?",É deselegante pedir PIX no convite do chá de fraldas caso a pessoa não tenha tempo de comprar o presente?,,,,,,
77,91,"['vídeo', 'mencionada', 'pessoa', 'mencionado', 'no', 'grávida', 'mentira', 'sobre', 'mostrada', 'mostrado']",Gravidez da pessoa mostrada em vídeo,Gestante citada em vídeo,Bebê e gravidez mostrados no vídeo,A pessoa mencionada no vídeo está grávida mesmo?,A pessoa mencionada no vídeo está realmente grávida?,A pessoa mencionada no vídeo está grávida de verdade?,A pessoa do vídeo pode estar grávida?,É verdade que a pessoa mencionada no vídeo está grávida?,"Como está hoje a filha mencionada, que recebeu o diagnóstico de MCAD?",O método mencionado no vídeo funciona para uma criança autista não verbal?,Como fazer o cálculo mencionado no vídeo sobre os vômitos e a regurgitação do bebê?,O que é a anestesia ou intervenção mencionada no relato sobre o parto?,Você pode fazer um vídeo sobre os produtos de higiene para bebê?,,,,,,
78,83,"['pós', 'taping', 'cinta', 'calcinha', 'usar', 'parto', 'compressão', 'cesárea', 'no', 'aplicação']",Uso de taping e cinta pós-parto,Uso de faixas compressoras no pós-parto,Uso de taping na recuperação pós-parto,O taping é indicado no pós-parto?,Devo usar cinta pós-parto ou não?,"Depois de um parto normal, é possível usar cinta no pós-parto ou apenas calcinha cintura alta?","Após a cesariana, em quantas horas ou dias posso colocar o taping pós-parto?",O que você acha do uso de taping no pós-parto?,Essa manobra de desengasgo é indicada apenas para engasgos com sólidos?,"Para o meu filho, devo usar iodo a 2% ou a 5%?",Onde posso comprar algodoeiro?,É possível usar estriol na menopausa e de que forma ele deve ser usado?,É possível aplicar Noripurum durante a gravidez?,,,,,,
79,60,"['olívia', 'janeiro', 'fevereiro', 'nascer', 'dia', 'vai', 'ou', '29', '30', 'no']",Data de nascimento da Olívia,Quando a Olívia vai nascer,Previsão do nascimento da Olívia,Olívia vai nascer no dia 29 de janeiro ou no dia 2 de fevereiro?,A Olívia vai nascer no dia 29 de janeiro ou no dia 2 de fevereiro?,A Olívia vai nascer no dia 30 de janeiro ou no dia 1 de fevereiro?,A Olívia vai nascer no dia 30 de janeiro ou no dia 2 de fevereiro?,A Olívia vai nascer no dia 27 de janeiro ou no dia 2 de fevereiro?,É possível estar grávida de um mês e ainda ter menstruado em janeiro e fevereiro?,Quem está na barriga da Olívia?,"O que vocês acham das datas previstas para o parto da minha prima, dia 29, e a minha, 3 de fevereiro?",Ela já teve a Olívia?,O parto da Olívia vai ser cesárea ou parto normal?,,,,,,
80,71,"['fórmula', 'leite', 'alergia', 'ml', 'nan', 'infantil', 'integral', 'vaca', 'quantidade', 'intestino']",Fórmula infantil e leite para bebês,Uso de fórmula infantil e leite materno,Oferecer fórmula infantil e leite ao bebê,O leite em fórmula é o ideal para o bebê até 1 ano de idade?,"Se o bebê não quer mamadeira, como dar fórmula?","Depois de 1 ano de idade, pode dar leite comum integral ao bebê?",Leite de vaca industrializado pode ser dado ao bebê?,Um bebê de 2 meses pode estar tomando leite de vaca?,É possível fazer transplante de intestino em uma criança?,Qual foi o motivo da perda gestacional e houve algum motivo específico?,A água para preparar a fórmula deve ser quente ou em temperatura ambiente?,"É possível fazer um bolo de aniversário sem açúcar para bebê com alergia a ovo, leite e amendoim?","Para preparar 180 ml de fórmula Nan EspessAR para o bebê, devo usar 90 ml de água a 70 °C, adicionar 6 medidas da fórmula, agitar bem e depois completar com água mineral até a marca de 180 ml?",,,,,,
81,72,"['rosado', 'sangramento', 'marrom', 'pequeno', 'corrimento', 'sinal', 'atraso', 'menstrual', 'dias', 'indicar']",Sangramento rosado na suspeita de gravidez,Sangramento marrom rosado com atraso menstrual,Sangramento leve rosado e atraso menstrual,"Um sangramento rosado e leve, que durou 3 dias e depois ficou mais amarronzado, pode ser sinal de gravidez?","Menstruação atrasada há 15 dias, com borra marrom e sangue rosa por dois dias, pode indicar gravidez?","Um sangramento marrom, em pouca quantidade, ocorrido 10 dias antes da menstruação e uma semana após a relação pode estar relacionado à gravidez?","Com um mês de atraso menstrual, sangramento rosado e dor na barriga, pode ser gravidez?",Um sangramento rosinha bem claro que apareceu ontem e depois não veio mais nada pode ser sinal de gravidez?,"Quando a bolsa estoura, o líquido pode sair em pouca quantidade, várias vezes?","O atraso menstrual de 21 dias pode estar relacionado à endometriose, ao endometrioma ou ao mioma?","Há risco de gravidez após a relação, mesmo com o parceiro tendo feito vasectomia há anos, considerando que houve um pequeno sangramento dois dias depois e um pouco mais no quarto dia?",Esse corrimento rosado com ardência pode ter relação com a idade?,É normal ter corrimento rosa com alguns grumos brancos?,,,,,,
82,51,"['giovana', 'giovanna', 'pai', 'grávida', 'namorado', 'quem', 'verdade', 'está', 'podia', 'engravidou']",Gravidez da Giovanna e pai do bebê,Giovanna grávida e identidade do pai,Giovanna está grávida quem é o pai,A Giovanna está grávida de verdade?,É verdade que a Giovana está grávida?,É verdade que a Giovanna está grávida?,É verdade que Giovanna está grávida?,Giovanna está grávida de verdade?,"Como fica o namorado da Helena, que sonhava em ser pai, nesta história?","Se ela engravidou pela quarta e pela quinta vez e não podia fazer parto normal, como o bebê sairia?",O Robson é seu namorado?,Quem é o pai do bebê de Amanda?,A gravidez de Josi está evoluindo normalmente?,,,,,,
83,65,"['cesárea', 'corte', 'camadas', 'realizar', 'mãos', 'sai', 'cesariana', 'embaixo', 'jejum', 'corta']",Como é feita a cesárea,Procedimento da cesárea e cortes,Incisões e camadas na cesariana,Por que a cesárea rasga tudo?,Por que o parto cesáreo é feito desse jeito?,"Na cesárea, a incisão não foi feita naquele ponto, foi?","Na cesárea, o médico abre a barriga da mãe para realizar o parto?","Na cesárea, a cabeça do bebê sai primeiro?",O que é o acessório que ele usa embaixo do peito?,O fenômeno do alvorecer pode impactar um exame em jejum realizado bem cedo?,Para que cor o corrimento muda quando o tampão mucoso sai?,O que fazer quando o bebê não gosta de ter as mãos cobertas?,"Mesmo segurando o bebê com as mãos, ele volta para a posição inicial?",,,,,,
84,58,"['menopausa', 'hormonal', 'anos', 'reposição', 'aos', 'menstruar', '41', 'precoce', 'entrando', 'climatério']",Menopausa precoce e reposição hormonal,Transição menopausal e reposição hormonal,Climatério e reposição hormonal,"Com 50 anos, é possível já estar na menopausa?","Com 49 anos e com a menstruação ficando irregular, isso pode ser sinal de pré-menopausa ou menopausa?",Tenho 45 anos e estou sem menstruar há 5 anos; isso significa que já estou na menopausa?,Ficar dois meses sem menstruar e a menstruação voltar neste mês significa que a menopausa está chegando?,Esse atraso menstrual aos 40 anos pode ser sinal de menopausa?,Esse risco é maior apenas para quem tem deficiência do hormônio GH na infância ou adolescência e não faz a reposição hormonal?,Qual é o valor do implante hormonal subcutâneo?,Os exercícios mostrados servem para tratar secura vaginal na menopausa?,Dor na bexiga pode ser causada pela menopausa?,É normal ter ciclos menstruais irregulares aos 46 anos?,,,,,,
85,68,"['seu', 'muda', 'luz', 'você', 'estão', 'bebê', 'deu', '2026', 'mamãe', 'já']",Nascimento do bebê e adaptação familiar,Chegada do bebê e mudanças na família,Você e o bebê após o nascimento,A sua bebê já nasceu?,Você já ganhou o bebê?,Seu bebê já nasceu?,O seu bebê já nasceu?,Você teve o bebê?,Fraturas de clavícula em bebês acontecem nos partos e muitas vezes não causam reação no recém-nascido?,"É possível uma criança nascer surda, muda e cega?","Em 2026, a Antonella já havia nascido?",Por que os produtos Mamãe e Bebê da Natura não são recomendados?,Como o bebê muda de posição para nascer?,,,,,,
86,70,"['mia', 'irmã', 'irmão', 'cuidar', 'reação', 'vai', 'velha', 'presa', 'língua', 'ganhar']",Gravidez da Mia e notícia do bebê,Mia vai ter irmão ou irmã,A mãe da Mia está grávida,A mãe da Mia está grávida de verdade?,A Mia já sabe que vai ganhar um irmão ou uma irmã?,A mãe da Mia está grávida de mais um bebê?,A Mia vai ganhar uma irmãzinha?,É verdade que a mãe da Mia está grávida?,Qual foi a reação que você teve ao tomar iodo na primeira semana de gestação?,"O que significa dizer que, na cesárea, o médico fez uma plástica?","O que significa dizer que o bebê está em ""T-pose""?",O Vini vai ter um irmão ou uma irmã?,"Quando você fala em ""cuidar"" da Olívia, quer dizer deixá-la por cerca de 10 minutos para ver qual será a reação dela?",,,,,,
87,99,"['banho', 'recém', 'nascido', 'água', 'vernix', 'fêmur', 'chuveiro', 'tanque', 'fria', 'produto']",Banho do recém-nascido,Higiene do recém-nascido,Banho e cuidados do recém-nascido,O banho do recém-nascido é realmente necessário?,Você dá banho no bebê com água gelada?,Por que você dá banho no bebê dessa forma?,Quantos banhos um bebê deve tomar por dia?,Você dá banho no bebê na cozinha mesmo?,Posso dar banho na Olívia?,A dieta GAPS pode ser usada para tratar a dermatite da filha?,Como é o cheiro do tampão mucoso?,Um recém-nascido que sofreu fratura no fêmur poderia perder a perna em quatro dias?,Você dá banho no Kaleb aí?,,,,,,
88,67,"['barriga', 'distensão', 'falar', 'grande', 'bebê', 'sobre', 'nesses', 'encaixado', 'certo', 'assim']",Distensão abdominal fetal e encaixe,Barriga grande do bebê no útero,Bebê na barriga com distensão abdominal,O que o bebê tem na barriga?,Por que o bebê está com a barriga grande?,A bebê já nasceu ou ainda está na barriga?,Por que a barriga do bebê está assim?,Por que o bebê é tão pequeno?,Existe a possibilidade de fazer uma cirurgia para melhorar a distensão abdominal de Kaleb?,Intercalar as fórmulas Aptamil RR e Aptamil Sensitive deu certo para o bebê?,Pode falar um pouco mais sobre robôs que poderiam gestar bebês?,Como posso saber quando estou ovulando?,Pode falar mais sobre o puerpério e trazer mais reflexões sobre esse assunto?,,,,,,
89,57,"['mioma', 'miomas', '42', 'cirurgia', 'cm', 'submucoso', 'intramural', 'retirar', 'figo', 'deformidade']",Mioma uterino e gravidez,Miomas uterinos na gestação,Efeitos dos miomas na gestação,Quem tem mioma pode engravidar?,"Em vez de gravidez, o caso seria de mioma?","Ter vários miomas de tamanhos diversos, inclusive um comprimindo o endométrio, pode dificultar a gravidez?",Uma mulher que tem miomas consegue engravidar?,Miomas têm relação com a necessidade de fazer cesariana?,"Essas três verrugas pequenas podem ter aparecido por causa da minha baixa imunidade, mesmo durante o processo de cicatrização?",Uma criança pode tomar solução de Lugol?,Uma gestante com vitamina B12 em 113 deve se preocupar com esse resultado?,Quem tem excesso de estrogênio por adenomiose profunda corre risco de câncer de colo do útero?,Há risco de o bebê nascer com síndrome de Down ou outro tipo de deformidade nesta gravidez aos 42 anos?,,,,,,
90,56,"['pai', 'neto', 'leia', 'luccas', 'lucas', 'robson', 'felipe', 'furacão', 'vinícius', 'júnior']",paternidade do pai do bebê,identidade do pai do bebê,quem é o pai do bebê,O Lucas é o pai do bebê?,O pai do bebê é o Lucas?,Lucas é o pai da gravidez?,"O pai do bebê é o Luccas, já que eles são apenas amigos de trabalho?",O pai do bebê é o Lucas Neto?,"O fato de a mãe ter sangue Rh negativo, o pai Rh positivo e o filho B positivo tem relação com o autismo do meu filho?",O filho da pessoa também pode ter deficiência de G6PD se o neto foi diagnosticado com essa deficiência no exame do pezinho?,Existe direito de a avó estar presente no nascimento do neto?,O pai do bebê é o Benzema ou o Vinícius Júnior?,"É uma menina, Mariana, ou um menino, Lucas?",,,,,,
91,76,"['indução', 'shake', 'indutor', 'induzir', 'receita', 'parto', 'óleo', 'prímula', 'induzido', 'foi']",Indução do parto e métodos,Indução do trabalho de parto,Indução do parto e recursos naturais,É possível ter uma boa experiência com a indução do parto?,Como foi a indução do parto?,Como foi a indicação para a indução do parto?,O que pode ser feito para estimular o parto normal?,A gestante precisou fazer indução do parto?,Em quais pontos foram colocadas as agulhas da acupuntura?,Como é feita a indução natural com óleo de prímula e shake de rícino?,Existem outros medicamentos para epilepsia além do Depakote que possam ser usados por quem precisa tomar muito cuidado para não engravidar?,É possível comprar Noripurum sem receita?,Quais podem ser as causas das dores abdominais intensas e quais tratamentos são necessários?,,,,,,
92,76,"['hospital', 'médico', 'tomou', 'consulta', 'medicamento', 'melhora', 'equipe', 'remédio', 'tratamento', 'conversou']",Consulta hospitalar e tratamento na gestação,Atendimento médico hospitalar e tratamento,Acompanhamento hospitalar e medicação na gravidez,Por que ela não foi ao médico?,Por que ela não foi para o hospital?,Por que ninguém vai com ela ao hospital?,Por que ela não foi levada ao médico?,O que o médico disse ou diagnosticou?,"Com qual medicamento o SIBO da filha de 7 anos foi tratado, já que ela está terminando o tratamento com rifaximina e ainda não houve melhora significativa?","Por que, na UTI, o bebê só podia mamar o leite da própria mãe e não leite de outras mães?",Como adiantar as marmitas durante o fim de semana para a semana?,Você tomou algum medicamento para tratar o TOC?,Como conduzir para a melhora da mastite da minha filha?,,,,,,
93,79,"['fez', 'teste', 'confirmar', 'exame', 'você', 'sangue', 'resultado', 'positivo', 'gravidez', 'passando']",Teste de gravidez e resultado positivo,Exame de gravidez e resultado positivo,Teste para confirmar gravidez e positivo,Você fez o exame para confirmar se está grávida?,Qual teste de gravidez você fez?,Você usou o teste de gravidez?,Você fez teste de gravidez?,Você conseguiu fazer o teste de gravidez?,"O resultado do exame de Coombs indireto, que mostrou anticorpos livres no meu sangue, significa que meu bebê é Rh positivo?",O exame de sangue que farei amanhã após a FIV vai indicar se tive um resultado positivo?,O sangue no parto acontece porque machuca quando o bebê está passando?,Por que o resultado do exame do pezinho do meu filho nunca saiu?,Por que você fez vasectomia?,,,,,,
94,62,"['mexer', 'sentir', 'movimentos', '17', 'semanas', 'normal', 'mexendo', 'bebê', 'gestação', 'barriga']",Variação dos movimentos do bebê,Quando sentir mexer do bebê,Sentir o bebê mexendo na gestação,"É normal não sentir o bebê mexer por três dias estando com 18 semanas de gravidez, depois de ter sentido movimentos na 13ª semana?",É normal estar com 17 semanas de gravidez e ainda não sentir o bebê mexer?,"Na gravidez de 5 meses, já é possível sentir o bebê mexer?","É normal, com 27 semanas de gravidez, não sentir o bebê mexer?","É normal sentir o bebê mexer com 12 semanas de gravidez, mesmo não sendo a primeira gestação?",Pode-se mexer o Aptamil AR com uma colher para ajudar a dissolver?,Um bebê de 4 meses na barriga pode parecer que não está respirando e ainda assim estar bem?,Os movimentos rápidos do bebê na barriga estão acelerados pela câmera?,"Com 17 dias de gravidez, ainda é possível evitar a gestação?","É possível ser sedada ou ficar ""apagada"" para mexer no dente durante a gravidez?",,,,,,
95,78,"['conjuntivite', 'usado', 'olhos', 'olho', 'tratar', 'melhorar', 'verde', 'soro', 'acontece', 'causada']",Conjuntivite em bebês,Conjuntivite infantil,Olhos com conjuntivite em bebê,Por que essa bebê teve conjuntivite?,O que acontece quando uma bebê pega conjuntivite?,É normal um bebê ter conjuntivite?,Por que meu bebê pegou conjuntivite?,A bebê com conjuntivite não foi levada ao médico?,"Existe outra opção de tratamento para melhorar a espessura do endométrio, já que a pessoa já usou ASS, Primogyna e estrogênio e não melhorou?","A menstruação escura, com cólicas fortes e diferentes das habituais, pode ser causada por miomas?",Como melhorar a espessura do endométrio?,Como a barriga de uma mulher recém-parida murcha imediatamente quando é espremida?,Por que a barriga de uma mulher recém-parida murcha imediatamente quando é espremida?,,,,,,
96,66,"['estrias', 'óleo', 'melasma', 'cicatricure', 'prímula', 'solar', 'creme', 'gel', 'protetor', 'durante']",Cuidados com produtos na gravidez,Uso de cremes e protetor solar na gestação,Segurança de cosméticos e tratamentos na gravidez,Quais cuidados uma gestante deve ter e quais produtos ela não pode usar?,Quais produtinhos para a pele e o corpo podem ser usados na gestação?,Qual é um bom protetor solar para usar na gravidez?,Você usou protetor solar durante a gravidez?,O uso de creme e óleo durante o dia mancha muito as roupas na gravidez?,A metformina pode ser usada para tratar um cisto policístico no ovário direito?,Qual é o óleo de rícino e onde ele pode ser comprado?,Esse creme é sem enxágue?,Qual é a dosagem do óleo de prímula indicada?,Quais cuidados uma pessoa com hipotireoidismo deve ter ao engravidar?,,,,,,
97,61,"['exercícios', 'exercício', 'começar', 'fazer', 'correr', 'esses', 'partir', 'posso', 'treino', 'terceiro']",Início de exercícios na gestação,Começar exercícios durante a gravidez,Fazer exercícios na gravidez sem risco,A partir de quantas semanas de gestação já pode começar a fazer esses exercícios?,Gestantes com 30 semanas de gravidez já podem começar a fazer esses exercícios?,Começar a praticar exercícios na gravidez representa risco para o bebê?,"Gestantes de 4 meses, com gravidez saudável até o momento, já podem fazer exercícios?",Qual é o melhor horário para fazer esses exercícios durante a gestação?,"Em um ciclo de 25 dias, quando devo começar a fazer os testes de ovulação?",Uma criança estuprada deve engravidar e correr o risco de morrer?,O que posso começar a fazer para que meu bebê tenha uma mamada mais tranquila na mamadeira?,Posso fazer esse exercício?,"O que fazer para aquecer o bebê quando estiver muito frio, sem correr os riscos de cobri-lo com cobertor?",,,,,,
98,47,"['coração', 'ouvir', 'batimentos', 'doppler', 'fetal', 'cardíacos', 'embrião', 'escutar', 'semanas', 'conseguir']",Batimentos cardíacos fetais,Escuta dos batimentos fetais,Coração do bebê no doppler,É normal não conseguir ouvir o coração do bebê com 13 semanas de gravidez?,"Com 13 semanas de gravidez, é normal não conseguir ouvir o coração do bebê com o Doppler fetal em casa?",É normal não ouvir os batimentos cardíacos do bebê em uma ultrassonografia com 5 semanas e 5 dias de gravidez?,É normal não ouvir nem ver o coração do bebê em uma ultrassonografia com 6 semanas e 6 dias de gestação?,É possível ouvir o coração do bebê em casa com 16 semanas de gestação?,Por que o Kaleb se alimenta pelo coração?,Como ativar a função de escutar ao vivo para ouvir o coração do bebê no iPhone?,"Em uma gestação de gêmeos, como é possível identificar os sexos dos bebês pela sexagem fetal?",Como configurar o Doppler fetal para português?,"Uma gestante com 21 semanas, com gravidez de risco por causa de febre reumática no coração, pode ter parto normal ou precisará de cesárea?",,,,,,
99,71,"['descobrir', 'remédios', 'prejudicar', 'tomar', 'formação', 'paracetamol', 'uso', 'dipirona', 'má', 'antes']",Riscos de remédios na gestação,Impacto de medicamentos na gravidez,Efeitos de remédios no feto,Tomei vários remédios prescritos por médicos antes de descobrir que estava grávida de 6 semanas; isso pode ter prejudicado meu bebê?,É perigoso ter tomado dipirona antes de saber que estava grávida?,"Tomar antibiótico na terceira semana de gravidez, antes de saber que estava grávida, pode causar má formação no bebê?",O remédio que foi tomado antes de descobrir a gravidez pode ter causado algum problema ao bebê ou aumentado o risco de algo pior?,O bebê pode ter algum problema por eu ter tomado remédios para ansiedade e depressão antes de descobrir que estava grávida?,Por que a minha filha continua com esse problema e ele vai e volta mesmo depois de tomar vários remédios?,"O que fazer para evitar que ele mame à noite e me cause dor, mesmo depois de eu ter tomado medicação para secar o leite?",A suspeita de gravidez molar é compatível com a presença de restos ovulares?,O uso de Utrogestan na gestação pode causar má-formação na genitália masculina do feto?,A gestante pode tomar Zina ODT (dicloridrato de levocetirizina) para rinite durante a gravidez?,,,,,,
100,71,"['sexuais', 'relações', 'sexual', 'relação', 'tiveram', 'consequências', 'contrair', 'camisinha', 'teve', 'vagina']",Relações sexuais e risco gestacional,Relações sexuais e gravidez,Relação sexual e possibilidade de gravidez,Por que uma mulher tem relações sexuais com um rapaz e acaba grávida?,"Por que alguém engravidaria, então?",Isso quer dizer que vocês tiveram relação sexual para engravidar?,Devo parar de ter relações sexuais por causa desse problema?,Houve relação sexual sem preservativo?,"Se eu e meu marido fizermos um estudo genético antes da gestação, os riscos de o bebê nascer com alguma anomalia são eliminados?",Por que não fizeram a versão cefálica externa no meu caso para evitar que meu bebê nascesse atravessado?,"Uma pessoa com câncer terminal pode ter relações sexuais, engravidar e dar à luz?",É normal não fazer outro ultrassom e não saber o peso nem o tamanho do bebê no fim da gestação?,Você tentou ordenhar e congelar o seu leite?,,,,,,
101,70,"['data', 'prevista', 'nascimento', 'olívia', 'janeiro', 'fevereiro', 'da', 'provável', '30', '26']",Data provável do parto,Data prevista para o parto,Cálculo da data provável do parto,A data prevista para o nascimento da Olívia é 1º de fevereiro?,A data prevista para o nascimento da Olívia é 31 de janeiro?,A data prevista para o nascimento da Olívia é 27 de janeiro?,A data prevista para o nascimento da Olívia é 28 de janeiro?,A data prevista para o nascimento da Olívia é 29 de janeiro?,O efeito retroativo conta a partir da data do julgamento ou da data em que o STF declarou a inconstitucionalidade?,"Um índice de líquido amniótico de 1,4 é muito baixo com 26 semanas de gravidez?",Os seios ficaram doloridos antes ou depois da data prevista para a menstruação?,O teste Clearblue pode ser feito seis dias antes da data prevista da menstruação?,"Um parto com 30 horas de dor, sem dilatação e com nascimento em parto seco pode ser perigoso para o bebê?",,,,,,
102,61,"['clarinha', 'mãe', 'sabe', 'novo', 'esperando', 'grávida', 'está', 'da', 'yuri', 'valentina']",Mãe grávida e bebê no grupo,Gravidez da mãe e revelação,Mãe esperando um novo bebê,A Clarinha já sabe dessa gravidez?,A mãe da Clarinha está grávida?,É verdade que a mãe está grávida e que a Clarinha vai deixar de ser a caçula?,É verdade que a mãe da Clarinha está grávida novamente?,A mãe de Clarinha está grávida?,"Com 38 semanas e com encaminhamento, a laqueadura só pode ser feita se houver algum risco para o bebê ou para a mãe, junto com a cesárea?",Como você sabe que se trata de uma pedra grávida?,O pai do bebê da Nathy é o Tonho ou alguém da produção?,A inteligência do bebê é herdada da mãe?,Você sabe em que dia ocorreu a ovulação?,,,,,,
103,52,"['ácido', 'fólico', 'metilfolato', 'ferroso', 'sulfato', 'mg', 'autismo', 'suplementar', 'tomando', 'recomendação']",Suplementação de ácido fólico e ferro na gestação,Uso de ácido fólico na gravidez,Dosagem de ácido fólico e sulfato ferroso na gestação,É necessário tomar ácido fólico três meses antes de engravidar e continuar após a gravidez?,Por que mulheres grávidas usam ácido fólico?,É melhor comprar suplementos próprios para gestantes em vez de tomar ácido fólico de 5 mg?,Devo tomar ácido fólico três meses antes de engravidar?,Quanto ácido fólico deve ser tomado por dia na gravidez?,Qual é a recomendação atual para engasgos com líquidos em bebês?,Existe algum exame para saber se tive toxoplasmose no passado?,É permitido usar ácido retinoico durante a amamentação?,Existe algum exame ou procedimento para detectar autismo durante a gravidez?,"Quem está amamentando pode fazer selagem Let Me Be Protein, sem formol e à base de ácido?",,,,,,
104,63,"['bombinha', 'elétrica', 'bomba', 'carregada', 'sucção', 'liga', 'borracha', 'engolir', 'errada', 'uso']",Uso da bombinha elétrica para lactação,Funcionamento da bombinha elétrica de leite,Dúvidas sobre bombinha elétrica na amamentação,Quanto tempo devo deixar a bombinha elétrica carregando?,O uso da bombinha elétrica dói?,A bombinha elétrica pode ser usada enquanto está carregando?,A bombinha elétrica funciona bem para quem tem bico pequeno ou ela é muito grande para esse caso?,"Se eu tiver apenas uma bombinha, ainda posso fazer esse procedimento?",Por que um furo de agulha faz com que muito líquido se perca lentamente?,"No pós-parto de cesárea, essa massagem pode ser feita quantas vezes ao dia?",Um bebê de 3 meses que faz barulho na barriga ao mamar e vomita muito depois da mamada pode estar sendo alimentado de forma errada ou a fórmula pode não estar fazendo bem?,"Se eu comer tâmaras, isso pode ajudar no parto mesmo sem nenhuma dilatação?",Esse procedimento pode ajudar a fortalecer o movimento de sucção do bebê para mamar no peito?,,,,,,
105,65,"['remédio', 'engravidar', 'existe', 'impedir', 'tentando', 'rápido', 'espermatozoides', 'contínuo', 'dicas', 'deseja']",Remédios e estratégias para engravidar,Opções e tratamentos para engravidar,Dicas para aumentar chances de gravidez,O que posso fazer para engravidar sem precisar passar por tratamentos?,O que posso fazer após quase um ano tentando engravidar sem conseguir?,O remédio para engravidar rápido deu certo?,O que posso fazer para conseguir engravidar depois de tentar por quase dois anos sem sucesso?,Existe remédio para engravidar quando a mulher não consegue engravidar?,Quais dicas de higiene natural e quais posições confortáveis podem ajudar uma bebê de 54 dias com cólica e disquesia?,Existe diferença entre remédio convencional e bioidêntico?,Devo impedir que o bebê chupe o dedo?,Qual é o nome do remédio mencionado para o bebê?,"Depois de oito meses sem tomar um remédio de uso contínuo, ele ainda pode estar fazendo efeito?",,,,,,
106,64,"['comer', 'suco', 'comida', 'alimentar', 'introdução', 'meses', 'oferecer', 'carne', 'laranja', 'pediatra']",Introdução alimentar do bebê,Início da alimentação do bebê,Alimentação complementar na gestação e lactação,Um bebê de 4 meses já pode comer?,Por que dar comida a uma bebê de 4 meses?,Um bebê pode começar a comer com 4 meses?,Quem recomendou dar comida a uma bebê de 4 meses?,Com quantos meses posso começar a oferecer comida ao bebê?,Quantas tâmaras devo comer?,O suco pode ser feito com pó ou precisa ser natural?,Por que o suco das frutas tem mais açúcar do que comer a fruta?,Quais são mais sinais de que o trabalho de parto começou e o bebê está pronto para nascer?,"Após uma cesárea, é possível comer uma comida bem leve em vez de mascar chiclete para ter um efeito melhor?",,,,,,
107,73,"['engravidar', 'tentando', 'vocês', 'tentar', 'tentativas', 'contraceptivo', 'conseguir', 'você', 'todos', 'método']",Tentativas para engravidar e método contraceptivo,Conseguir engravidar após tentativas,Engravidar após uso de contraceptivo,O que você fez para engravidar?,Depois de quantas tentativas conseguiram engravidar?,Você conseguiu engravidar?,Você já conseguiu engravidar?,Você fez algo diferente para conseguir engravidar?,Esse procedimento era aplicado todos os dias nos bebês?,Você dá Colidis ao bebê todos os dias?,Existe algo que uma gestante com colestase gestacional possa fazer?,O que está causando o refluxo no bebê?,A vitamina Folidex pode ser usada por quem está tentando engravidar do segundo filho?,,,,,,
108,71,"['fértil', 'relação', 'período', 'ovulação', 'engravidar', 'relações', 'menstruação', 'sexual', 'aplicativo', 'dia']",Período fértil e risco de gravidez,Janela fértil e chance de engravidar,Ovulação e possibilidade de gravidez,Ter relação quatro dias depois de a menstruação terminar pode causar gravidez?,"É possível engravidar se tiver relação no primeiro dia da menstruação, mesmo continuando menstruada normalmente por 7 dias depois?",É possível engravidar após ter relação sexual enquanto estava menstruada?,Ter relação quatro dias antes da ovulação pode causar gravidez?,É possível engravidar se a relação sexual ocorreu e a menstruação desceu no dia seguinte?,É normal ainda estar menstruando 23 dias após ter tido o bebê?,Com qual aplicativo você acompanhava o período fértil?,Isso é para saber se estou fértil ou não?,É seguro ter relação sexual depois que o tampão mucoso já saiu?,Como identificar o período fértil quando não se conhece o próprio corpo?,,,,,,
109,63,"['exercícios', 'preparar', 'preparação', 'feitos', 'esses', 'exercício', 'devem', 'indicados', 'parto', 'para']",Exercícios para preparação do parto,Exercícios para se preparar para o parto,Exercícios na preparação para o parto,Esses exercícios para se preparar para o parto normal dão certo quando são feitos nessa fase da gestação?,Os exercícios para se preparar para o parto normal podem ser feitos no início da gestação ou apenas no final?,Gestantes com 5 meses de gravidez podem fazer esses exercícios para se preparar para o parto normal?,Gestantes com 20 semanas podem fazer esses exercícios de preparação para o parto normal?,Com quantos meses de gravidez devo começar os exercícios para o parto normal?,É possível preparar o Aptamil AR com água quente?,"Para um bebê de 9 meses, os 4 puffs indicados de 6 em 6 horas devem ser engolidos?","Para preparar 130 ml, quantas colheres de fórmula devo usar?",Esse exercício ajuda na lubrificação?,"Como saber quais exames devem ser feitos quando o médico não informa nada, no caso de um bebê com percentil 5?",,,,,,
110,53,"['contexto', 'gestação', 'segunda', 'evoluiu', 'toda', 'cuidou', 'enxoval', 'tudo', 'fala', 'tranquila']",Evolução da gestação e cuidados,Como está a gestação e cuidados,Evolução da gravidez e se cuidar,Como está a gestação?,Para que passei por tudo isso durante a gravidez?,Como está a gestação mencionada no comentário anterior?,Sua gestação deu tudo certo depois do mesmo problema?,Como foi a gestação dessa gravidez?,Kaleb tem algum problema de saúde?,A Sarinha fala português ou inglês?,A menina fala português?,"O que significa ""BB"" neste contexto relacionado ao bebê?",É normal que as axilas escureçam durante a gestação e o que fazer nesse caso?,,,,,,
111,55,"['diabetes', 'gestacional', 'glicemia', 'jejum', 'relacionado', 'glicose', 'controlada', 'controlar', 'insulina', 'gestante']",Diabetes gestacional e controle,Controle da diabetes gestacional,Glicemia na diabetes gestacional,"Com diabetes gestacional controlada, é possível ter parto normal?",O que fazer após descobrir diabetes gestacional com 37 semanas de gravidez?,Como é a gestação em mulheres com diabetes?,"Em casos de diabetes e pressão alta na gravidez, é obrigatório adiantar o parto?","Há outras gestantes com diabetes mellitus tipo 2, com 6 semanas de gravidez, aguardando retorno médico para começar a insulina?",É normal ter dificuldade para introduzir o aplicador do promestrieno quando se tem atrofia vaginal?,Esse tipo de dificuldade para mamar pode estar relacionado a algum problema gastroesofágico ou ao freio lingual?,Que tipo de tinta é usada na arte gestacional?,O hipotireoidismo pode estar relacionado ao atraso menstrual?,A melancia tem índice glicêmico alto?,,,,,,
112,45,"['pai', 'quem', 'estiver', 'mencionada', 'nessa', 'despercebida', 'participou', 'for', 'ela', 'caso']",Identificação do pai na gravidez,Quem é o pai do bebê,Pai biológico da gravidez,"Quem é o pai do bebê, caso a gravidez seja real?","Quem é o pai do bebê, se ela estiver realmente grávida?",Quem é o pai da gravidez?,De quem é o pai do bebê nesta gravidez?,Quem é o pai do bebê nessa gravidez?,"O que pode acontecer nessa situação de tipos sanguíneos diferentes entre mãe, pai e bebê?",É possível uma gravidez passar despercebida quando a mulher é gorda?,Quanto custa o parto nessa maternidade?,Você pode contar mais sobre os sintomas estranhos que teve durante a possível gravidez?,É possível uma gravidez passar despercebida até o parto?,,,,,,
113,42,"['ejaculação', 'calcinha', 'penetração', 'sêmen', 'proteção', 'relação', 'espermatozoides', 'engravidar', 'fértil', 'pênis']",Chance de gravidez por relação sexual,Risco de engravidar em relação sem proteção,Engravidar por contato com sêmen e penetração,"Se ele não ejaculou dentro, mas houve sêmen na calcinha, ainda existe chance de gravidez?",É possível engravidar por meio de relação sexual?,"É possível engravidar tendo relação sem proteção, sem ejaculação dentro, durante o período fértil?","Não sabe que, ao fazer sexo sem proteção, pode engravidar?",É possível engravidar se houver ejaculação na entrada da vagina e não dentro do canal vaginal?,Por que o ser humano ainda não evoluiu para facilitar o parto normal?,Essa secreção branca na gravidez pode sujar a calcinha?,"Depois de dois dias da relação, tomar chá de boldo faz o esperma descer?",Tenho chances de engravidar naturalmente com um ciclo de 28 dias e um exame do meu marido com 12 milhões de espermatozoides?,O muco vaginal relacionado à gravidez pode deixar a calcinha bem molhada?,,,,,,
114,58,"['urinária', 'pélvica', 'fisioterapia', 'vagina', 'incontinência', 'sonda', 'exercício', 'exercícios', 'espirrar', 'rir']",Fisioterapia pélvica e incontinência,Exercícios do assoalho pélvico,Saúde do assoalho pélvico na gestação,A fisioterapia pélvica resolve mesmo esse problema?,"Na fisioterapia pélvica, esse procedimento é feito com uma luva? Não seria melhor usar uma camisinha?",Os músculos vaginais estão fracos?,É normal sentir um pequeno desconforto nos primeiros dias ao fazer esse exercício de apertar e soltar o canal vaginal?,A vagina fica alargada depois do parto?,O Void sabe usar camisinha?,Qualquer bebê pode fazer esse exercício para melhorar o torcicolo?,É normal sair pouco leite ao ordenhar em casa enquanto o bebê está na UTI e ainda não pode mamar?,Quais exercícios ajudam a fazer o dorso do bebê ir para a esquerda quando ele está cefálico e com o dorso à direita?,Quanto de urina pode ser perdido ao espirrar ou rir em casos de incontinência urinária?,,,,,,
115,84,"['experiência', 'natural', 'parto', 'você', 'pretende', 'passar', 'normal', 'seu', 'luz', 'conseguiu']",Experiência e planejamento do parto,Experiências e escolhas sobre o parto,Vivências e intenção de parto,Você já teve parto normal?,Você não entrou em trabalho de parto?,Você conseguiu ter um parto natural?,Você já teve algum parto normal?,Você conseguiu ter parto normal?,Por que o exame de Coombs está reagente 1:8 se o meu tipo sanguíneo e o do meu marido são A+?,Quantas broncoaspirações esse profissional já causou?,Por que o leite natural de vaca não pode ser dado ao bebê?,"Há alguma indicação de hospital particular em Portugal com bom custo-benefício para o parto, considerando que minha esposa não pretende ter parto normal?",Como foi sua experiência no Hospital Sofia Feldman?,,,,,,
116,56,"['sintomas', 'esses', 'indicar', 'podem', 'descritos', 'junto', 'gravidez', 'atraso', 'menstrual', 'sensações']",Sintomas e atraso menstrual gravidez,Sinais de gravidez e atraso menstrual,Indicação de gravidez por sintomas,Esses sinais que estão acontecendo comigo podem indicar gravidez?,"Esses sintomas, junto com a menstruação que não veio, podem indicar gravidez?","Esses sintomas, junto com o atraso menstrual, podem indicar gravidez?",Os sintomas descritos podem indicar gravidez?,Esses sintomas podem indicar gravidez?,Roedores podem transmitir coriomeningite linfocitária na gravidez?,Como foram as primeiras 24 horas depois do parto?,Você pode me indicar uma doula?,Uma infecção urinária pode explicar o atraso menstrual e os sintomas descritos?,"Mesmo sem corrimento, essas sensações podem indicar início do trabalho de parto?",,,,,,
117,69,"['gi', 'grávida', 'mostrar', 'zoro', 'está', 'quem', 'pai', 'trabalho', 'real', 'ela']",Gi está grávida e pai do bebê,Quem é o pai do bebê da Gi,A Gi está grávida de quem,É verdade que a Gi está grávida?,A Gi estava grávida de verdade?,A Gi já está grávida?,A Gi está grávida?,Como a Gi está grávida?,Por que o Zoro não pode saber como nasceu?,Ketlen está grávida?,Klaten está grávida?,Ketel está grávida?,Fechar a mão durante o trabalho de parto contrai os músculos do períneo?,,,,,,
118,91,"['materno', 'leite', 'oferecer', 'paterno', 'geladeira', 'ficar', 'quanto', 'retirado', 'beber', 'armazenamento']",Armazenamento e oferta de leite materno,Conservação e oferecimento do leite materno,Armazenar e oferecer leite materno,O leite materno é dado ao bebê na mamadeira?,Uma mãe pode beber o próprio leite materno?,O leite materno ainda está nutrindo o bebê?,"Se eu tirar o leite materno, sou eu mesma que preciso dar esse leite ao bebê?",Como você faz para dar o leite materno ao bebê?,"Se a mulher ""rasgar"" no parto, a vagina pode ficar frouxa depois?","Durante a gravidez, a vagina pode ficar seca?","Por que o leite humano tem composição diferente do leite da vaca, mesmo nós também sendo mamíferos?",Quanto tempo demorou para o bebê nascer depois que as dores na coluna começaram?,Como é retirado um bebê pelas partes íntimas durante o parto?,,,,,,
119,57,"['mounjaro', 'enquanto', 'amamentando', 'alguma', 'amamentava', 'tirzepatida', 'tomando', 'percebeu', 'amamenta', 'usar']",Uso de Mounjaro na amamentação,Tirzepatida durante a amamentação,Mounjaro enquanto amamenta,Alguma mãe usou Mounjaro enquanto amamentava?,Alguma mãe que tomou Mounjaro enquanto amamentava percebeu alguma coisa?,A mãe que está amamentando está tomando Mounjaro por conta própria ou por prescrição médica?,Você sentiu alguma diferença ao tomar Mounjaro enquanto amamentava?,Há quantos meses você toma Mounjaro e amamenta sua filha?,Como ela assinou alguma coisa?,Por que chás naturais são proibidos e demonizados enquanto remédios químicos são aceitos pela classe médica?,Deve-se deixar de solicitar socorro enquanto se iniciam as manobras de desengasgo no bebê?,Alguém viu Graciele amamentando a filha?,Um bebê amamentado por seis dias por uma mãe com HTLV corre risco de contaminação?,,,,,,
120,50,"['linha', 'teste', 'fraca', 'farmácia', 'linhas', 'positivo', 'resultado', 'indica', 'traços', 'duas']",Resultado de teste de gravidez,Interpretação do teste de gravidez,Significado do resultado do teste,"Um teste de gravidez de farmácia com duas linhas rosas, sendo a segunda bem fraca e distante da primeira, indica um resultado positivo?","Um teste de gravidez feito antes do atraso menstrual, com uma linha forte e outra fraca, pode indicar gravidez?",Um teste de gravidez de farmácia com uma linha forte e outra muito fraca indica que estou grávida?,"Um teste de gravidez que ficou positivo, bem clarinho, aparecendo depois de 5 minutos, indica gravidez?",Um teste de gravidez com uma linha forte e outra bem fraquinha indica positivo?,Você já tem a camiseta rosa dos ursinhos que mostrou antes para usar com essa calça?,Por que o leite natural da vaca é considerado muito forte para o bebê?,Por que o êmbolo foi pressionado rapidamente?,"Você indica o biscoito ""Meu Primeiro Lanchinho"" da Mucilon para bebê?","O que pode significar um teste de farmácia em que aparecem dois traços, mas o segundo traço depois desaparece?",,,,,,
121,69,"['lado', 'dormir', 'esquerdo', 'cima', 'mal', 'posição', 'baixo', 'barriga', 'gestante', 'direito']",Posição para dormir na gestação,Lado e posição para dormir na gravidez,Recomendações de dormir durante a gravidez,É recomendado que a gestante durma do lado esquerdo?,Uma gestante pode dormir de barriga para cima?,"Na gravidez, dormir do lado esquerdo significa ficar com o lado esquerdo para cima ou para baixo?",Gestantes podem dormir do lado direito ou precisam dormir apenas do lado esquerdo?,Dormir de barriga para cima na gravidez pode fazer mal?,É normal aparecer um cisto no lado esquerdo na ultrassonografia transvaginal quando estou perto de menstruar?,É normal que meu filho chupe o dedo quando vai dormir?,A posição de pernas abertas faz a bacia ficar fechada?,Por que meu filho fica incomodado nessa posição mesmo sem mamar?,"O que pode ser uma tremida forte no lado esquerdo da barriga, que durou poucos segundos e aconteceu duas semanas depois?",,,,,,
122,62,"['revelação', 'chá', 'descobrir', 'vai', 'sexo', 'haver', 'será', 'fazer', 'fazem', 'vocês']",Chá revelação do sexo do bebê,Fazer chá revelação para descobrir o sexo,Quando fazer chá revelação do bebê,Você vai fazer o chá revelação do bebê?,Vai haver chá revelação para descobrir se o bebê é menino ou menina?,Quando vocês vão fazer o chá revelação do bebê?,Vai haver chá revelação para descobrir o sexo do bebê?,Por que não fazem um chá revelação?,O hidratante Palmers Cocoa Butter é vendido no Brasil?,"Na Alemanha, as gestantes fazem o exame para estreptococo do grupo B na gravidez?",Você pode fazer um novo vídeo sobre depressão pós-parto?,É preciso cortar ou pegar no meio do bolo para ver qual cor vai aparecer no chá revelação?,Como preparar o chá de feno-grego?,,,,,,
123,70,"['perdeu', 'kamylinha', 'engravidou', 'perder', 'camilinha', 'disse', 'descobriu', 'kamila', 'camila', 'estava']",Gravidez perdida e descoberta,Perda gestacional e confirmação,Descoberta da gravidez e perda,É verdade que você perdeu o bebê?,É verdade que a Kamila está grávida?,A Camilinha está grávida de verdade?,É verdade que ela perdeu o bebê ou isso é mentira?,Você perdeu a gravidez?,É normal continuar sangrando após uma aspiração com AMIU realizada no dia 3 deste mês?,A requisição do teste de gravidez é de 17 de outubro de 2013?,"Com 38 semanas e 3 dias de gravidez, se o médico disse que o bebê está cefálico, isso significa que ele já está encaixado?",É possível acontecer entupimento de ducto mamário em quem não engravidou?,Como uma pedra engravidou?,,,,,,
124,42,"['histerectomia', 'total', 'progesterona', 'fez', 'repor', 'retirou', 'útero', 'reposição', 'usar', 'precisa']",Uso de progesterona após histerectomia,Reposição de progesterona após histerectomia,Progesterona na menopausa cirúrgica após histerectomia,Quem fez histerectomia total deve usar progesterona?,O uso de progesterona é indicado para mulheres que fizeram histerectomia?,"Após uma histerectomia, é verdade que não é necessário usar progesterona?","Quem fez a retirada do útero, mas ainda tem os ovários, deve usar progesterona?",Quem já retirou o útero também precisa repor progesterona?,Um bebê de 4 meses também deve usar 4 puffs de 6 em 6 horas?,Qual a porcentagem de iodo que a gestante deve usar?,"Foi feito repouso total, levantando apenas para ir ao banheiro e comer?","Em uma gestante com histórico de trabalho de parto prematuro, em uso de progesterona e com colo curto, qual conduta deve ser adotada: cerclagem, pessário ou outra medida?",Como saber quando a gestante deve usar pessário por ICC?,,,,,,
125,47,"['urina', 'xixi', 'colocado', 'teste', 'caseiro', 'testes', 'cotonete', 'feito', 'feitos', 'comida']",Testes de gravidez caseiros com urina,Como fazer teste de gravidez com urina,Teste de gravidez com urina e cotonete,O teste de gravidez é feito com urina?,O teste de gravidez não é feito com urina?,O teste de gravidez precisa ser feito com xixi?,O teste de gravidez é feito no xixi?,O teste de gravidez é feito com urina de verdade?,O que acontece se um embrião for colocado no útero de outro animal?,"Por que, biologicamente, o ser humano é feito para fazer isso?",O que a bebê fez foi por impulso ou porque ela sabia que estava na hora da comida?,Esse bebê vai ser colocado para adoção?,O bebê ainda não foi colocado no berço?,,,,,,
126,67,"['contrações', 'dilatação', 'doem', 'dor', 'parto', 'as', 'contração', 'cm', 'partos', 'sentir']",Dor do trabalho de parto,Dor nas contrações e dilatação,Intensidade da dor no parto,As contrações do parto realmente não doem?,As contrações do parto não doem?,As contrações de parto realmente doem?,Contrações de parto podem não doer?,As contrações de parto doem?,A pílula de levonorgestrel pode ter causado essa alteração no sangramento e na menstruação?,O que são contrações miojo?,"Por que Deus, segundo a teologia, teria criado um mecanismo de parto que gera tanto sofrimento e que matou tantas mães e bebês?",Como um hospital em Porto Alegre pode ter 97% de partos por cesárea?,Os partos na época das pedras eram realmente assim?,,,,,,
127,64,"['sonhar', 'significa', 'luz', 'dando', 'sonho', 'significar', 'fazia', 'mulher', 'que', 'mexendo']",Sonhos com gravidez e parto,Interpretação de sonhos com gestação,Significado de sonhos de gravidez,O que significa sonhar que está fazendo o parto de outra pessoa?,O que significa sonhar que estava perdendo o bebê?,O que significa sonhar que fez uma cesariana?,O que significa sonhar que eu estava tendo um bebê e fazia o parto sozinha?,O que significa sonhar que estou grávida e que vou dar à luz sem sentir dor?,Como a luz do ambiente externo consegue atravessar as sete camadas de pele até o bebê durante a gravidez?,"Mesmo o teste do pezinho da minha bebê não tendo mencionado G6PD, ela pode ter herdado essa deficiência?","Se a mulher estiver grávida, o Vitacid afeta apenas o bebê?",O que significa um bebê de 2 meses ter traço falciforme?,Isso pode significar que o bebê de 1 mês não está satisfeito com o leite materno?,,,,,,
128,44,"['pós', 'inchada', 'diástase', 'barriga', 'desinchar', 'enorme', 'parto', 'gordura', 'perna', 'parecer']",Desinchar barriga no pós-parto,Barriga inchada no pós-parto,Recuperação abdominal pós-parto,O que aconteceu com a barriga no pós-parto?,Por que a barriga no pós-parto ainda não desinchou?,É normal a barriga ainda estar inchada com dois meses de pós-parto?,"No pós-parto, é normal a barriga ainda parecer de grávida de seis meses mesmo após a mulher perder todo o peso ganho, depois de três ou quatro meses?",O que posso fazer para desinchar a barriga no pós-parto?,Uma criança que apresenta barriga inchada desde 1 ano de idade e continua assim aos 4 anos pode ter SIBO?,Por que a barriguinha do Kaleb está um pouco inchada?,Quanto tempo levou para você melhorar com o tratamento do TOC na gravidez ou no pós-parto?,Que condição faz a barriguinha dele ser tão inchada?,"Em uma cesárea, cada camada é costurada separadamente, incluindo a gordura, o músculo e a parede do útero?",,,,,,
129,54,"['estupro', 'caso', 'estuprada', 'cuidar', 'permitido', 'considerada', 'aborto', 'abuso', 'vítima', 'quer']",Aborto em gravidez decorrente de estupro,Permissão do aborto após estupro,Interrupção da gestação por estupro,"Em caso de estupro, a gravidez pode ser interrompida?",E se a gravidez for resultado de um estupro?,"Em caso de gravidez decorrente de estupro, é justo a pessoa ter que cuidar da criança?","Em caso de estupro, isso justifica a realização de aborto?","Em caso de estupro, é permitido o aborto?",Seria possível criar um útero artificial para desenvolver um bebê em uma máquina?,É verdade que o osso do fêmur se afasta para permitir o encaixe do bebê na hora do nascimento?,A dificuldade para ter relação e a dor no pós-parto após a cesárea podem ter कारण psicológico?,A depressão pós-parto pode ser considerada aos 10 meses após o parto?,"Em casos de tipo sanguíneo e fator Rh diferentes entre mãe e bebê, qual é o parto mais adequado?",,,,,,
130,60,"['útero', 'ovários', 'progesterona', 'usar', 'tem', 'reposição', 'colo', 'precisa', 'via', 'mulher']",Reposição de progesterona sem útero,Uso de progesterona sem útero,Progesterona na ausência de útero,Quem não tem útero pode tomar progesterona?,"E quando a mulher não tem útero, como fica o uso de progesterona?",Quem não tem útero precisa usar progesterona?,Quem não tem útero precisa tomar progesterona?,Uma pessoa que não tem útero pode usar progesterona?,Uma bebê de 2 meses que regurgita muito pode usar Aptamil RR?,Os dois passaportes do bebê precisam ter o mesmo nome?,É normal que as perninhas do bebê fiquem muito abertas ao usar o canguru?,"Quando o bebê chega em casa, pode usar ventilador nele?",Quem faz tratamento da tireoide com Puran pode usar o indutor de ovulação Indux?,,,,,,
131,47,"['homens', 'engravidar', 'faz', 'sabem', 'ovodoação', 'conseguem', 'gerar', 'como', 'sozinhas', 'filhos']",Como engravidar e ter filhos,Como ficar grávida e ter bebê,Como ter uma gravidez e filhos,Como uma pessoa faz para engravidar?,Como se faz para engravidar e ter um filho?,Como se faz para engravidar e ter um bebê?,Como é possível ficar grávida?,Como posso engravidar?,A fertilização in vitro pode gerar crianças autistas ou com outro distúrbio cognitivo?,Homens sentem a dor do parto para afirmar que o parto não dói?,Como se faz o charutinho para o bebê?,A maternidade Amparo Maternal é indicada para ter o bebê?,Como os homens se sentem ao vivenciar esse momento?,,,,,,
132,86,"['menino', 'menina', 'acha', 'certeza', 'será', 'quis', 'dizer', 'ou', 'marcar', 'rosa']",Definição do sexo do bebê,Se o bebê é menino ou menina,Certeza sobre o sexo do bebê,Você já sabe se o bebê é menina ou menino?,Você acha que o bebê é menina ou menino?,Você já sabe se o bebê é menino ou menina?,Você acha que o bebê é menino ou menina?,Será que vem uma menina ou um menino?,"Em caso de placenta prévia, é necessário marcar a cesárea ou é possível esperar o trabalho de parto começar?",Os amigos teriam reagido da mesma forma se a fumaça tivesse sido rosa?,"Em caso de bebê transverso, é possível esperar o trabalho de parto começar antes de marcar a cesárea?",O que é fimose em menino?,O bebê da Lau vai ser menino ou menina?,,,,,,
133,69,"['baleia', 'filhote', 'amamentação', 'baleias', 'água', '100', 'mar', 'amamentam', 'filhotes', 'quilos']",Amamentação e saúde materna,Cuidados na amamentação materna,Amamentação da mãe e do bebê,Por que não se deve beber nada durante a amamentação?,"Durante a amamentação, é necessário dar pequenas pausas para o bebê respirar?",É verdade que a baleia amamenta seu filhote?,Bebês conseguem mamar e respirar ao mesmo tempo nessa fase?,Como o filhote não engole água junto com o leite durante a amamentação?,"O teste de ovulação negativo feito no 11º dia de um ciclo de 27 dias, com dor no lado direito e ingestão de muitos chás e água, pode ser um falso negativo?",Qual deve ser a temperatura da água para preparar essa fórmula? A água precisa estar quente?,A fertilização in vitro funciona 100% das vezes?,"Se uma baleia pesa 1 tonelada e ganha 100 quilos por dia, ela chegaria a 100 toneladas na fase adulta?",Você está comendo muitos carboidratos nas refeições?,,,,,,
134,66,"['alimentação', 'fome', 'alimentos', 'durante', 'dieta', 'gestante', 'comer', 'quantidade', 'quais', 'carnívora']",Alimentação e dieta na gestação,Dieta e alimentação da gestante,Alimentos e quantidade na gravidez,Como era a alimentação durante a gravidez?,Como era a alimentação antes da gravidez?,Quais alimentos uma gestante pode consumir durante a gravidez?,Quais alimentos a gestante deve ingerir durante a gravidez?,Como era a sua alimentação durante a gravidez?,"É possível que eu tenha pegado toxoplasmose da minha mãe durante a gravidez dela, se eu tenho uma cicatriz na retina?",Qual é a quantidade de iodo?,Como congelar alimentos para as marmitas?,Quais alimentos contêm iodo?,Como preparar o Nestogeno Espessar indicado pela pediatra para a alimentação mista da minha bebê?,,,,,,
135,43,"['cocô', 'fezes', 'evacuar', 'verde', 'força', 'fazer', 'normal', 'espumoso', 'muco', 'fórmula']",Alterações nas fezes e evacuação,Mudanças no cocô e evacuar,Fezes diferentes e dificuldade evacuatória,É normal o bebê fazer cocô logo que começa a tomar leite ou enquanto ainda está mamando?,É normal o cocô do bebê ficar bem espumoso também?,É normal o cocô do meu bebê estar muito mole?,O que fazer quando a minha bebê está há dias sem fazer cocô?,É normal que o cocô do bebê esteja verde?,A mulher começa a ovular ou ovula apenas uma vez por mês?,"Qual é a fonte para afirmar que um parto demorado, induzido ou com ingestão de fezes pode causar autismo?",O pai consegue limpar a Olívia quando ela fizer cocô ou se sujar?,É normal uma bebê de 5 meses com cardiopatia e síndrome de Down se engasgar frequentemente ao tomar fórmula?,É perigoso fazer força para evacuar durante a gravidez quando há sangramento?,,,,,,
136,46,"['anos', '16', 'adolescente', '15', 'pessoa', 'engravidar', 'idade', 'engravidando', 'jovem', 'uma']",Gravidez na adolescência e infância,Possibilidade de gravidez em meninas jovens,Adolescente ou criança grávida,Uma adolescente de 15 anos pode estar grávida?,Uma jovem de cerca de 18 anos pode estar grávida?,Como uma pessoa pode estar grávida aos 12 anos?,Como ela pode estar grávida se tem só 16 anos?,Uma adolescente de 15 anos pode engravidar?,O que significa uma filha de 15 anos também ter traço falciforme?,"Com 16 dias de cesárea, o sangramento já passou?","O que posso fazer quando, 16 anos após uma cesárea, a barriga não voltou ao normal, há falta de sensibilidade e sinto algumas glândulas?",Como uma pessoa pode pagar pensão sem saber se o filho é dela?,O leite materno serve para uma criança de 15 anos?,,,,,,
137,69,"['farmácia', 'negativo', 'testes', 'teste', 'sangue', 'exame', 'negativos', 'resultado', 'feito', 'mesmo']",Resultado negativo em testes de gravidez,Negatividade em testes de gravidez,Testes de gravidez com resultado negativo,"Mesmo com dois testes de farmácia e um exame de sangue negativos, ainda pode ser gravidez?","Mesmo com dois testes de farmácia e um exame de sangue negativos, é possível estar grávida?","Mesmo com teste de farmácia negativo no dia seguinte à data prevista da menstruação, ainda pode ser gravidez?",É possível estar grávida mesmo tendo feito um teste de farmácia com resultado negativo?,É possível estar grávida mesmo com dois testes de farmácia negativos?,O que ela tem para estar doente?,"Por que o exame de Coombs indireto pode dar positivo na minha terceira gestação, mesmo eu sendo O+ e o pai do bebê A+?","É possível fazer exame de toque sozinha, mesmo sem dilatação?",É verdade que só é possível fazer cesariana duas vezes?,O lúpus pode interferir no resultado do teste de gravidez?,,,,,,
138,42,"['sangramento', 'vermelho', 'vivo', 'apareceu', 'relação', 'errado', 'sangue', 'machucado', 'algo', 'significar']",Sangramento na gravidez e após relação,Sangramento na gestação e após relação sexual,Sangramento vaginal na gravidez e após relação,Sangramento há 12 dias é motivo de preocupação?,Um sangramento vermelho vivo que aconteceu sete dias após a relação pode indicar que há algo de errado?,"Se ela não menstruou mais depois desse sangramento, isso pode significar outra coisa?",Esse sangramento ocorreu no período em que a menstruação era para descer ou apareceu antes?,Isso é menstruação ou outro tipo de sangramento?,"Como são os pensamentos de uma pessoa com TOC na gravidez, se ela pensa que fez algo de errado ou que falou algo errado, muitas vezes relacionado à gravidez?",A incompatibilidade de tipo sanguíneo e fator Rh pode ocorrer entre pais sem parentesco?,O sangue era vermelho vivo?,A ausência dessas cólicas significa que pode haver algo errado com a gestação?,"Sete dias após uma relação desprotegida e o uso do Dia D, cólicas e uma secreção rosada por dois dias podem indicar gravidez?",,,,,,
139,50,"['seios', 'nos', 'dor', 'sentiu', 'sentir', 'doloridos', 'ficam', 'comum', 'mamilos', 'sensação']",Dor e sensibilidade nos seios na gravidez,Sensibilidade e dor nas mamas na gestação,Dor nos seios e mamilos durante a gestação,É possível estar grávida sem sentir dor nos seios?,Toda gestante sente dor nos seios no início da gravidez?,É normal não sentir dor nos seios na gravidez?,Você sentiu dor nos seios nessa gravidez?,É normal não sentir os seios doloridos durante a gravidez?,"Mesmo sendo uma istmocele mínima, há risco para a implantação do embrião?",Há explicações para não sentir dor durante a dilatação e para a dor só começar após o uso de ocitocina?,"O que pode ser esse sangramento escuro e depois claro, junto com dor nos seios, em uma mulher laqueada?","Por que, desde a minha última gestação há 5 anos, minha barriga fica inchada e com sensação de gases presos?",Gestante com 24 semanas de gravidez pode usar hidromassagem?,,,,,,
140,52,"['domperidona', 'produção', 'aumentar', 'materno', 'leite', 'efeitos', 'colaterais', 'começou', 'riscos', 'quais']",Domperidona para aumentar leite materno,Uso de domperidona para produção de leite,Efeitos e riscos da domperidona no leite,A domperidona funciona mesmo para aumentar a produção de leite materno?,A domperidona realmente funciona para aumentar a produção de leite materno?,O uso de domperidona para aumentar a produção de leite materno causou efeitos colaterais?,Uma gestante de 8 meses que ainda não está produzindo leite pode tomar domperidona para aumentar a produção de leite?,Você chegou a começar a tomar domperidona para aumentar a produção de leite materno?,O Kaleb já começou a mastigar?,Qual a porcentagem de iodo que foi tomada?,Há algum risco em colocar dois embriões em uma fertilização in vitro?,Quais são os riscos e cuidados necessários para engravidar depois dos 30 anos tendo tireoidite de Hashimoto?,A prescrição de Qlaira e Prolut Nor para adenomiose significa que já comecei a terapia hormonal?,,,,,,
141,46,"['outro', 'ela', 'vem', 'filhos', 'jovem', 'atualmente', 'vai', 'será', 'filhas', 'nasceram']",Gestação e saúde materna com novos bebês,Novo bebê e condição da mãe,Nascimento do bebê e saúde da gestante,Será que ela vai ter outro bebê?,Ela vai ter outro bebê?,É verdade que ela vai ganhar outro bebê?,E o bebê dela?,O bebê dela já nasceu?,"Por que uma das minhas filhas nasceu com tipo sanguíneo A+, diferente dos outros filhos, se eu sou O+ e o pai é O-?","Na cena, Helena não trocou os bebês, mas entregou o filho dela para a filha porque o outro bebê tinha morrido?",Atualmente existe parto humanizado?,"Se um bebê não puder ser amamentado pela mãe, isso pode ter algum impacto significativo na vida dele quando jovem ou adulto?",Será que a Jade vem mesmo?,,,,,,
142,54,"['quantas', 'quantos', 'meses', 'você', 'gestação', 'estava', 'semanas', 'está', 'tomadas', 'previsto']",Tempo de gestação em meses e semanas,Semanas e meses da gestação,Idade gestacional em semanas e meses,Com quantos meses de gravidez você está?,De quantos meses de gravidez você está?,Com quantos meses de gestação você está?,Você está com quantos meses de gravidez?,Com quantos meses de gravidez vocês estão?,Quantas gotas de iodo foram tomadas por dia?,A partir de quantos meses é possível fazer essa tática em um bebê?,Com quantos meses está a filha da Rayane?,"Se for um elefante, faltam mais dois meses para o parto?",Como devemos proceder em casos de violência durante a gestação e o parto?,,,,,,
143,59,"['bolsa', 'estourou', 'contrações', 'estourar', 'romper', 'amniótica', 'líquido', 'ir', 'começarem', 'sair']",Rompimento da bolsa amniótica,Bolsa amniótica rompida,Saída de líquido amniótico,Deu tudo certo com a gestante e o bebê depois de a bolsa estourar e as contrações começarem com 32 semanas de gravidez?,Como é possível esperar pelo parto se a bolsa já estourou?,"Se a bolsa estourou, o bebê vai nascer?","Se a bolsa estourar em casa, devo ir imediatamente para a maternidade?",A bolsa da gestante estourou em algum momento antes do parto ou permaneceu íntegra até o bebê nascer?,"Como é possível o períneo permanecer íntegro, sem romper e sem sofrer nenhuma lesão?",O que devo fazer agora que minha bolsa estourou?,Isso é tóxico para uma gestante e para o bebê dela?,Como saber se o líquido que saiu enquanto eu almoçava era urina ou se a bolsa estourou?,Esse procedimento pode romper o útero?,,,,,,
144,71,"['placenta', 'descolamento', 'acontece', 'baixa', 'fica', 'anterior', 'perigoso', 'corpo', 'contínuo', 'hemorragia']",Descolamento e placenta baixa,Placenta baixa e descolamento,Riscos da placenta baixa,"Se a placenta não descolar, isso também faz mal?","Se a placenta descolar, isso faz mal?",O que pode ser quando a placenta cai?,O que acontece quando a placenta está no colo do útero durante a gravidez?,O que acontece quando a placenta está anterior?,Esse cisto pode ser um cisto de corpo lúteo?,Baixa natalidade é mais vantajosa ambientalmente e ajuda a evitar a extinção humana?,Algum alimento também é perigoso para um bebê diagnosticado com G6PD?,Você está sofrendo por quê?,"Amamentar é um bom investimento de tempo, considerando que pode diminuir as chances de passar a noite inteira acordada com um bebê doente e de gastar com dentista no futuro?",,,,,,
145,69,"['dói', 'anestesia', 'cesariana', 'cesáreas', 'sente', 'cesárea', 'dor', 'menos', 'nascendo', 'relacionada']",Dor na cesariana e anestesia,Dor após cesárea e anestesia,Dor durante cesárea e anestesia,"Depois da cesárea, não dói?",A mãe sente dor na hora da cesárea?,"É verdade que, após uma cesariana, a mulher sente essa dor?",É possível passar horas com dor e ainda assim precisar de uma cesárea?,A cesárea dói muito?,"A perda de movimento do pé esquerdo e da perna em uma gestante, oito meses após cirurgia bariátrica, pode estar relacionada à falta de vitamina B12?",A diminuição dos movimentos do bebê após o uso de hidróxido de alumínio pode estar relacionada a esse medicamento?,Por que tantas crianças que estão nascendo agora estão tendo APLV?,"O que pode causar dor, sensibilidade no mamilo e um pontinho branco com saída de secreção branca em quem não está grávida nem amamentando?",Uma mulher estéril que adota um filho também passa por essa transformação de mãe?,,,,,,
146,48,"['episiotomia', 'laceração', 'evitar', 'humanizado', 'parto', 'corte', 'rasgue', 'perineal', 'fórceps', 'garfo']",episiotomia e laceração no parto humanizado,corte perineal episiotomia e laceração,evitar episiotomia e laceração no parto,"Durante o parto, é preferível rasgar naturalmente do que fazer episiotomia?",Não fazer episiotomia pode prejudicar o parto?,"Sem episiotomia, é possível não ter laceração nenhuma no parto?",O que fazer quando ocorre uma laceração durante o parto?,"Na segunda gestação, a episiotomia é necessária no parto normal?",Por que ela escolheu o garfo em vez da colher uma vez e depois escolheu o garfo duas vezes?,Como evitar dor no peito durante a extração de leite?,É pior ficar com urina na bexiga sem conseguir eliminá-la?,Como evitar engordar durante a gravidez?,Como evitar que o bebê também pegue o resfriado?,,,,,,
147,32,"['aas', 'aspirina', 'eclâmpsia', 'pré', 'trimestre', 'mg', 'tomar', 'prevenir', 'primeiro', 'sentido']",Uso de AAS para prevenir pré-eclâmpsia,Tomar aspirina para prevenção de pré-eclâmpsia,AAS na gestação para reduzir risco de pré-eclâmpsia,"Durante a gravidez, é necessário aumentar a dose de aspirina que já tomo todos os dias?","É correto tomar um comprimido e meio de AAS na gravidez, descartando a outra metade?",Não é permitido tomar aspirina ou AAS no primeiro trimestre da gravidez?,"Na primeira gestação, aos 36 anos, o uso de AAS é recomendado apenas por causa da idade?",Gestantes com 33 semanas de gestação e alto risco de pré-eclâmpsia devem usar AAS nessa fase da gestação?,"A dipirona mencionada é a de 500 mg/mL, já que existem várias dosagens?",A suspeita de gravidez ectópica faz sentido nesse caso?,"Uma gestante com trombofilia hereditária, em uso de Clexane 40 mg e cálcio 500 mg por dia, pressão de 10x6, 14 semanas de gestação e morfológico mostrando artéria em 1,5 precisa tomar AAS?","Em uma gestação gemelar dicoriônica diamniótica, com 34 semanas, quando deve-se parar de tomar AAS para prevenção de pré-eclâmpsia?","É normal sentir coceira intensa no primeiro trimestre da gravidez, incluindo no couro cabeludo, rosto, costas, braços e pescoço?",,,,,,
148,43,"['percentil', 'semanas', '34', 'gestação', 'kg', '19', 'mm', '36', 'com', 'cm']",Percentis fetais e crescimento na gestação,Crescimento e percentil do bebê,Tamanho fetal por percentil na gestação,"É normal a bebê estar com 3.114 g às 36 semanas e 37 semanas e 3 dias de gravidez, ou isso é motivo de preocupação?",O que devo fazer com 25 semanas de gestação se o bebê está caindo no percentil?,Está tudo bem com o bebê de 34 semanas que está no percentil 4?,Como está o bebê com 18 semanas de gestação?,"Como um bebê pode estar com 1,3 kg com 16 semanas de gestação?","Como uma bebê pode ter convulsão febril com 34,5°C?",Você é quem cria o bebê durante a gestação?,Há risco para o bebê ou algum problema se o exame de Coombs estiver reagente 1:8 com 34 semanas e 6 dias de gestação?,"Com 19 semanas e 2 dias de gravidez, o peito já pode estar formando colostro ou leite?",É normal estar com cólicas e sangramento com 6 semanas e 4 dias de gestação?,,,,,,
149,57,"['pós', 'disso', 'normais', 'partos', 'sentiu', 'parto', 'muitos', 'puerpério', 'lidar', 'gases']",Puerpério após o parto difícil,Recuperação no puerpério pós-parto,Bem-estar materno no pós-parto,Você ficou bem depois da complicação no parto?,Como você e o bebê estão após o parto?,Como foi passar por tudo isso de novo no parto?,Você está melhor um dia após o parto?,O que você fez para não sofrer no pós-parto?,A ciência afirma que é possível adquirir autismo durante a gravidez ou no parto?,O uso disso não afeta a saúde da criança?,"Há algum problema para a gravidez quando o casal tem o mesmo tipo sanguíneo e fator Rh, B positivo?",Qual é o nível do beta?,Uma bebê que já tem dificuldade para evacuar e muitos gases pode piorar com esses leites?,,,,,,
150,52,"['sintomas', 'sintoma', 'sentiu', 'quais', 'mesmos', 'relatou', 'os', 'sentindo', 'apresentar', 'nenhum']",Sintomas de gravidez e ausência,Sintomas na gravidez e falta,Relato de sintomas de gestação,Quais sintomas de gravidez você teve?,Quais sintomas de gravidez você sentiu?,Quais foram os sintomas no início da sua gravidez?,Quais sintomas você sentiu no início da gravidez?,Quais são os sintomas da gravidez no primeiro mês?,Você melhorou dos mesmos sintomas de dor na virilha e no reto após a cirurgia?,Quais fórmulas infantis são boas?,Quais eram os sintomas de refluxo da sua filha?,"O relato seria sobre o processo para engravidar, como ele se sentiu e a perspectiva dele?",Quais hospitais já oferecem essa pulseirinha nas maternidades?,,,,,,
151,62,"['semanas', '39', 'entrar', '40', 'induzir', '37', 'trabalho', 'gestação', '42', 'ir']",Quando ir à maternidade e induzir parto,Ir à maternidade e indução do parto,Início do trabalho de parto e avaliação na maternidade,"Se eu chegar às 40 semanas de gestação, devo ir ao hospital ou esperar o trabalho de parto em casa?","Ao completar 40 semanas, devo ir para a maternidade mesmo sem a bolsa romper ou sem contrações de parto?",38 semanas de gestação é cedo para entrar em trabalho de parto?,O que fazer se eu entrar em trabalho de parto antes das 37 semanas de gestação?,"Uma gestante com 36 semanas, com parto marcado para 39 semanas, pode entrar em trabalho de parto antes da data prevista?",A reposição com Systen Conti é saudável ou é sintética?,A ideia de comer tâmaras a partir de 36 semanas de gestação é válida?,Uma gestante de 37 semanas com oligodrâmnio já deve ir à maternidade para ser avaliada?,É possível ir para a maternidade assim?,O bebê pode nascer antes de eu completar 8 anos?,,,,,,
152,65,"['recuperação', 'cesariana', 'cesárea', 'após', 'pós', 'repouso', 'chiclete', 'operatório', 'resguardo', 'melhorou']",Recuperação no pós-cesariana,Recuperação após cesárea,Cicatrização e resguardo pós-cesariana,Você está se recuperando bem dois meses após a cesárea?,Como é a recuperação da cesárea?,A recuperação da cesárea é realmente muito difícil?,"Você já melhorou da recuperação da cesárea? Se sim, o que fez para melhorar?",Você precisou tomar remédio após a cesárea?,A recuperação após a laceração volta ao normal com o tempo?,O TOC que surgiu na gravidez melhorou?,Há alguma orientação sobre gestantes terem contato com roedores?,Como tem sido o repouso na gestação com pessário?,O repouso na gestação com pessário é absoluto?,,,,,,
153,63,"['cabelo', 'crescer', 'materno', 'crescimento', 'queda', 'leite', 'cair', 'tática', 'tanto', 'chupando']",Leite materno no cabelo e queda pós-parto,Leite materno no cabelo e crescimento capilar,Queda de cabelo pós-parto e leite materno no cabelo,É mentira que o leite materno fez o cabelo da bebê crescer?,É verdade que o leite materno fez o cabelo da bebê crescer muito?,O leite materno estraga o cabelo do bebê?,É verdade que o leite materno faz o cabelo da bebê crescer muito?,É falso que o leite materno fez o cabelo da bebê crescer muito?,E se essa menina cair?,O espermatozoide pode crescer sozinho fora do útero?,Que sensação você sente quando sua barriga começa a crescer?,A criança cai de cabeça ao puxar a cadeira ou ao cair do sofá?,Em que semana você começou a notar o crescimento da sua barriga?,,,,,,
154,61,"['teste', 'devo', 'fazer', 'atrasar', 'repetir', 'esperar', 'menstruação', 'negativo', 'gravidez', 'atraso']",Teste de gravidez após atraso menstrual,Quando fazer teste de gravidez,Repetir teste de gravidez com atraso,O teste de gravidez deve ser feito depois de 15 dias de atraso da menstruação?,Devo fazer outro teste de gravidez após dois meses sem menstruar?,Devo esperar um pouco para fazer um novo teste de gravidez?,Foi cedo demais fazer o teste de gravidez após um mês de atraso menstrual e ele ter dado negativo?,Devo repetir o teste de gravidez se a menstruação atrasar?,De quanto em quanto tempo devo fazer a lavagem nasal em bebês?,Meu filho engoliu um objeto; o que devo fazer?,Não seria melhor fazer o acompanhamento da criança desde agora?,Posso fazer o teste de farmácia no período da tarde?,Devo repetir esse exame ou posso confiar no resultado?,,,,,,
155,42,"['reflexo', 'vermelho', 'olho', 'preto', 'aparecer', 'câncer', 'exame', 'feito', 'cor', 'significa']",Significado do reflexo vermelho no bebê,Interpretação do reflexo vermelho no olho,Resultado do exame do reflexo vermelho,O que significa o reflexo vermelho do olho estar preto no exame do bebê?,O que aconteceu com o olho da bebê?,E se o reflexo vermelho do olho do bebê aparecer preto?,O que significa o reflexo vermelho no exame oftalmológico do bebê?,É possível que o reflexo vermelho não apareça no exame?,Essas mensagens são destinadas apenas às crianças de até 7 anos?,Na Espanha também é feito o exame de estreptococo do grupo B na gravidez?,O teste de ovulação com carinha feliz aparece apenas uma vez ou deve ser feito mais vezes?,Por que há um ponto preto no meio da barriga em uma cesárea?,Com quanto tempo antes do atraso menstrual pode aparecer enjoo na gravidez?,,,,,,
156,40,"['ferro', 'suplementação', 'ferritina', 'endovenoso', 'deficiência', 'avaliar', 'hemoglobina', 'ar', 'falta', 'aperto']",Suplementação de ferro na gestação,Ferro na gestação e deficiência,Tratamento de deficiência de ferro gestante,É possível fazer a suplementação de ferro por conta própria durante a gestação?,A suplementação de ferro deve ser recomendada desde a descoberta da gestação?,"Ferro baixo na gravidez, com cansaço, falta de ar e moleza no corpo, pode indicar a necessidade de ferro endovenoso?","Na gestação, também não deveriam ser solicitados exames de ferritina e saturação de transferrina para avaliar a deficiência de ferro?","Se eu precisar de ferro durante a gestação, o pré-natal vai indicar ferro endovenoso?",A criança é autista ou tem alguma deficiência?,É melhor manipular essa suplementação?,A suplementação pode fazer os cistos desaparecerem?,"Em qual dos dois morfológicos de primeiro trimestre deve-se confiar para avaliar o risco de pré-eclâmpsia, se um exame apontou risco aumentado e o outro baixo risco com três dias de diferença?",Seria indicado levar a bebê ao médico para avaliar a língua?,,,,,,
157,39,"['trompas', 'ectópica', 'trompa', 'obstruídas', 'engravidar', 'dificultar', 'quadril', 'ovário', 'didelfo', 'útero']",Gravidez com trompas obstruídas,Possibilidade de engravidar trompas obstruídas,Engravidar com trompas obstruídas,É possível engravidar quando há problema nas trompas?,O que vai acontecer comigo em relação às trompas obstruídas e à possibilidade de engravidar?,Você engravidou sem as trompas?,"Mesmo tendo apenas uma trompa formada, é possível engravidar?",É possível engravidar sem as duas trompas?,Por que não fazer uma cirurgia para que a diarreia pare e ele fique melhor?,Essa técnica ajuda na displasia do quadril?,Qual é o melhor remédio para tratar um cisto no ovário identificado no exame?,Como ela vai sustentar esse bebê se não tem dinheiro nem para se sustentar?,"O seu parto foi igual ao meu, moço?",,,,,,
