topic_id,sample_type,position,question,cosine_similarity,question_sha256
0,boundary,1,"É possível emitir a guia pelo Chrome, usando a versão do site para computador?",0.7189422845840454,9e9578681d070ca1caf58723f44dd28e1d59ee95c413e1b5666e3e6777751750
0,boundary,2,É permitido trabalhar como afiliado da Shopee enquanto se recebe salário-maternidade?,0.7842892408370972,e599ef4e05ea26297acf686370dc4c586f6ddee4fd08ec275316236d4300163b
0,boundary,3,"No meu caso, a guia para continuar contribuindo deve ser preenchida da mesma forma que no vídeo ou preciso बदलá-la?",0.7897536158561707,931dc55f741fa904e05623f58f5b50181a355d713d61434f01fbbc41f11c3f2e
0,boundary,4,Devo preencher a competência com o mês e o ano em que estou?,0.7945447564125061,bfdb462b796418685fa588d0b13ffb861154a265aa9942b17ac8de7cda8331da
0,boundary,5,"Por que, ao tentar emitir a guia pelo aplicativo, ele vai para a parte de calcular contribuição e não permite gerar a guia?",0.8012757301330566,fc81713ba48508f364a5383d25a8d45fd31cf392366714c5c289e79be3003ae1
0,central,1,Uma gestante de 6 meses que vai começar a contribuir agora tem direito ao auxílio-maternidade?,0.9845380783081055,39135b4ba2b1fde3fcdc36ff708c946c48eb1ad0aba1fd5d94d5f00a3e86cde4
0,central,2,É necessário contribuir por mais um mês para ter direito ao auxílio-maternidade?,0.9836716055870056,4deda0906c12e6c03d42c0e3673c6beed455c47a88fe99cf4035689653b1d8d6
0,central,3,Com quantos meses de contribuição é possível ter direito ao auxílio-maternidade?,0.9832190275192261,acb4f1d2831a4f8aeb05169a840aa52dfe690f829a0631c6cdda5f185fecd705
0,central,4,"No meu caso, preciso aguardar minha filha nascer para conseguir solicitar o salário-maternidade?",0.9831874370574951,e45681dbc8c592895d3b956eb83e3b1d948c5242313eec320692ff5ba9d821cf
0,central,5,"Se o bebê já nasceu, ainda é possível receber o salário-maternidade?",0.9831321239471436,5d83d7a44ebcf37205672d972eef400394e137935be1e068bb5742385c02a356
1,boundary,1,Uma mulher de 39 anos com enxaqueca pode usar o anel vaginal?,0.8436088562011719,0a8eafc953d0d8058869503fbae140708716626a467a264764bfe11b8072880a
1,boundary,2,"Depois de terminar essa cartela, devo pular a pausa de 4 dias e emendar a próxima cartela?",0.8529304265975952,abb2c6f0e2ced5d848a8db909f50ba43663e1ec2fb326e7cf97f4ee499376c4a
1,boundary,3,"Sertralina, clonazepam e Pasalix podem interferir na eficácia do anticoncepcional Yaz?",0.8590654134750366,3635b95e3750c230cb255de235b3ce2b67b9bb13042bd97761967d594122ceea
1,boundary,4,"O uso de sertralina, clonazepam e Pasalix pode interferir na eficácia do anticoncepcional Yaz?",0.8703622221946716,9a44c2d7a56fa09d068250d73e56f66f162cf34fca01eac26cbb47b6e45a11d3
1,boundary,5,O pantoprazol corta o efeito do anticoncepcional?,0.8762689828872681,040e377c000501aaae0739949aa36933410c06b9808aae3457e6cdf17276f08f
1,central,1,Tive relação no 9º dia de uso do anticoncepcional; posso engravidar?,0.9794164896011353,0f87f8e48ff6f05253a909e2f849ad6af3697c317fc6663b7cfaed67a226968b
1,central,2,É possível que eu esteja grávida após iniciar o anticoncepcional há 4 dias e ter tido relações?,0.9793171286582947,c5233542cab2666fbe948a195f5700d253757c6f99e50d4eb2beb34771ba99c3
1,central,3,"Tomar a pílula anticoncepcional no mesmo dia, mas com atraso de horário, oferece risco de gravidez?",0.9782990217208862,f2feeabf6034fa75695e4a6fb2efaf19d7ec5a9077d36a5598a42753c2bc3d0d
1,central,4,"Depois de parar a injeção anticoncepcional trimestral e ficar três meses sem menstruar, isso pode ser gravidez?",0.9780623316764832,12bf48b16f3cdeb290bdfaf6502345d198f1ae301071c1ee3d62349793a1f4b0
1,central,5,"Se eu não tomar outra pílula, há risco de engravidar mesmo estando há 7 dias tomando anticoncepcional?",0.9780608415603638,337ab0ea74d209e34925d641c6402b123487261a71485720c2836e452bd9e535
2,boundary,1,O parto vaginal seria uma espécie de cerimônia de iniciação para a maternidade?,0.8112331032752991,781bef94fb540f05e935cce702c309676e72d190f2f949592cdc88295926f5dc
2,boundary,2,A tibolona é segura para uma mulher de 51 anos que está com o sono péssimo?,0.8130398392677307,a29f13e40481f5f0dca1b10ffe5546889f5eed13c9628fd71547c1ba435e7a8b
2,boundary,3,A via oral do Ultragestan pode causar náuseas?,0.8312069177627563,0a8b51618faf767e1e25fb5c5af84fd85df8e322af7e70f3d6b0e0bd52a8bddd
2,boundary,4,O AD-Til deve ser administrado em 4 gotas por semana?,0.8319326639175415,02cad0546f9b70561ef9b7e523f24952787a4a4413e79432a0839476bafb1a98
2,boundary,5,"Pode haver hipoplasia mamária mesmo com a reposição de GH, se a causa estiver relacionada a outro hormônio?",0.8340666890144348,376661772b573316730438d6eeed5b4d5dbbb6fc7e1a084843095635c1470808
2,central,1,A progesterona precisa ser usada por via oral?,0.9818262457847595,0d3ded501dc2e5b05d8c46a74e30a9235d0766a2226c6e7202120a432fcb13b1
2,central,2,A progesterona deve ser tomada de forma contínua?,0.9815151691436768,a1ae87dd7cbb6b3d4442b0172c1a3b67093540b3b3ef066e6ef63b762a13a377
2,central,3,É aconselhável tomar um comprimido de progesterona de 100 mg por noite?,0.9808193445205688,7fe7474a8cfa7b3b5f9b6188548556fadf982a8e3d9ec3613a1d55beec80c920
2,central,4,Por quanto tempo a progesterona pode ser usada?,0.9799124002456665,d9f3af5437c6d789aa66402630499fe07f073f98bf8195763affc0e6c9be7447
2,central,5,O médico indicou para você tomar progesterona depois do ciclo menstrual?,0.979733943939209,214ab3ddc615fc8e6560af4659ccffdb7832c02d22cd921ea3ded7e36d64d252
3,boundary,1,O iodo a que o doutor se refere pode ser no sal marinho?,0.7625306844711304,d5c68aa024fbfefd83b4b3a1f0488d67e76a9ed9e363de22c84f96f71ed0a3e3
3,boundary,2,Como um teste de gravidez em papel consegue dizer se uma pessoa está grávida ou não?,0.8601232171058655,1e57ab4129c6b577cd07a18c681908f30ac48345ce9d224d1169b0e277e025af
3,boundary,3,Como nasce uma pedra grávida?,0.8693145513534546,64c69bc36898dd1bd252dfb18f71b554eea732d176d543f42a2944180154ac09
3,boundary,4,Isso é um espermatozoide?,0.8893373608589172,63b02768b4236bbcca25a9a2cc73f46c02d7efb0dae3b27aebb26232f0600356
3,boundary,5,Maria engravidou de Jesus na adolescência também?,0.8956811428070068,a3da120f306a350bbae58613743faabc551dd237514ea40599874da474cc8dc8
3,central,1,Será que ela está mesmo grávida?,0.9909818172454834,fe3a00c718510fbe908f760b9b48b67f8356ace7dda12e3e9e25f163201b10bf
3,central,2,Ela estava realmente grávida?,0.9901573061943054,53dff10bbee8d62314a588cbe5b5a467d97bae256d0cc90871c10a5e252635b6
3,central,3,E se ela estiver realmente grávida?,0.9895989894866943,5852bb944e446c545f6e53a4950085340024049b34eac5143e40c3b76234ba74
3,central,4,Ela está grávida de verdade?,0.9892375469207764,ebf1d2b8c06ac12f2c9af8162e85eecfdd2400ccd19b36bee0cc1c9f30793cac
3,central,5,Como assim ela está grávida?,0.9886914491653442,f869cd4de1db03dc976ca19784f0c6c8e5d3ce704080f5a42d97e7cbe8a0fc3d
4,boundary,1,Qual é o nome dado à condição em que uma criança nasce sem os membros?,0.8126182556152344,a8e2e6326db4ad0578c3b8d484974ddb9e89a720b8134c95a7acaadde86a5f77
4,boundary,2,Qual é o nome desse adoçante e onde posso comprá-lo?,0.8275222778320312,e5df4756d9bb6706abea0bd418091d82202ec6f6265ae2f83304b1e547d2c1d2
4,boundary,3,Um bebê pode engasgar ao ser alimentado com seringa?,0.8366174697875977,fb82b888ff50d2ac1ff01df2e30dcba3bc92174a931d9703d1505aa603eb4cb2
4,boundary,4,Qual apelido é mais מתאים para Valentina: Valen ou Vava?,0.8440725803375244,562bdf3ab558c180f19e9535aa6a7da730a10749cb74f48933f3ab5e16e7613f
4,boundary,5,Meu segundo bebê também pode estar com APLV?,0.8443530797958374,34d0d5a292005855cfb3973f5ddbb470ab7c121bcf06a25a8a954cd78fc6b274
4,central,1,Qual nome seria escolhido se o bebê for menina?,0.9857467412948608,23f8329e455f156dc0fe1dfb41ff6eb181ecc37d7f0efbdc895730789168b72b
4,central,2,Qual nome seria escolhido se o bebê for menino?,0.9856606721878052,7e8dde9e1f921f29111abc322fdd70e772d6030c80fdab8b9777e60ec501e7e0
4,central,3,Qual nome você sugere se o bebê for menino?,0.9856189489364624,a6ee4e47dd9c8bfc5804917e459598ba758570aecc28e654b491a86660989d54
4,central,4,Qual nome colocar se o bebê for menino?,0.982535719871521,c07d5a8d50133417da6fea10491e243b3fc0c3aac4b78142ad51138b49cc0633
4,central,5,Qual foi o nome escolhido para a bebê?,0.9819958209991455,8d82ce746ede835d27c2fe9ed5d9173b1f90231612dd3f8fce954b5aee788de2
5,boundary,1,Uma criança pode nascer com microcefalia?,0.8425534963607788,e13f6aef4d00547f94d4782ef75dbd19a9d6a08347a72b4d888aea973b6623fe
5,boundary,2,Por que você grava apenas a mulher gritando de dor em vez de gravar o nascimento da bebê?,0.8525594472885132,1b9e65312c1b0c00bd84754c6990015fef438934965d8e4ff39a4ac5f491f299
5,boundary,3,O bebê vai ser a Ayla?,0.8548365831375122,affc033746182d3a731e28388470c0f47172f347b2ed3b736144ca99b06306d0
5,boundary,4,"Um bebê pode nascer com deformidades, como sem braços, pernas ou nariz?",0.874009907245636,3deae1fd21bea006b46274d705a35cd3f15b60173f1af362c4e2fc339df4f592
5,boundary,5,O que significa um Apgar de 9 a 10 no nascimento do bebê?,0.8866679668426514,156d15916f60ea205c6571624b16eb0f97a2f4f00260f12742ad986609b4f67f
5,central,1,A bebê vai nascer no dia 31 de janeiro?,0.990123987197876,03444b1126e200c030968ff487901a53f89473e29791bdbdccfe36cfe8a02136
5,central,2,A bebê vai nascer no dia 29 ou 30 de janeiro?,0.9894885420799255,53da47907c0b10514ff0706533dc06a416686984893dd6762e11b07a0bf9f3e2
5,central,3,"O bebê vai nascer no dia do aniversário da pessoa, em fevereiro?",0.9893827438354492,e0903612d0d762373c194765a08bf0045ff082c4bd8d5e216c5c2ba4758fb5db
5,central,4,A bebê vai nascer em 28 ou 29 de janeiro?,0.9889542460441589,b09e94d8e9098a7a30310fd686514357cab23d0b775ee44c8eceac969a4143cf
5,central,5,Em que dia meu bebê vai nascer?,0.9885042905807495,b2eb90fba6af04507baf3ae00f913f30e5d134750e821b00525ea4e3da7175e2
6,boundary,1,Você está sentindo dores em qual região especificamente?,0.8237050175666809,977b58d59714e754c6fd4f396b0d15ff869928b0c88a9d9f69a31a968c16d87a
6,boundary,2,"Uma gestante de 36 semanas, autônoma, MEI e com contrato temporário que vai terminar no próximo mês pode requerer auxílio-maternidade além do salário-maternidade?",0.826042652130127,a2c7a68e9d7112f121f0c51ffd4b36bb109ae954d4f185a50e4a5ad210c03773
6,boundary,3,A dor e o inchaço na parte de baixo da barriga há 5 dias podem ser endometriose?,0.8417775630950928,8da8616843a38a9178944c3a54fd3e349f8293bfbacc17d304e407c323e17282
6,boundary,4,O que devo fazer para aliviar a dor lombar pós-parto que está irradiando para as pernas?,0.8909291625022888,d097ab7dbbd7bd1e69e4870676ffa918c119ebe4c79251c70c77643f1cfb6fa0
6,boundary,5,"É normal, com 7 meses de gravidez, ainda não ter saído colostro?",0.9174652099609375,978755784638b1b7bf537473adba3d0f40b3302e01aa2c0ec96ca7290bd7d923
6,central,1,Uma gestante com 35 semanas que já sente todos os sintomas de dilatação deve se preocupar?,0.9819642305374146,fc5cb868f4e3fe94d6e16ef57ee1dee5390e72593b3de4315f809ff1a17c43a5
6,central,2,"É normal ficar assim por uma semana, com 38 semanas e 3 dias de gravidez, 1 cm de dilatação, contrações constantes e fisgadas no canal vaginal?",0.9811978936195374,3a0c51f791e3657720f9c179a5c34384f23492eb44b853ff6d7595e71a12de65
6,central,3,"Uma gestante com 39 semanas e 6 dias, com saída de tampão mucoso e barriga ficando muito endurecida, já está tendo dilatação?",0.9799814820289612,f76df4ad2145594b5fa1f5a5d3a3494474a4e07e92e9f23e3df1b95527dcad8a
6,central,4,"Uma gestante de 29 semanas com dores nas costas, dor na parte de baixo, sensação de pressão e barriga dura o tempo todo pode estar dilatando antes da hora?",0.9790852665901184,89a107001bbbc3aa01a03a4e51f8a2e93a2cf85d622b67aed4b64ab5a13dcf32
6,central,5,"Com 38 semanas e 3 dias de gravidez, sentir muitas contrações de treinamento e a barriga parecer que vai cair e apertar indica dilatação ou início do trabalho de parto?",0.9788175225257874,a8c0f4087b2a4f58c6a6385099b0a9b18d7b3af0185c91d3d5bb9eefebf7f64f
7,boundary,1,Essa dor nas pernas pode ser sinal de trombose?,0.826770544052124,65a15115e4d3b8f115cfb879860670b8702b892601aa4a0d22377fb19ff0080a
7,boundary,2,Você teve dor de cabeça?,0.8558676838874817,f3cbcd6fdda3ada2aef6591c20d71b4979be885ed6c9d61c28e472392c46234d
7,boundary,3,Seios doloridos constantemente e dor de cabeça podem estar relacionados com essa saída de leite?,0.881077766418457,74c807e32d6e449055ff222abe4d84daef54bd1d01c223dcf886477646136c85
7,boundary,4,Tontura e queda de pressão 60 dias após o parto podem ser sinal de algo grave?,0.8835892677307129,b6e0a71862884144ad40ce046c67e2b945c2762efd92ff45319e1f5f09122147
7,boundary,5,"O que pode ser a dor pélvica e no baixo ventre, com inchaço e irradiação para a lombar?",0.896281898021698,f30de3b17b4eedd38b83766579623ba625c8e5a65871e9b737e7038302ab54c5
7,central,1,"Um atraso de 4 dias, com cólica, dor nas mamas, dor lombar, fome e um pouco de sono pode ser sinal de gravidez?",0.9878513813018799,40e0efadfffc6603f28e5b8c2941a1ad73c5458829938e19d3b54207ec0f8db9
7,central,2,"Seis dias de atraso menstrual, seios doloridos e cólicas que vão e voltam podem indicar gravidez?",0.9858287572860718,66b7ed24dc8d6113e8882aba43b8ac83f99e58f52c3f2aa233db5377bb421993
7,central,3,"Os enjôos, as cólicas leves, a dor de cabeça, a dor nas costas e o atraso menstrual podem indicar gravidez?",0.9848982095718384,809df6dfb2985d4b6ad7364b37d025a5c06140fa8f15aeae610571346398927c
7,central,4,Dor nos seios e cólicas com 12 dias de atraso menstrual podem ser sinais de gravidez?,0.9831821918487549,b002cb421f611dbccccb61b0049171728027a8f05e6d284853f9db9d415caf07
7,central,5,"Sintomas como cólica, dor nos seios, dor de cabeça, enjoo e dor nas costas antes do atraso menstrual podem indicar gravidez?",0.9830842614173889,44f1d7f98a683eff0c54e0e854bf3249c84b8a2a29f1994a9dd74e0095e723c1
8,boundary,1,"Segundo o protocolo, o SBG deve sempre ser tratado pelo risco de RPM, sem necessidade de atingir 100.000 UFC/ml?",0.7256409525871277,7fa4ec426d69e959996d745feaeb8822505dd9316039561e628b69188b690aae
8,boundary,2,É demais uma bebê de 6 dias tomar 60 ml por mamada?,0.7933832406997681,eed2dc5ada6e8cb9f14ffbe4dafb38848d6f44c8865232e624cf1c601c1c1c44
8,boundary,3,Daqui a quantos dias devo fazer o beta quantitativo?,0.8732517957687378,28d66f44b12f1d74648eea3a0322e5a080cc6ce5ac43013eee5fdb7aafd14809
8,boundary,4,O que devo fazer diante desses sintomas com 37 semanas de gravidez?,0.9021060466766357,8daf5e24d186a2d90d20522061caf6c3ffe09dde21929511f135ed039f86297b
8,boundary,5,A ausência de cólicas nesse caso é um sinal bom ou ruim?,0.908809244632721,9df6783f826080d5f8f8d386d1cd9b4a8fc6cada7b5bb3ab0bb07198353c6328
8,central,1,"Um resultado de beta-hCG de 0,26 indica gravidez?",0.9859442114830017,0fbf335f6a0acd7e5844b57b99d2f0cc70f3d433771947129af90b55ce7d5fc8
8,central,2,"Um resultado de beta-hCG inferior a 2,39 indica gravidez ou não?",0.985916018486023,e4dcb251c1694a5f59a43e7a48e5a152edd0e7472663ef09f070ee9391cbcd1d
8,central,3,Um resultado de beta-hCG de 29 indica gravidez?,0.9829641580581665,a930cff840c9a53d47d6ea3719a5b5c24bf6440dd5f63eea135b31007cc7b569
8,central,4,"Um resultado de beta hCG de 207,6 indica que estou grávida?",0.9827345609664917,e163f70f31f29b90f6d84ae757c926528cf56145b6d91e0c4966ef8e465654d2
8,central,5,Qual é o valor de referência do beta hCG nessa fase da gravidez?,0.981593132019043,5581f5a206b654c3c44a74ab638ce39d64d8a216117f0bb0ef82a4c82011d43b
9,boundary,1,"O sangue venoso é o mesmo que sai durante o período menstrual, por ser contínuo e pela tonalidade?",0.8949156999588013,ca7eb976fb1ba97e21762f0409e49efa181b375b291cde08233cf2ed4e673de1
9,boundary,2,"O sangramento menstrual se encaixa em qual tipo de sangramento: arterial, venoso ou capilar?",0.9013472199440002,b1f3345cbd3ca3c2b76347a44814597a5eb35ff0f941d0453b8ccb7e511a749d
9,boundary,3,O chá de uxi amarelo e unha de gato pode fazer a menstruação descer após mais de 3 meses de atraso menstrual?,0.9016013145446777,4bac0f7de50e6f362a9067848d60c44000f6adc8d400ef13eb776f6a0376ebb3
9,boundary,4,"Depois de uma cesárea, é normal a menstruação voltar apenas uma vez com seis meses e meio e depois ficar quase três meses sem descer?",0.9131364822387695,b156ba897fb329ab9f1bb17ad645df5831d2ca2fe69e6aa2d7f79085283fb2dd
9,boundary,5,"É normal a menstruação não ter descido 10 meses após uma cesárea, enquanto o bebê mama bastante?",0.9139314889907837,b6797c9ac46aa065a5aefd61d0e1ee4a502f7f8f1ca2978b33f512a4a096ea60
9,central,1,"É normal a menstruação durar apenas um dia, como aconteceu no mês passado e neste mês?",0.9848930835723877,24dd97f0f7e2e6689d2d89bf986b5fd252d08cb627ea3f8300e5389cdbca2e38
9,central,2,A menstruação já veio ou continua atrasada há quase dois meses?,0.9829689860343933,d0d0c753e3ed1470c22734672be64ce1c544c5879adac61649809b37d654152e
9,central,3,"O que pode ser quando a menstruação vem antes do previsto e dura só um dia, como aconteceu comigo?",0.9817624092102051,173665772a642ddfa7b4b768cd9395263504d1c87aa6e19aa89910a3de42ec6d
9,central,4,É normal ficar três meses sem menstruar?,0.9814696311950684,0c37f40e6695e0099c2261199a77be853ed0b30246560c6c7aa224d2deb48128
9,central,5,O que pode causar menstruação atrasada por 1 mês?,0.9801207780838013,c1d57e60d5fd8a223a9891e1638abbe5b51c30560b8ef87778200dc6d6c4f1e4
10,boundary,1,"O órgão masculino serve para receber os óvulos produzidos pela fêmea, em vez de depositá-los?",0.7829611301422119,53af855ac57954f9764105487e18a6ce20bf429d70b6b0acdf7b0a265aaa0016
10,boundary,2,O uso de chupeta na infância está associado a distúrbios alimentares ou ao vício em drogas?,0.8465530872344971,c123c0554cc827f8442e26ba22e3c323da856f1121745bbdaab00eaf3e9a7c2d
10,boundary,3,"Ao preparar a fórmula, não deveria ter colocado metade da água e depois completado com o restante para não aumentar o volume?",0.8548405170440674,af24629d32eeb11b676a122f57201f29e25124d69be8a078cb202f40808363a2
10,boundary,4,"Existem estudos consistentes, com amostra representativa e metodologia robusta, que sustentem essa afirmação sobre chupeta na infância?",0.870110034942627,c7bac2d87652cca083880c806d146c85f134473fb00e84ca0f8b0bb8437b4cbe
10,boundary,5,"Por que alimentá-lo dessa forma, deixando-o sugar tanto?",0.8737725019454956,e0de38cc8acc46c3ba50764d7d6b9bf65ff5ab57f9d4b92451613e1a386483e7
10,central,1,Por que não dar na chiquinha ou em uma mamadeira menor para o bebê?,0.9849629402160645,4e8b9cecf7a3a7e91fd17fb07eca5bbae6da5b24271b939be0c5aa9f70f50cfc
10,central,2,Por que não dão logo uma mamadeira ao bebê?,0.9840145707130432,d27fdb9afc677838403fa7eb50e7a7a11d111d48219ddbc7e413d09bfcbe46ce
10,central,3,Por que não foi usada uma mamadeira para que o bebê sugasse à vontade?,0.983820915222168,c5435b81f40a7233ce576f6ebfe9693756fa5b331abe08c09180f785402d03e7
10,central,4,Por que não usam uma mamadeira para alimentar o bebê?,0.9828604459762573,04fb7af864c52757429a8b2df42414e6e6776913bc9e9b1bffd145fd91395e7a
10,central,5,Por que usar seringa para alimentar o bebê em vez de mamadeira?,0.9814742803573608,853574172ac5e3b5255554433e8976fd1631bb08854707625eaf87a19f284529
11,boundary,1,Como funciona a explicação de que o cromossomo X ou Y do pai vem da mãe dele?,0.7557821273803711,9efeeb96da7f15d953fd67abbf0e320ae1219389b862705a234770f9e33dec63
11,boundary,2,É აუცილary?,0.7722185850143433,8bfcb7b7d984f559829840d5ce6772e819573ae56f342ec86e75c220df34a303
11,boundary,3,O que significa DCT aumentada?,0.8210300207138062,31417ee195cc6baaaa5215b2e6ce8773e096972eb776ae3ac715990780160e4f
11,boundary,4,Como posso obter Lugol?,0.8222949504852295,4170ab30a1dab140fddbe8beb1a239b73e350a12f88c77ecc74df0ab5877d4c4
11,boundary,5,"Nesse caso, existe risco de ruptura uterina durante o parto normal?",0.8228714466094971,cd389e42e5cfb546038d004eaa14d53882eb602895e6a21f4c87b854d3f824d8
11,central,1,O que devo fazer nessa situação?,0.9691699743270874,5f9faf5d9df89b99c5c464d2646269165c45fcd92a555b42fcc9a42c407359aa
11,central,2,Como você fez isso?,0.9691253900527954,6bb0e86fcd2956fd33cfa9e3d0176e0a972db53bdf8f71cb730ca918bbeffda1
11,central,3,Como foi essa situação?,0.9667598605155945,40270ba04a2e040e9be452cfec81b7ed88b9ca47fcbe7cf9276b28e366dcb779
11,central,4,O que fazer nessa situação?,0.9667505621910095,ac1ae74d063096e8f41d3b703c2eafcae6d7157e5b03353cd800ef764c2032b5
11,central,5,"Você já foi assim, sabia?",0.9648058414459229,2f97a66561cec46e1c2283e6f5666e6d3196e6678d4d843c466a864f6389adb5
12,boundary,1,Em quanto tempo é possível ver os resultados desses exercícios?,0.8100799322128296,12b11b2e6440a3dd451167f6f64a09fc024a4cb7db5d83fbaf5299e6771fe4f9
12,boundary,2,"É possível que eu tenha uma infecção, já que meu exame preventivo mostrou uma lesão grande há algum tempo?",0.8385807275772095,0e51b016236a537df2ef752cfd326025788864378938d43c9c98a4a08bad5204
12,boundary,3,Você fez ultrassom?,0.8682479858398438,eaefc32f2fa8a443f794d8f2d4c2bc457129c1d235a8200bbd375cad840c29c0
12,boundary,4,Você já fez o ultrassom em outro lugar?,0.870900571346283,c4660a0393d216363dce9aaefe6d8be13aeddbbe0c513e8797c84774f087a0c3
12,boundary,5,O ultrassom transvaginal pode mostrar se há cisto ou ovário policístico?,0.8718229532241821,c4205e80dbd2c4519597459457117814f6ff3473e556ad75384707d629b8fa4d
12,central,1,Já foi feito ultrassom nessa fase da gravidez?,0.9830197691917419,b829d9d3b9d79f7c1a7a994ef7f0634fa85de870b0bd6699da258dfe00c27cf5
12,central,2,Haverá outro ultrassom mais à frente na gravidez?,0.9818689227104187,7266c7072cc9ebcf8ccb29e605338745827b2f34a5b3991ba4197320200d5273
12,central,3,Com quantas semanas de gravidez já posso fazer um ultrassom?,0.9782174825668335,870090c231f7e12a38ef4550c59c39217c8374443f612a22c599cb6b2251ea06
12,central,4,"Com 3 semanas e 6 dias de gestação, ainda é muito cedo para fazer uma ultrassonografia?",0.9768791794776917,372caf54863b9433c4168fba487a4cf611b2a68518e165feb2f628f8bffa3a94
12,central,5,"Nesta gravidez, o médico consegue saber pelas ultrassonografias se já saiu tudo?",0.9765067100524902,d1480a40fbba02a171d7f60b9bb0afd4d6a84ac2531161b760bb527ee735a5ca
13,boundary,1,O inchaço nos pés aconteceu desse jeito mesmo?,0.8115075826644897,8140da5507e703b3c2dae60d30b4abd9e41ac4486a971c0747e971805ffe6370
13,boundary,2,Há risco de o seroma encapsular ou de ser necessário fazer punção?,0.8418601751327515,3b839e1945e9b2abafb9ea9daccd005bed712094551ad716a1ed85fc284babee
13,boundary,3,Como fazer a massagem para aliviar a disquesia do bebê?,0.8460016250610352,60433769239331fc5fdd3fabde9a3c895d7a04b62cc8e3b431f8b14a99c85707
13,boundary,4,"Esse pedaço de linha branca na cicatriz pode ser um ponto saindo, uma parte da sutura que ainda não caiu ou um pelo nascendo e inflamando a cicatriz?",0.8596233129501343,8aed9839647f06ca7fa20cd995dfc5c9dbf52c17b97ea9c8035a9b84df658376
13,boundary,5,É normal a secreção do seroma ficar amarelada e com aspecto de gordura?,0.8657413721084595,67f83f1c7e99f6f3bed6d9b9a5ee5287e73e412293fb323752c0bbcdde4a3417
13,central,1,"É normal, 20 dias após a cesárea, a região ficar muito endurecida, dolorida e inchada, mesmo com quase nada de drenagem?",0.9816167950630188,09b066b11b9a56a813511b27abb8c566176de4220a143151890deb3bade44e76
13,central,2,"É normal ainda não ter tirado os pontos da cesárea após 18 dias, porque a região estava inflamada?",0.9798764586448669,c9985c472e64af7f828d099124a2877fe2ae275534ece049eda1f97e0fa16e10
13,central,3,"É normal, após retirar os pontos da cesárea, continuar vazando líquido por 6 dias, sem dor, cheiro ou febre?",0.9793076515197754,2f418fabe417c48c46b0bcf0ab97a70c4d396ce6c02390d1ac10e3b879c997c8
13,central,4,É normal sentir dor e dificuldade para andar 14 dias após uma cesárea?,0.9772645235061646,0aab79a1dd2157eda9721e22df76e191a2a2c4de48c9016f96844fcbb4224d7a
13,central,5,"É normal, 20 dias após a cesárea, ainda estar saindo secreção e os pontos ainda não terem sido retirados por causa disso?",0.9770442247390747,ba4be5bf416d196907377dbb4a882b7ee01fe5f764e2ed889a4b78877964ccc1
14,boundary,1,A cólica do bebê pode ter sido causada pela mistura de Neocate com Pregomin na mamadeira?,0.7810433506965637,452a1e52a37a59359158e4df97f2b798f958405e671c33216830b0e29bb59106
14,boundary,2,O espermatozoide dura cerca de três dias?,0.8531702756881714,69073f42fae72df75e51d2ead2229f69c11036738d9a6e74638563da77bb590c
14,boundary,3,"Uma mulher de 54 anos, com miomas e coágulos de sangue na menstruação, pode engravidar?",0.892363429069519,28a5d54efffb4563a1162c69992f41259a88a693684b18304e7e5ba2f4bc778d
14,boundary,4,"O que pode ser um sangramento em cor de ""borra de café"" que aconteceu 16 dias antes da menstruação em uma mulher tentante há 1 ano?",0.9050930142402649,9c2a53dee82e30246d6f899fc5cd2ae0d9a42ecec83b6792a2acc5c3bf4f2cd0
14,boundary,5,"Depois de o tampão sair pela manhã, é normal sentir apenas uma leve cólica, sem sangramento e sem rompimento da bolsa?",0.9114477634429932,d9f22125f1952cbef6b8c455ebeafcd247be7b3c472757d06a44e94553d47e5a
14,central,1,Um sangramento de dois dias pode ter sido sangramento de nidação em vez de menstruação?,0.9850513935089111,9fd4871a4468d5e4ef126f636148091519e952d7392aec6cff71b52ee48ef4f0
14,central,2,Um sangramento leve que durou três dias pode ser nidação?,0.9845826029777527,b43dba951efd62d7a6bebaa1d433ea442f4fbdca311fccfbac53c765eb22e3c3
14,central,3,A nidação pode coincidir com o dia da menstruação?,0.9837608337402344,aa50a1da33511eb3b67685e59053dac0a4ebee4893cffe826a45fcd9b0f1bce4
14,central,4,A nidação pode acontecer muitos dias depois da data em que a menstruação deveria vir?,0.9834555983543396,c974115d2086e495b36a80c08e226d062d2603c53bc9af90e36c7169153183e7
14,central,5,Um pequeno sangramento na calcinha pode ser nidação?,0.9815559387207031,376ea0ad8ec63df3b2f8487775503825c32ab47882a664f10508aa071ccdf224
15,boundary,1,Uma gestante que depende da moto como único meio de transporte e mora longe do trabalho pode andar de moto?,0.8483635187149048,e2cd2596dc996f3164095ae599b723d66d4b508886b72ff217a662343763dd2f
15,boundary,2,Gêmeos que nascem com diferença de 7 horas são univitelinos?,0.8686950206756592,0433d673a87193dfd00d6f08bda5a3161b11fb92af0f70760eafb961ca4b088d
15,boundary,3,Arthur e Sophia são gêmeos?,0.8703617453575134,c32e2fb5d7e6efe64d6207e4a2acc84d7bf2555a0a486381eeb88362e2b28f32
15,boundary,4,Arthur e Sofia são gêmeos?,0.871683657169342,88cf3673b3debcdd2b171aec13c0ab98a543bf0ab6839ff386e6b650e84c525b
15,boundary,5,Arthur e Sofia eram gêmeos?,0.8724174499511719,be425970fad7927998a99be6db40bd3a84bc7d4f5893fd775ae50d58b3dd261f
15,central,1,"Há dois bebês na gestação, ou seja, são gêmeos?",0.9878888130187988,88f9966398d2b19ff85736b74cee039158ce3683bf14fd7c7d47b5b00fe4f4e4
15,central,2,Uma gravidez de dois bebês significa que são gêmeos?,0.9858955144882202,18c6b308e716469354591e6c073dcff6583a4193c4f9f6c9c25c09ffa80ef76c
15,central,3,A gestação é de apenas um bebê ou de gêmeos?,0.9855167865753174,21e1abe9d263b31bb75143a8cdba5ff2821d7a8042db24e26278873aaf875f3c
15,central,4,E se a gravidez for de gêmeos?,0.9852766990661621,89f7b630179e203af7463aba49e3d16b3d7b904171d5fe54fc202c98f2ade087
15,central,5,Será que a gravidez é de gêmeos?,0.9849865436553955,54d7a8c9c06034706658466bda50763c1c27ab95ac063f3cd6f103b8a866bdd2
16,boundary,1,Qual é o tempo de proteção da Beyfortus contra o vírus VSR?,0.7337398529052734,155c62f939146c2d868fe40e69bf583d73bea4e4cb6c2a7865844fc9298c040d
16,boundary,2,Uma criança com síndrome de Down e deficiência de G6PD pode tomar dipirona?,0.7819923162460327,a703dd8e8585b6113695c40c90713b14d01a46623eeef30ce09747f0555ac3b7
16,boundary,3,Existem clínicas particulares de vacinação no Canadá?,0.8343111276626587,2677e1ee2f3560e0921c18b956266540b5b7893f8cf9c46b9fac43a8182b3420
16,boundary,4,"No Ontário, Canadá, a vacina contra bronquiolite só está sendo oferecida para bebês que nascem na temporada de bronquiolite?",0.8503718376159668,ac68e8d39320c0a9d9834f34e6dd0810e9f86d72f6e7ce05bc77f51bacf344f8
16,boundary,5,A bebê ficou com a mãe após o nascimento ou foi levada para outro local?,0.8600667715072632,13cc2aab4bc24327d442b9993cbcf9b155b2ee0bf48b290ec11e3a627f0179ee
16,central,1,"Se a mãe tomar a vacina durante a gestação, o bebê também deve tomar a vacina contra bronquiolite quando nascer?",0.9663271903991699,c7c9e468f5f5a55900535b623546063ed2df66ee89dfe458cbb8b900ddfad754
16,central,2,"Se a gestante tomar a vacina contra bronquiolite, qual deve ser o intervalo até o bebê ser vacinado?",0.9637854099273682,40e866c0e03db4c622aab4ca8c7842b33369dea33297df915e317d7a318138cc
16,central,3,É melhor tomar a vacina contra bronquiolite durante a gestação ou após o nascimento do bebê?,0.9632149934768677,545a37e6b7c65b37a3fe7d598fe976179b522a2aa7f240d1502232c2d4cb4d2d
16,central,4,"Após o nascimento, a vacina já pode ser aplicada no bebê?",0.9623637199401855,169c440235cc7992abaed1431e28a9864fb5078a54c2e48dc87e32b894f41da9
16,central,5,"Depois que a bebê melhorar da bronquiolite, ela pode receber essa vacina?",0.9622929096221924,01dec0cd878f3244d9bda785d96872da1da886885909ac54c15bebac774efe89
17,boundary,1,É possível amamentar o bebê com o carro em მოძრაობimento?,0.7336632013320923,f57b354f5f2c3b8f9580a561e3796b1f5c07ad53f1650dd7eee6e8013a98b8e2
17,boundary,2,Essa seringa tem o bico duro?,0.7870990633964539,b3b4db724b78cbbf8a97930ece7c944f885fc097c9934f16c0ea6d48b967c3ca
17,boundary,3,"Na pega correta, o movimento deve ser de baixo para cima, e não o contrário?",0.806342363357544,de4a1d441676d45a88db24fa360ab65bdf682f81f029e8d54556f69a19ffe325
17,boundary,4,Existem lasers para cicatrizar a aréola que cicatrizem na hora e realmente funcionem?,0.8408323526382446,a206851e5aea597b354455c90315123220ad34aeace63e6338de50402e5c906a
17,boundary,5,O que ele tem no peito?,0.8490253686904907,4da3473c871b2db0cabb46005d6aa1f3aa6e624f10df4a15b23846df933f1afb
17,central,1,O uso de mamadeira pode prejudicar a amamentação?,0.982623815536499,2b2147797343352891ddeaddb486fac262a2544a2f2215a10241b57559d1c4cc
17,central,2,O que fazer para o bebê pegar o peito durante a amamentação?,0.9821081757545471,36f0852732b9eafe58f889caaf74dec2daeb48b13e0e2d0e002ca36f294160bc
17,central,3,Como assim não pode amamentar dessa forma se essa é a técnica mais utilizada?,0.9805787801742554,6896b1471a604eac7f422dbdb05113aebe4c157328a0501bbc99dc16ff638953
17,central,4,A amamentação costuma ser muito dolorosa?,0.9789595603942871,9e05514b9d80c60e9de58b556bbae2b90bed6ef8d16e1b01b9ee28c3d4abfa5e
17,central,5,Estou amamentando do jeito errado há três meses?,0.9785606265068054,a69dd48100c2e3487d607489616a76ff34ed0c060d39b084d7bc65c7f5fa0304
18,boundary,1,Por que não colocar um na ponta da seringa?,0.81607985496521,555e7881fe423a20305f86c8976d7ba7522ac529155f0cd120110f25186d3047
18,boundary,2,É necessário colocar o bebê para arrotar?,0.8207746744155884,99c79113b95457fc0a3f816da3eae21c5263499ceb84772ab9e83d4eb5ed69a0
18,boundary,3,O uso de uma cinta pode machucar ou piorar a ferida após a cesárea?,0.828272819519043,d27d9b6084efd169ea1dfb782c0d6d883c9b4f3aee08e8e3279edacdae86fac1
18,boundary,4,É preciso colocar alguma proteção na pontinha para não machucar o bebê?,0.8483697175979614,07596abdc8326e71ef201316246873f24896b0ef5e92fba567bc16c2ca3619ec
18,boundary,5,Isso pode machucar o bebê?,0.8492203950881958,6dc37c679c9b8e00ce5781b2280a6cf9fce8b463f9ea2f1b8011aa301688856b
18,central,1,Qual é a vantagem de colocar o DIU?,0.9808076620101929,a4666792a5de6e460bb28b83680c67b62ca29d6e2ae400268f3f89090da8c81b
18,central,2,Qual é a necessidade de colocar um DIU?,0.9800784587860107,ab47bcf6973722b19f3bd38e08b98302e006eb8a7f895b60d3c2f3dd286768b5
18,central,3,A colocação do DIU costuma ser um pouco desconfortável para a mulher?,0.9793064594268799,d5981be3d00bcdec6f7505da434666843f5a6d2535eed829174d3ec166133fd0
18,central,4,Não é mais fácil usar camisinha em vez de colocar o DIU?,0.9792252779006958,6b789b76801bcca1d44f9f734bb3a3dbc26ca515c40b65bffd31b9bbdbc86df2
18,central,5,É necessário estar menstruada para colocar ou retirar o DIU?,0.9787096977233887,022a4ff4c2955aa5706d9b7df257acf46f86ffe2e487b8c2e89a756c985b8227
19,boundary,1,O corte da cesárea é realmente tão גדול?,0.8290338516235352,3ae903f1f3d71bd6e7cabdc4cbe89f1cbe08ffae6c86dd5cc87fe17bb327db7b
19,boundary,2,"Vale mais a pena ter o filho fora do Brasil, considerando o valor de 19.800?",0.8359261751174927,30307dfd3dd11047ca536a10300733e58e384daf7ac27baa238b679de3368f16
19,boundary,3,"A RCP em gestantes é realizada depois que o bebê nasce ou ainda durante a gravidez, com o bebê na barriga?",0.8653436303138733,75cb81d62e20f1118a52207e93faefad6f83a470d8f2e49d7e7fb217aa789121
19,boundary,4,O parto cesáreo impede a liberação desse hormônio?,0.8902456164360046,31a93608003384840e5c938ec1cc3e3895ef3f11c96f6a337ba7d063c1fdc8f8
19,boundary,5,Pessoas do Ceará nascem apenas por cesariana?,0.8921196460723877,ee4cfa029917d4ad0eacfc7881bd8f2889a4053b6e7b9c3664dd0578ad59c8b5
19,central,1,Por que o parto acabou sendo cesáreo?,0.9877161979675293,72fe55e7883a32c13752ee43fed7245e6dbdc65fa03d575388078583a7fec266
19,central,2,Quais são as reais indicações de cesárea?,0.9865269064903259,251711291674904687db4442910530bc568b8f9f1f3644c2019b25f483d412c2
19,central,3,É melhor o parto normal do que a cesárea?,0.986229658126831,65a2198e9fc19a76356151f109342ba98031feabcaa8fba24d4e26f4fbc7b6fc
19,central,4,Você pode comentar um pouco sobre o parto cesáreo?,0.9857420921325684,520d3d7f84465a526406d8e328e3cd70b8df91331d83f38ae3ce990532eeee21
19,central,5,O parto normal é realmente melhor do que a cesárea?,0.985644519329071,ddd525341816b72eefbe1d2c9690e046f569038c26429edc9ee42c03c5aa0cdd
20,boundary,1,O que é esse cordão no pescoço dela?,0.8537200689315796,4fc3f4b704540264b5aadc5bfc7252dc78b9950827a52588dae972d828e1b8c2
20,boundary,2,Você colocou uma bola dentro da barriga?,0.8702241778373718,03e16cd3e8b4c366576af413d66a298afa005b93d59e09f33fac06c6fa3ad030
20,boundary,3,"Esse cordão no pescoço era algo para aliviar a dor, como o que bebês usam?",0.8705770373344421,7a958dec27c21639c74842bd0502cda103bf1ada15af63752edcc5272fa66d57
20,boundary,4,"Por que a água não entra no ouvido, no nariz e na boca do bebê que está dentro da bolsa amniótica?",0.8749815225601196,466acbd7ae711ce6f53128ae55ffde510560e1c2b74ecbde66cbab3903a71186
20,boundary,5,"Em gestantes que usam corticoide para amadurecer o pulmão do bebê, o surfactante é liberado mais cedo?",0.8750516176223755,ab7e0c56faaebbc440ac8b10fb790277b66fb5b921f10e077e277895bd720ab3
20,central,1,Por que o bebê não fica de pé dentro do útero?,0.9703659415245056,d8b6e77e6ff2b1f173f48687f62a7edfccea5aa64abf4af39c947daa8a1c657c
20,central,2,O bebê não se afoga dentro do útero durante a gestação?,0.9700194597244263,ea1cc3ced19bd9e09e51b10ca90a8c39fe67f2258ed4ab4ad61ac68dd3b70f37
20,central,3,O que o bebê fazia dentro da barriga durante a gestação?,0.9698576331138611,4ca8db7f55fc74b6b0eda317090626e6363da99a2a5314f5f84e8d7176fae323
20,central,4,Como o bebê fica dentro da barriga da mãe durante a gestação?,0.9697126150131226,16f81a3313d26a97002c6a8445da5c77d21bc854b7f4558a258fe04e85c71d34
20,central,5,Como o bebê fica dentro da barriga na posição cefálica?,0.968518078327179,2cec3c6525b90c194e43355f9b174e4477a147c079be8052e430b57eb6a0fe64
21,boundary,1,A dificuldade para ouvir pode estar relacionada à suspeita de síndrome genética deleção 1p36 da filha?,0.799418568611145,7e8429492a83714863854205251c80bfce8b5884da1fc53d31870a8fb7ae67e8
21,boundary,2,O nascimento de uma criança com doença congênita indica algum erro divino ou a inexistência de Deus?,0.8237548470497131,283aa7c8375cf84af61b803203354f206880325ce32bd845e064562e033460f6
21,boundary,3,Quantos anos a Izadora tem?,0.8402326703071594,8c60f03ce4262eda5caa06224eacb9220588602f9b81b8edde0fd9521d72ca6a
21,boundary,4,"O reteste da orelhinha, já agendado, pode ser feito em qualquer horário no Hospital Rio Solimões?",0.8428802490234375,0ee3c3a4d7527560446dae645c4ecf09115a48c8a6b0c6a330c865e870645291
21,boundary,5,Quantos anos o Kaleb tem?,0.8470560312271118,b82b5c8862c19a51acd088ed57f1c7822c0b65dc3b15800f1b74b66ca79b7ce9
21,central,1,Por que esse bebê está assim?,0.976356029510498,59cdd9e5a78ad480c12402c51875a252309616aa8d7d9fb2a6915af5d476cc27
21,central,2,O que é isso no bebê?,0.9751415252685547,79d04ab14c794d24be86e3c276b1c106579df3a7fd83b0bbad61208586b1096b
21,central,3,O bebê tem algum problema de saúde?,0.9748779535293579,9325a92f1a936c1b05b64eda2c2011774e2f0ef47b7473730c1b3e7fade32f4e
21,central,4,O que a pediatra da bebê orientou sobre isso?,0.9748744964599609,e6d07e7bb9322366e5ff14a064e2e58d7e9f109517a93893224c8a358129a911
21,central,5,O bebê é doente?,0.9747936725616455,e396acaa5e3bebaf03a2051563bb8fb18aacf15b64f28f99736bba16b4ba36d0
22,boundary,1,Está vindo mais um bebê Martins?,0.892080545425415,093f5dddae412cc601940987572fd92ef45b58bc3570d7c129c09c3ac396ac3a
22,boundary,2,"Quando o médico diz que o bebê é 90% menina, isso quer dizer que ainda existe 10% de chance de ser menino?",0.8971377611160278,a86bff1c578383beb113fb2b751cb4ce59ca3371a212f5ab9e3c5dd20ca8aeb9
22,boundary,3,A criança tem culpa na situação da gravidez e do aborto?,0.9123498201370239,496fdf50b12c10d19d5e3656c51dc3e79a4a44b02e4a36445719a58523de6d1a
22,boundary,4,Você está vomitando?,0.9132664203643799,516d1c115f0e032b3a7ca86f4ee560ba04b7f94cfd26bb9005f335fcedaef9a6
22,boundary,5,É normal sentir muito medo do parto normal na primeira gravidez?,0.9158291220664978,dee1cfde9c0fcf30aa7b8958618f68af762e6d32d6507447493a4950b9556f6b
22,central,1,Você realmente está grávida?,0.9903415441513062,ebfb27c2b8fd9028b36a22f45e0628d4a310c24623574953b7868977085304a1
22,central,2,Você está realmente grávida?,0.9900826215744019,f58d6e962a484728ef442e72e42f31bf6f1284903a6c1c4366f2bcb5b6b0a21c
22,central,3,Será que você não está grávida?,0.9896794557571411,072ed41879365ff00a11d7130f1c8629eef0dfd51a4f79e2b551e40a960db5cd
22,central,4,Você já está grávida?,0.9892808198928833,c0c3e8dda39bf7b54d9368f39e1b6a9ee41d62e81d887ca98d8a3a94d03e2468
22,central,5,Você tem certeza de que está grávida?,0.988851010799408,4147630191d8606d35fa777d966152bbb70148f5f112488728071700086554b8
23,boundary,1,Qual é a sua idade?,0.8480416536331177,2486e75849b5794a9ad2854bf9b19807ca44623a984a69f10f2cb70ab254a6ae
23,boundary,2,Quantos meses a Sofia tem?,0.87474125623703,1a086e426ba790deaa2eae02153ca3d6b054b0cfe9e7ded37cdaebd7ee0dabd0
23,boundary,3,Posso andar de moto com 22 semanas de gravidez?,0.896777868270874,857c3fbdf61899ab297f5f8328f94ae836af9f43f6e484bad0ae9eba0a386f8f
23,boundary,4,Quantos meses a Sophia tem?,0.8992581367492676,3b33456a03e4f37f262c96852fe378de2c95dcb058c1c8732bcf8e7c982c8796
23,boundary,5,A partir de que idade gestacional a fisioterapia pélvica pode ser realizada?,0.9065997004508972,a1a069fc36eb921a6d4f2e4b306050511cfc92603455210adcde205ea6fc2adb
23,central,1,De quantos meses está a gravidez?,0.9873558282852173,941d02281fe20c2e238e78202aaac48b694ef6e1d5bd24246365f29aed8b90f3
23,central,2,De quantos meses está a gestação?,0.9869521856307983,fc94327f6fd86c8e306713236c3490f6943dc02409472a2a980b9222a8c08d0e
23,central,3,De quantos meses de gravidez a gestante está?,0.9867715835571289,39e75b57f2687ea71b6e7c9542a0270b8679c91d5be1b92f1677f5163174357f
23,central,4,Com quantos meses está a gravidez?,0.9847971200942993,76ef125f67fbeb0127fea0cb8ca07741de718ee7fa538292f6c950a419438f9a
23,central,5,De quantas semanas está a gravidez?,0.9834647178649902,e8bcda9c08516e004d281a260f83a78472b0d405d84be6a412321a5f53f94c8a
24,boundary,1,"Se o bebê for considerado irlandês, como é emitido o documento de nascimento?",0.7910864353179932,f9cbd17e71b1adbc2a0b7322a7768d6cbec36ed39c2ec4046b450ef5f7a02d75
24,boundary,2,É verdade que o bebê não é considerado irlandês se a mãe e o pai não forem irlandeses?,0.7940009236335754,7c098a22884fb03541662fec2880259e7dc307d410b7bc655e497d8c1ea01cc1
24,boundary,3,"Quando um adulto perde a atividade cerebral, os médicos chamam isso de morte cerebral?",0.8034994006156921,70d1bb6eca6c1670c51d8f1772d0488bcc339decefda09bacf1c622531d9a487
24,boundary,4,O desejo de protagonismo no parto por parte das mulheres pode ser considerado narcisismo?,0.8081361651420593,afae67a05b95ae0a32635cfb1979ba1cf2ea033cfdc9e4060a55bbe925d4e95f
24,boundary,5,"Em uma fertilização in vitro (FIV), a contagem das semanas de gravidez começa 7 dias depois da transferência do embrião?",0.8495081663131714,22122456bcfe7ebc549c525e122f4f72c847c4c9fac55edbd14391dc3bf8a0f3
24,central,1,"Se o embrião está vivo, ele tem vida?",0.9775900840759277,36a12d8f125ce42c93dd72514623032addc7092baf499504a1a4eb46bb1b40da
24,central,2,O embrião deixa de ser vida?,0.9737200140953064,8d0514ea5171a8f3a83be2d0bcf8cf87a76da200870f7d33f41ba3b1b5a51b49
24,central,3,Um embrião é um bebê?,0.9722171425819397,15dad6d16d1cee62f78260caf4f4af0cefc46f9edaeb67757ce176f7e68734a9
24,central,4,O embrião é um ser humano?,0.9698989391326904,36675089db2c91111ceefe5acf2ac63233f6d667d41693859442d9b780c8a974
24,central,5,O embrião também era assim?,0.9667248725891113,56282d0b15074b38b03a1de7486a41514344f5ac4d182951e8043f7d26a18906
25,boundary,1,Ainda há tempo para meu filho de 10 meses ficar superinteligente se eu comecei a dar iodo agora?,0.7184469699859619,987997cc271f1048799c4f9658c8c72fc8bc85bdcb066dfea8bdf3150d8e7e5c
25,boundary,2,Há alguma tentante em 2025?,0.7297003269195557,28c02242b7d75915db4199cf47a92cdb0ca58d9cc7ee5fca06b51634b5ca5ad3
25,boundary,3,Alguém engravidou depois de a Olívia completar dois meses?,0.746030330657959,a72332cef657e01c25cbd73ec3b7af4ea07187f610d1a017b6bb42ed1f512ab6
25,boundary,4,Por que tantas mulheres morreram durante o parto normal neste ano?,0.7798429727554321,a1f136b43ba4804dfb4690148076b3710ffbef8b41b558da0413718f0a9fa095
25,boundary,5,Existe alguma forma de fazer o quadril abrir durante o parto para evitar uma cesárea de última hora?,0.7857317924499512,bb55fcb830953a957af02f6f2a6822bc5c7164d81ff5c349c59d73d0c7a790b1
25,central,1,Quem tem MEI tem direito ao auxílio-maternidade?,0.9855263829231262,ab0738b3bbbd566a1e17fa8e5b9bc08625792011dee97495f54472369d72fc2e
25,central,2,Pagar apenas o MEI garante direito ao auxílio-maternidade?,0.9840002059936523,494e192312ee46c2f505a6a448a88cc290656e61663349b2a6f3e66b5e0d0a83
25,central,3,Quem é MEI também tem direito ao auxílio-maternidade?,0.9834566116333008,421022aa1e7864456290c0c96dea4f32e24c544d68029507e86ee36027013bc5
25,central,4,Uma gestante com 32 semanas que abrir um MEI e contribuir duas vezes já terá direito ao auxílio-maternidade?,0.9824429750442505,c7cd0c7d940ceef3bd1db9cbc359f7583ca6d292e04209704d89d953aed92d16
25,central,5,"Com 10 contribuições pagas ao MEI, mesmo sem completar 10 meses corridos, a gestante tem direito ao salário-maternidade?",0.9823819994926453,dff6449cbf169617bead114910205a7647cdc37bfd17c3281dd33e5e9a28ff67
26,boundary,1,O que devo fazer diante do medo de tomar essa vitamina B12 injetável durante a gravidez?,0.8656103610992432,f732e8260997c1028000baafd6631c2dd72101d076a469f1e01b7cdc344ee245
26,boundary,2,"Com dois abortos seguidos, exames básicos de trombofilia normais e mais de 35 anos, seria prudente usar AAS?",0.8697201013565063,b90f3ceba1750c491ffe0d48b0073b4c5dd3edc1f398dae40d38d4cbffb2e62f
26,boundary,3,"Se mães com mais de 35 anos tiverem mais estresse e ansiedade na vida adulta, os filhos terão maior probabilidade de desenvolver ansiedade e estresse?",0.8733420372009277,cacc3d8f314448a934a290b9def2b91ffd0bf7c22efc16eb5d93b46d00b77b4c
26,boundary,4,É humanamente impossível engravidar de gêmeos após endometriose grave?,0.8746808767318726,48fc9341bc6c735efc9d1d38094e52e87981ef6fd2adba144eab1f5b5a5ed187
26,boundary,5,Uma mulher de 43 anos com esclerose múltipla deve considerar engravidar?,0.8934123516082764,52ed4e1039b0b01d2d8e811cda0acadabc3b9a7db57ef5e6fee29fd786da2806
26,central,1,Uma mulher de 36 anos ainda pode engravidar?,0.9849061965942383,828caea0cacf73975020a5556fecaf7c5bddf84c807c9daafc699600894ac451
26,central,2,Aos 34 anos ainda é possível engravidar e levar a gestação adiante?,0.9836012125015259,29813b072b1b9bf48f5458db3d6a9fc266c0d70ff28f37cf9585143c6b9a6ea0
26,central,3,Uma mulher de 33 anos ainda pode engravidar?,0.9835341572761536,aaa800068d9f83ca217f3fa5bf55f825140327458e6cfcbe153429b455a7c893
26,central,4,"Com 42 anos, ainda consigo engravidar?",0.9831722974777222,1a365994f750c9770f68ec6844ae895a4af31abd61fc8a93d307c33dd4485c02
26,central,5,"Com 50 anos, ainda é possível engravidar?",0.9829298853874207,59b4b8a674505299514d79e6eb2a4f012b8bfc0a03ed753ab1822402185f4656
27,boundary,1,Fazer apenas essa posição é suficiente ou é preciso fazer o exercício em outras posições também?,0.8153332471847534,4bdc70e9d03de7d4ab3bf9bfc7de1367d74c7c17c7a3e6a0b24dc72861a45a5d
27,boundary,2,O que significa parir de costas?,0.8288532495498657,0b7d937e4929dd4dd7f85f6b51603d07def983ceaa40ee311dccf353e45ef116
27,boundary,3,O método Billings não seria melhor para a mulher para evitar essa invasão toda?,0.8597578406333923,f574f6ec37e8ada7df6b6853336246b785704d1fb82aef220984f10ae2cf72d7
27,boundary,4,Por que os médicos não prescrevem iodo para gestantes?,0.8608071804046631,d17a15cb95a7c7e93c17dcafd686b97b9dc5542cfc78c6077c19a95646bf591c
27,boundary,5,É verdade que mulheres indígenas costumam parir de cócoras e que isso evita certas consequências comuns em mulheres do meio urbano?,0.8659745454788208,d0ef4766b73c745f89e5d141dcb8eeacabc392a78a3ff4da8e2999980e03e2a7
27,central,1,"No parto, a mulher fica de cócoras em cima da cama?",0.9819245338439941,be3ddb267fe90c202a7aebacf528e2b8509e365822bb442449aa659e04e5e7bf
27,central,2,Por que os médicos não oferecem essa opção na hora do parto?,0.9811515808105469,09379840c21641070a21b26ef016ecc679dd148bf4a55d5feb22f5a07a1f478b
27,central,3,O que acontece quando a mãe não entra em trabalho de parto?,0.980392336845398,9a40c26bb2ddac9fbdb8d0efb1c057b91266b5fc340f269fc329aacd2787c060
27,central,4,Os médicos deveriam interferir no parto ou não?,0.9801185727119446,0d16594f6327808ca311d190bf07dee76bd2a62a3c3abd37a52a22ceba8c24ca
27,central,5,Por que mudaram o método de parto que já dava certo?,0.9800852537155151,2aa27943467c83b64ad8acf32d4ae833662d218a140b5a7262853ff05cb8a138
28,boundary,1,A bebê Daya vai nascer na Coreia ou no Brasil?,0.8278932571411133,e0c569d7d3fdfc39dc484a69d5b85ea28a15dcadb7a4dd88a304d98de4762219
28,boundary,2,"A Olívia vai nascer no aniversário da Jihyo do Twice, no início de fevereiro?",0.8627080321311951,198a6c4c0bb7fd25b1ce1ca1912e1cbf6ca0b3f42660591f3914514397307714
28,boundary,3,A bebê Daya vai nascer no Brasil?,0.8639472126960754,92fa677153c78d7a99f6af08314db18ca24ebe3d025e45b213e579bb675044f9
28,boundary,4,Por que deixaram esse ser nascer?,0.8660825490951538,6e44c35aa62cca26f10a3d99d196eddc51f2347745299ccc006c0e03b77f0c33
28,boundary,5,Vai nascer um rato?,0.866413414478302,7d03865c8f01dd503b0bf4f595157a8ea5af193246be9f77892398b6c69bc0f2
28,central,1,A Olívia vai nascer no dia 30 ou 31 de janeiro?,0.9921879768371582,287a6a85e225f20ce6e053b1484df47b956e0a774087b00d04946882e33d0cfb
28,central,2,A Olívia vai nascer no dia 30 de janeiro?,0.992078423500061,0ead4cc0d35968b1e0e061a485532cd5246703f1f4a18d1ed8b652211f9753a0
28,central,3,A Olívia vai nascer no dia 28 de janeiro?,0.991705060005188,0532a7f0481b1179a3499b371e37bcaf6c8a61de237a95e72bacc3342ae07adb
28,central,4,A Olívia vai nascer no dia 27 de janeiro?,0.9916790723800659,fbb93b98794bc110b894c8ad0e7ebf03ddfbe25c2f14ae0d22afa909574e7728
28,central,5,A Olívia vai nascer em 30 de janeiro?,0.9912633895874023,029fca4accd05e4db41d516ea3d70c9f5f926278e39872e33b4eee6165875d41
29,boundary,1,A bebê Zöe chora?,0.7160184979438782,610e1c0a89862546a3d6e575b2512bd13b93ca73031fd47af823f94f68a5f507
29,boundary,2,A partir de quantos meses é possível սկսել a rotina de sono do bebê?,0.7492390871047974,d390171c5f4f321e1a2bd23c8da72f7fa0b8d03f9772ffdd4333eacde5f4c194
29,boundary,3,O fato de a pessoa querer ser mãe não explicaria por que ela não reclama do parto?,0.8664056062698364,ba71e1592e5535a54c5a7055f409b4be3a1ea31bb26262b4ba2db70888911ecc
29,boundary,4,Quanto custa uma noite na maternidade São Luiz Star?,0.8668831586837769,b425298b694f13400518542a8005cd9c6dd1e212c80d6e0996747ccef4ea1174
29,boundary,5,Quem disse que é melhor esperar a contração e deixar o bebê sair sozinho?,0.8722449541091919,909fc6fdfeff69118bf236b82c3eff62a07b4cc5526d6945bda6887f3dc42ddc
29,central,1,O que posso fazer quando o bebê fica o tempo todo no peito e no colo?,0.9807047843933105,79cbdcd11906fa2c145f3ed2a04f9de96b887a00b35d4c5765cfde0d44f6d1c7
29,central,2,O que posso fazer para meu bebê dormir a noite toda sem acordar na madrugada para mamar?,0.9799383878707886,43a852d69a6ae8c248c2ff3535b6cb9a6afe10c5e6018c6fd2acde2988f9acc4
29,central,3,O que fazer quando o bebê dorme ou parece ter preguiça de mamar?,0.9793821573257446,9bd4d252cfeeddd2d33b27df9a65b77c13a73ca9b44ee3d89cc37e81a4fe23f4
29,central,4,O que fazer quando o bebê começar a virar de bruços durante o sono?,0.979111909866333,cee2cc2e0e9ca23291e358ea14ba0589a080c09d8e7f28212ab8d9a56c09f34c
29,central,5,O que fazer quando a bebê de 2 meses dorme no peito depois de cerca de 3 minutos e não mama direito?,0.977907121181488,09a03162f66d66a847923edcfc8ed99d8b6e1abf2b7e486dfbe12dd6b38b1716
30,boundary,1,Pessoas com tireoidite de Hashimoto podem engravidar?,0.785896360874176,ac5af5ac37b9a8682cffdbcdd3d2dcc6f7516a3b6fee60eccff640bbc9cab155
30,boundary,2,O hipotireoidismo pode ter sido o motivo de os meus três filhos terem nascido prematuros?,0.8258905410766602,dd17be3fe21a128df97b27d575d6f4bc0433fa38124ded194760b5c30db7e39d
30,boundary,3,A solução de Lugol deve ser a 5% na gravidez?,0.8487986326217651,4d9e0f78ce295442d4dd57dc41830257a205fe42b9ae9c273239f2b1f424ce86
30,boundary,4,Como alguém pode chamar de parasita uma criança que ainda não sabe o que é o mundo?,0.8578853607177734,f00725762167543b727494be64f8edeb80b3bf7f9b2556b4ecc44e750aee27e2
30,boundary,5,Alguém pode me doar um carrinho de bebê?,0.8682453632354736,6cc1b82530362545b5b6db210dd42022a7ca86b2cb53a8f4c44116fdeb884bd9
30,central,1,Como alguém pode ser a favor do aborto?,0.9861482381820679,a0af18fabccca38cd7e5b50001716facfb457fbcaba0491bdfcfccff01cdf08d
30,central,2,Como alguém ainda pode ser a favor do aborto?,0.9846915006637573,93723142b2a65803adaffcf9f444c18a35f42118ea041754c5f7fcfb2ab4c9bb
30,central,3,Como pode haver pessoas a favor do aborto?,0.9844712018966675,d011ee627869af7a4de74994fa92bfb9946dbd6044df17bdfd5982823193edde
30,central,4,Como alguém pode achar que o aborto é um direito?,0.9844441413879395,2680e5e1036b9987300a77ed0e588ec842c99a48c7a06c3c68743a9218dd317b
30,central,5,Como alguém tem coragem de abortar e dizer que não é vida?,0.9825623035430908,1ce21bed9c80d52c280edb9002bf20956a8d1780af5ee96ee221f7f23052a896
31,boundary,1,Como saber as taxas dos hospitais relacionadas ao parto?,0.8687220811843872,4beccd14a8dae653b34cd94a704d65061a86c2328153a89b90600c3105790fd4
31,boundary,2,Foi possível identificar o pico de ovulação com os testes?,0.8707255125045776,ff786cf707a61490b0027e07b74b6a0a00307c26e22656802d8bf1a07a763dc3
31,boundary,3,"Depois de uma cesárea feita há 13 anos, ainda existe possibilidade de ruptura uterina?",0.8807213306427002,33de68659fa9e24dd65e6c052a10fe592683f9f013bd3054e313e9017f03d129
31,boundary,4,Qual é o sexo dos meus irmãos?,0.8815630674362183,249a684cf25337231c9b1e53fe11928dccb87b4ba31332d050b1b669487a2764
31,boundary,5,Quem fez o cromossomo responsável por determinar o sexo do bebê?,0.891629695892334,15dc8bce3ea11bc3fcb1c8b581b6a2de39884f3244c71aae024c09ce63333567
31,central,1,Ainda é possível saber o sexo do bebê com 3 meses de gravidez?,0.9853057265281677,0a674a2aae1b49a99ef391f0aff56c15a9a3bc3b6cc266e06bd6d5f888c633f3
31,central,2,"Com cinco meses de gravidez, já é possível saber o sexo do bebê?",0.9847082495689392,32bdf019cee87d35e9e87eb6356c22034b033228e217f1c1e4bfe6fa4fa0f862
31,central,3,"Para saber se o bebê é menina ou menino, é preciso fazer um ultrassom?",0.9836540818214417,4c41fcc3c8822aeb717ea06ecbe055675efeda39a38a1eb237e5b13499d0be4b
31,central,4,Já é possível saber se o bebê é menina ou menino?,0.9832791686058044,46df3beffaffe7d03473f91f1f2a325a953a4e147081a62f0297ba0fa0a5b7f4
31,central,5,Com 4 semanas de gravidez já é possível saber o sexo do bebê?,0.983209490776062,72d9f9df18a8f809a2c7cec3bc7ac5f85675d50f3589329c1d643d6d0bdd64f3
32,boundary,1,Por que não colocar uma borracha na ponta da seringa para deixá-la menos dura?,0.7882401943206787,c2897ae864d4debd87a69613062e4e5a537a25a8a3272664ab9395bc703cf1be
32,boundary,2,"Como meu namorado fez vasectomia há três meses e ainda não fez espermograma, ainda há risco de gravidez?",0.7977043986320496,824065cdcf9da7b7417b610d694c5939f355a86ab4ba5985c405517660137ed9
32,boundary,3,"O que fazer se minha filha não tem NISS, NIF nem utente em Portugal?",0.8328120708465576,c9a5ea5bd8fad84e1adbee0fc5a7a6a130912eaa41796a349a0be9b65b980923
32,boundary,4,É muito perigoso engravidar após uma cesárea feita há 1 ano e 5 meses?,0.8394004106521606,65c22df4a13b0c291140a7f0671ab63cf9fb42ad48f3b5a271059d9ca12e53e5
32,boundary,5,Por que vocês não voltaram para casa depois de colocar o miso?,0.8480521440505981,d00a0631c7c2b9a1589e962dba5484d3d9659c304ee664c056b41da85069c165
32,central,1,O que um bebê com 7 meses precisa conseguir fazer?,0.9721101522445679,f4b49f469b37f8adb0df0978d025a0fee996d5502474599a1944cb0acfdbc3ad
32,central,2,O que um bebê de 7 meses precisa conseguir fazer?,0.9712281823158264,7f52cb0aa39ef81e7fe38eb5266d3602133edb1d6e55cc8e47e387df2741b22f
32,central,3,"É normal uma bebê de 6 meses ainda não responder, mas prestar atenção quando os adultos falam com ela?",0.9629978537559509,e20cd064102aa352f4b6be210cf609dec66a256fd9ff5459918254ee02869774
32,central,4,Como foi esse período até os 11 meses de vida do bebê?,0.9622440934181213,af0a0ac2ff5ae8f211aa4e2b0eb7e65b96fbf8716f125e9ff6d4c5fcdef46b03
32,central,5,Você comentou esse comportamento da bebê com o pediatra?,0.962045431137085,36270117ff5639315cc02c329a4da2db04843d4e5bca8044c64f8f0849908752
33,boundary,1,Como saber se o bebê está chorando muito e se está com febre?,0.8613981008529663,850a2998ec386939b274a7b76391b327456a3347d63b6055a1e874ab29175fca
33,boundary,2,"A música ""Eu e minha casa"" foi feita para descobrir o sexo do bebê ou para saber se eram dois bebês?",0.8730939626693726,aa2b9e9671ea7dbcca15b271206a28f3a6de7cb8619b405b9e3b4c349cd4fdc7
33,boundary,3,Como saber se o bebê está satisfeito ou com a barriga cheia após mamar?,0.8774365186691284,18b4481834655121696967f797f771cb54bdb84a93e35725eaac5d076a33bdba
33,boundary,4,"Por que, ao dizer que o bebê é menino, a minha probabilidade de acertar também é de 50%?",0.8891397714614868,4388d7822dddf22a66c6439a6f50f55b0507e64450b827dd9d61d1bfd516cd09
33,boundary,5,Há notícias sobre a grávida e o bebê?,0.891460657119751,b36646ba1962f3af03f87badd7b5adb4633fa26ede18520f696eea14d9073928
33,central,1,O bebê pode ser menino ou menina?,0.9939873218536377,6897ab57c8a6ee1694adbf11a1a6b3c8263029901c3ebf46ee89278564aca966
33,central,2,Será que o bebê é menino ou menina?,0.9938870072364807,1f1e78c540175c7035eaad3662e9655fa1912e05a2eec3ab3e36fcc209730d8f
33,central,3,Você sabe se o bebê é menina ou menino?,0.9918544292449951,b25993d07be2fde9b30b04ba155eb60270e5fc33a7e9c5c953445831813bb3e2
33,central,4,A bebê é menina ou menino?,0.9912803769111633,94fc27a37bfa548fbd68df71b68639af2c6370eecfcebdab651022a9e722873f
33,central,5,O bebê será uma menina?,0.9909924864768982,10ae5057e9c592f4611e18eefc9c74fcc702d193656667c2513865396d156d5b
34,boundary,1,Quem diz que é melhor matar para não morrer de fome realmente pensa no que está dizendo?,0.838305652141571,75559fbdfadc851da84e71547f21bd1f40c503b0a9f3831921c409384fa88733
34,boundary,2,Os testes juntos na caixinha podem se contaminar?,0.8397895693778992,649e08e4fd2d6d64b7497c08fb9a14fa2bcc062a9d8177ae7a6e0935d5b0f28a
34,boundary,3,Vale a pena ter outro filho diante do risco de passar por um parto normal doloroso?,0.8577760457992554,8a2df4af95d409476e7e59e7917fa8a1b4f48d1ee633bee2c6892886cc64df8c
34,boundary,4,O que significa dizer que vai ter que passar por tudo isso de novo no parto?,0.8772547245025635,ee46f75a7c7b02537bdcb65c662a9fae13dd5acc03938bbfe98ad42afddd8d02
34,boundary,5,"Se Ketlin estiver grávida, o Void é o pai do bebê?",0.8785094022750854,252a9052489951c67ec07eec1d8f2968bef913eaaf351310943eddea1bee5d88
34,central,1,A Ketlin está grávida de verdade?,0.9785032868385315,5dd2183b79504fdb29fe61d0b511c56fca9fc4f00c611c02eb7fb2c00ef0482a
34,central,2,Será que a Katlen está grávida?,0.9742798209190369,9cc48100932318b7c69fa9b166d748320ed066aae92e19df3396b3854f820b5f
34,central,3,Ketlin está grávida de verdade?,0.9735768437385559,9cc388beb003cad4abd12de55b728ebb605d09a0f6d77b6a65a3bda1e4974bfb
34,central,4,Ketlen está grávida novamente?,0.972726583480835,6432e8855405c5310e4e21c45e93437a413b7a6c6f3404d9cac6149398e21073
34,central,5,A Katlen está grávida de verdade?,0.972457766532898,ffb364c5dd45377d816f98e44c0b7609e5e86755f4d8e8b28804270596143637
35,boundary,1,Posso estar grávida?,0.9101480841636658,8e3ca2956456263a43d903ab5fd2d470402a4453bc65398fa8628be116e26416
35,boundary,2,"Mesmo usando DIU e tendo menstruado duas vezes no mês, a dor na parte baixa da barriga e o inchaço podem ser sinal de gravidez?",0.9308102130889893,298225211cdaad131e320412e9ffb0321eb342310f9cf0c85c2e74ab1e4b25be
35,boundary,3,"Se, sete dias após a relação, o aumento e a sensibilidade nos seios da namorada podem ser sinais de gravidez?",0.9339094758033752,70bcd870a2773b26f211c461f599e4a97276243d017b19d89cae6f4b56357b50
35,boundary,4,Como diferenciar os sintomas de gravidez dos sintomas da menstruação e dos efeitos colaterais do anticoncepcional?,0.9379891157150269,5aec8f0bafc6589f62c1cdc4278ffa5d0c27c3f9b4096c4faa44eb97e62fc271
35,boundary,5,"Mesmo sem sintomas de menopausa e com ciclos sempre normais, a ausência da menstruação pode ainda ser sinal de gravidez?",0.945818305015564,f95f41e93259595a377fac00de76ccdb90f0f53f366d2eb95947c26ff469bdbc
35,central,1,É possível estar grávida mesmo tendo ficado um mês sem menstruar e depois ter vindo uma menstruação em pouca quantidade?,0.9906372427940369,550840276e63a12623728272cb871a700cb8c16856dda9b1aa63b89ce53b1b0e
35,central,2,É possível estar grávida se a última menstruação foi em 10 de janeiro e não veio em fevereiro nem em março?,0.9902310967445374,8b3845c9e41aab9329b04a23bd2bfd685d06b31e07f3d1b16ca914447d6e0720
35,central,3,"Com a menstruação atrasada há um mês, posso estar grávida?",0.9901784658432007,7bd0e0a70e017f84d9731d7f8297ad547b9c06202a146af4bafa726fbce0a655
35,central,4,"É possível estar grávida quando a menstruação já atrasou novamente, depois de no mês anterior ter descido com 7 dias de atraso?",0.9901567101478577,3604e4f2230547a0716469abf59924847a184191bb37f54329754cc08c21b8b4
35,central,5,"Se a menstruação veio no dia 1º de setembro e até agora não desceu, posso estar grávida?",0.9899260997772217,381d65c39ecf46cb50c184271f3d4f586cb79dcd9a1638209ca0624c4588b958
36,boundary,1,O que devo fazer se estiver saindo da minha região íntima algo branco com aparência de sangramento arterial?,0.82967609167099,faebaae8bd1855ebdd0b37632ff78e300feb8f3656c4d1e55d8f84c5c26ff4aa
36,boundary,2,Essa dor é normal?,0.8373715877532959,6fa08b713c96d9738815492d1a29cab4f907c638509cf24fd3345d9a5a7f84c7
36,boundary,3,Você disse que isso funciona para todas as mulheres ou para a maioria delas?,0.8441665172576904,c796b84caf67a32a463390855b492ec82b1b6b952f07d6feda37f70d8195dea2
36,boundary,4,As mulheres inférteis também agradecem?,0.8447864651679993,831b770e124f2ab2cad65c11297b078d5c25f252645d5a6c9000c7fe7521aa3d
36,boundary,5,Você é quem precisa sentir uma dor pior do que ser queimado vivo?,0.8466940522193909,dedc4c0f51ab55fc3211f9d83f3b1e664652cb819f3c8a1fd4e72dec6895b781
36,central,1,É comum não sentir tanta dor durante o parto?,0.9854120016098022,c6c32f52ac89e4997ed8968407e3bf0d8a2350f44fef06e777b4cb03fd391391
36,central,2,A dor do parto é insuportável?,0.9838466048240662,fec7f31c4b9fba71b4597676c822668564becbd7a9bd57e7476b873a7ee4da12
36,central,3,É verdade que a dor do parto é insuportável?,0.9836828112602234,21d4dce704f8f0c2c455688a11844a917eeb51b362d451497218feedbeb6b249
36,central,4,É normal não sentir dor durante o parto?,0.9834032654762268,4a59c36d7d8d7ff05a5003100a6d6907cf57ef0693b71dde21fdbe0568436d87
36,central,5,Esse tipo de parto sem dor é fácil assim para todas as mulheres?,0.982011079788208,574c7035d233ea69a8d7ee815b2bc4e64e0d6cbfcb045d375cde39166b668e3b
37,boundary,1,O líquido amniótico pode aumentar depois de ter caído para 8 com 18 semanas de gestação?,0.8405328989028931,ef4c3cf708d08015aa6841929ea4cdfc71e817d878907992aed71bb877800bc6
37,boundary,2,"O líquido amniótico de uma gestante com 18 semanas, que caiu para 8, pode aumentar novamente?",0.8685688972473145,cb3c9bf71e25fd9f68e4c91dd664ee7f0a55dc6139cf604cf7113494ada9dfc7
37,boundary,3,"Seus seios não doeram, mas pareceram aumentar um pouco e ficar mais moles?",0.8745787143707275,5c87939cf6fd864a191542856fec5d979f198a6e26c65bd44b1faac43ea65620
37,boundary,4,A ausência desse hormônio significa que as mães não amam o bebê ou que o vínculo com ele fica mais fraco?,0.8775618076324463,bc354cff965182415862865a105c39d1be7daf21d5e312f476a2ed90f28800b4
37,boundary,5,"Uma gestante de 40 semanas, com hipoplasia mamária e SOP, pode estimular a saída de colostro com a bomba?",0.8827990293502808,68deb152bfc4cc8c0acf56d3cf8cacd57c34419876cef0f400905417d8f32834
37,central,1,Como posso aumentar minha produção de leite materno se tenho pouco leite e consigo amamentar pouco?,0.9849857091903687,90ace0a11dfd230535da3b430fb33a50577255bbbbb97e807f3cf2a32849236e
37,central,2,Como aumentar a produção de leite materno quando estou sem leite no peito?,0.9822695255279541,0690a37b6214c6f854d7d166303155c6ef70d66d914ec838ca4f9f89e420fec8
37,central,3,Como posso aumentar a produção de leite materno?,0.9821346998214722,a40a4ef47a7bce23c0e380ce590e2528975ae1172fb984c7e6ba9943cc2c37fe
37,central,4,Como posso aumentar a produção de leite materno para conseguir amamentar meu bebê até os 6 meses?,0.9818633794784546,deb4c5f2684d5830ace87f5b1ce29bb3de4526e5818240db19331c4aab66d6f5
37,central,5,O que é bom para aumentar a produção de leite materno?,0.9816182851791382,45fca1ed1637444b4d753399dfb3481f7e640ae397801765d34e5e2966eb20b8
38,boundary,1,"Qual é o valor real da maternidade São Luiz Star, já que o custo não seria de apenas 19 mil reais?",0.8349199295043945,2917429ffa5b37d1341c876e9d49251030b0dfbe2c4605692bacdf2e25c0ac9b
38,boundary,2,Ela está grávida mesmo com apenas 15 anos?,0.8673384189605713,41055c0c512c11bcb2f0498b6983c5aa93041c5753b7aaa8f10bdcdbc623c45f
38,boundary,3,Como você engravidou tão rápido?,0.8707153797149658,f9092ea8a94ddfc2f8ee7034cb7fa9f0e094466c7255694da1c723e95822781e
38,boundary,4,Ela está grávida mesmo sendo adolescente?,0.8710452914237976,4221d9dfc947152ec08cd7fa26f689c593f1cd3d03e66b640396078e85b57950
38,boundary,5,A barriga mostrada por Giovanna Alparone é real ou de silicone?,0.9103531837463379,4116dc1ca3042729f8da89511bc7d098d91d4d2377aa5f59c7b94dfbcd3fc8c4
38,central,1,É verdade que Giovanna Alparone está grávida?,0.9927478432655334,69d1d69f5066db30870ceb1e11a9b4f7b87d9f1a084d08e2945528adac906e7d
38,central,2,A Giovanna Alparone está grávida de verdade?,0.9925298690795898,9178e7a0779be08430711fa7d6cb066f5382d7be4ef398fc7814d64524049c88
38,central,3,É real que Giovanna Alparone está grávida?,0.9924494028091431,ac79266e606a17e837b6359374d019f7a5cd512bc78b4f01c9b6d50353a28e7c
38,central,4,Giovanna Alparone está grávida mesmo?,0.9920819997787476,701df68afc6fb4a5a3198ce94bdf66d10a1c480ee5198c0bd632f2caf728481e
38,central,5,É verdade que a Giovanna Alparone está grávida?,0.9918813705444336,01be2375bc9352581aae80812b39c188d881341f53312e82ca15a0c9fc239f40
39,boundary,1,Um bebê de 4 meses com hérnia já foi levado ao médico para avaliar a melhor forma de resolver o problema?,0.8260026574134827,da2160df0df92a38c6a181974959371298b0131998bb59c226a7d9e4c983504b
39,boundary,2,"Depois, os 5 minutos devem ser divididos em 5 minutos em um seio e 5 minutos no outro?",0.8344281911849976,fc875d019d4605397569fedd2c9fecdffa9da69048ab722cbb9803b993096b68
39,boundary,3,Esse silicone libera algum material tóxico durante a esterilização?,0.8370493650436401,f1961d186188b5e78a7c7e1f446c026c7363dabead0936c7d00b9cd141f52a2b
39,boundary,4,Demorou cerca de quantos minutos para a tremedeira se estabilizar após o parto?,0.8401753306388855,4ad7907696974d579187cd1f302b9f609beb5f8bded41d63b5f290b8612010af
39,boundary,5,Esse silicone libera toxinas?,0.8501225709915161,12b3ea5a9084eb68a98034280ebb262d39f6ca178215634e4db81cc0c1053853
39,central,1,Como carregar a bombinha de tirar leite?,0.9787614345550537,1a7f74f569fb76cebee6f9af43d371c3404c90f7d48fef64f7f9ed269c736b3b
39,central,2,Por que a bomba de leite está retirando bem pouco leite?,0.9754327535629272,2aee25cced5007d942aa6208ec25109b672d9a9368a1e29d22ea14889b9cdbf8
39,central,3,O que estava acontecendo com a sua bomba elétrica de tirar leite quando ela também não fazia sucção?,0.9734673500061035,004c0cae648b032d0ee9874880a796955e8377c9ed7fd02f1c349570c7873875
39,central,4,"Como usar a bombinha de tirar leite para conseguir extrair leite, se ao usar não sai nada?",0.9731760025024414,27d3f392fae08a42ce3b4087ad6215ddcecdea7ce7f0b111fe71054f9db45374
39,central,5,Estou usando a bomba de extração de leite de forma errada?,0.9719347953796387,2b1682d0ef4e555bc6a4dc2151e8cf367e73363a4b8a77502b0950a61f8bcce4
40,boundary,1,É comum sentir enjoo ao usar o Junno?,0.8201281428337097,97993fa215ef279a3fabe49367b920fbeaa4e3559d6fa0c566a50f64fc09ce61
40,boundary,2,"Como aliviar as cólicas da minha bebê, sendo esta a minha primeira filha?",0.8471457958221436,0d1cbf78494881a435c67d338ffd5da9f92ff5397703999989a93853ccf248fe
40,boundary,3,"Se o bebê vomitar de barriga para baixo, o líquido consegue sair?",0.8612674474716187,422692c32744a675b19a1ea26ede66ced319036201b0ce4d06731e67e3905121
40,boundary,4,Você está sentindo enjoo?,0.8668966293334961,fcc60e47babd80a75be2841674ec25d80067291fada835f3a59368a45010ef28
40,boundary,5,"É normal estar há 3 dias saindo muco, com dores no baixo ventre e sem dilatação?",0.8732858896255493,ce95d01355f77c31b716f2cb3b1380a1bffce8575706c0002934e5b44b163c83
40,central,1,"É normal parar de sentir dor com seis semanas de gravidez, estando com sete semanas?",0.9802904725074768,3448da6adbe6ffdfb139031df4e17dfe3953ae03a2180b89ed18ebadf13b1d80
40,central,2,É normal que os enjoos no início da gravidez impeçam de comer?,0.9792344570159912,2b696d7272b5a9f97b6e8cdaba2ffa5ab326fdfa7a694fd9c171a2e9e3c05a7c
40,central,3,É normal sentir mais sofrimento nesta gravidez do que na primeira gravidez?,0.9775928258895874,182c8452d36da1e2e03ddbb4b5caa87a780885a877ce879e6d718cac25f34baf
40,central,4,"É normal não sentir cólicas nesta quarta gravidez, como aconteceu nas gestações anteriores?",0.9775259494781494,834edfa71bacfde868162432654b307383a36a41f60e7ca6de3e80bf245c374d
40,central,5,"Na gravidez de 5 semanas, é normal sentir tanta dor a ponto de quase não conseguir caminhar e ter dificuldade para defecar?",0.9770083427429199,4465734620a904af62c2c7413b32497e2f877e9b1eab295ef9cad481fd6f8262
41,boundary,1,Quem tem H. pylori pode tomar VT K10?,0.7830565571784973,e627af0364534eb842512e8491b494e2b0ac4e87e9dccc50b631da097d753d48
41,boundary,2,"O que o Timmy tem para precisar tomar remédio e consumir leite, manteiga e pão especiais?",0.8060340881347656,cc4666a8e5d33b8522dce37a275232991d36dc7a52de45b4c014f2e68e6709ae
41,boundary,3,"Quando o doutor fala em mate, ele se refere ao chimarrão ou ao chá-mate?",0.8331929445266724,8cb4f270554b635f0deae609addc3213ef0408d213c3780a7d2f1d18ccf86412
41,boundary,4,Um bebê de 1 mês pode tomar água após as mamadas?,0.838111400604248,3597c2495147639645ccf01e45be4523591afac18909f0a08a8ae967cdb7c0c7
41,boundary,5,"Depois do parto, a mulher pode ir à piscina?",0.8625397682189941,c1c818794d78d735bc258af1703dcfc755bac9a19ff28230c7771a56a37bf824
41,central,1,Quais chás uma gestante pode tomar?,0.9760832190513611,748835d5ff7dac219f96056b9141cf0f737bcc156870762af8127ce4bb011679
41,central,2,Quais chás estão sendo tomados durante a gravidez?,0.9755265116691589,4f99499d540619d91d5bb7dde9c7102223697603d92473fbaf0545a760abf6e7
41,central,3,Gestantes podem tomar chá de hortelã?,0.9741250276565552,18d7d6766a8d4522ed59e95f1dd3ced4cc808f1513f87cb8a8ceec62818b082d
41,central,4,Gestantes podem tomar chá de erva-doce?,0.9726289510726929,16996080a9e032bd71dda0bcf7eeab92283db9f641e685e514dbba08c95769cd
41,central,5,"Durante o primeiro mês de gravidez, pode-se tomar chá?",0.9725161790847778,d7c169bce6bbca6004f8bb28415e959b0e061a701fa0be92253d0aa7cc8e0b0c
42,boundary,1,"Qual foi a causa da morte da Sofia, filha da cantora Lexa?",0.8111132383346558,1bf016806742248de254a7fa776b7390fa2b3d417951558a65edc1f2ee05856a
42,boundary,2,Onde Ana Hickmann disse que estava grávida?,0.8683923482894897,3f82ed2bc3a95e3308504231df8ed30beaf567f445e0fc64597c2d22fac7d68f
42,boundary,3,A Isabel pretende ter mais filhos?,0.9021245241165161,f9446cb2da9bcd36defaa9d46b442a92730c2cc53e5eb2395061b7256002e0ba
42,boundary,4,Por que a senhora decidiu engravidar depois da Natália Valente?,0.9022042155265808,ef37f87b4f5272cacea1ecc9eafab15670bae9e13447763e875d5ceb06763754
42,boundary,5,Por que as coisas são só para a Sara e não para o Timi?,0.9050813913345337,21b3ae6e6530aad8eb5c0520935889377de868cf4669d43088acc085c4e947ce
42,central,1,A Tia Sara está grávida de verdade?,0.9840067625045776,b0fc0f4e4552e7157b65ebd97d71c5667a7291acb483e1a3d26835e8cbb7a64e
42,central,2,A tia Sara está realmente grávida?,0.9836772680282593,cf28fc30d07cf22f91576ee56954f3d89ab80db73a5ecb1ca4e7b81664a66695
42,central,3,Tia Sara está grávida de verdade?,0.9823306798934937,2785a9db97d71e1b48ca47564b7575c299af3262d12737e11ae57ddebed7253d
42,central,4,A tia Sara está grávida mesmo?,0.9816789627075195,eee9bea7117daba0d3c3a3c82ca3a059ed7135c5800ed4803a90ca6d203c8330
42,central,5,A tia Sara está grávida novamente?,0.9811663031578064,3c24ec82dfb3f609a4219eaf45f1341f597fb3d682cd00cec9000a12dfdb76b3
43,boundary,1,Houve atraso menstrual antes do sangramento?,0.917651891708374,a9624d0ca75d4fe6ef7c26e4a10dae4452a29bc09258a78642afc6835ed5f770
43,boundary,2,"É normal ter seios doloridos, escurecidos e com veias dilatadas depois do ciclo menstrual, mesmo após cinco testes de gravidez negativos?",0.9180548191070557,18688d99bb5fd2e1f034d395a9e03ce6f07bf710eb9c59ec38a737d3f5ddf72a
43,boundary,3,Esse teste pode ser feito perto da menstruação ou faltando 10 dias para ela descer?,0.919620156288147,ddd653e45c2ec77237c2a23d81cd78fbdcb238e7be328ade784cac536c5ac667
43,boundary,4,Com quantos dias de gravidez ou de atraso menstrual esse teste foi feito?,0.9312702417373657,72c6ce5d502d89a5d8c18c80b823294db64671d540919f3c4d1959eda90b1773
43,boundary,5,"Com 10 dias de atraso menstrual, cansaço, sono e urina frequente, isso pode ser gravidez ou menopausa, mesmo tendo miomas?",0.9314224123954773,468c1c90cdf2a2344893baee0230625bd754fb9b51ed9778abff2e672e8efb8a
43,central,1,É possível estar grávida mesmo com 18 dias de atraso menstrual e teste de gravidez negativo?,0.994669497013092,5a86c21c4449c1a793c53bcaa7a85495740338d653080ed0f7423d3ab4a64d98
43,central,2,"É possível estar grávida com a menstruação atrasada há um mês, mesmo com teste de gravidez negativo?",0.9946480393409729,30f62d4debe61b727d825a3906a945d81768701cef8cf366a0f750329dc5f22e
43,central,3,É possível estar grávida mesmo com 13 dias de atraso menstrual e teste de gravidez negativo?,0.9945300221443176,91ce40f15d955703b53a9a4899493fc15df1d26dc537abf83ec8fd02debb7aca
43,central,4,É possível estar grávida mesmo com a menstruação atrasada há 1 mês e 14 dias e com teste de gravidez negativo?,0.9944252967834473,839e5fd664e96957cfb5afbc83c1876089e4dc0fb9cb36caec12694507881346
43,central,5,É possível estar grávida mesmo com o teste de gravidez negativo e a menstruação atrasada?,0.9941356778144836,aeb9ce7cc10ccab71ace590c8f46f8f75b7b2813848676823e12c89e2623d9a8
44,boundary,1,O que é a substância que ele passa no rosto quando você coloca isso na mão dele?,0.7886867523193359,b98202253a6b83bd84703301e3dc6d6d480600c958cab5bb9d65a3fdf4d54585
44,boundary,2,Uma mulher com esse quadro poderia morrer em casa?,0.8080151081085205,d856a307b2b5d8c250326c483849c4af3e3ff1185d9c241cab1a625c05e80b6f
44,boundary,3,Por que as crianças não gostam de ficar com o braço coberto e o descobrem mesmo depois de serem cobertas várias vezes?,0.8214237093925476,5719f199b034372d3051d03318025b34306084c755027d1639b5d014899806f6
44,boundary,4,Ela poderia ter chamado uma ambulância para levá-la a um hospital?,0.8255668878555298,d77dd9fc2c3506b1f08fc3bc6c88d356c7adaf765152d6ea3ed1f23cb7dca14b
44,boundary,5,Estão ignorando o fato de que a própria mulher pode morrer?,0.8466225266456604,ae209c20f19ab50401072e25a3f952a9fda3557b977c3f3b061b184ae5aadd4b
44,central,1,A remoção da placenta é feita com a mulher ainda viva?,0.982825756072998,649deeab99d84a990f2874e1e2f6ca288e63dba2b23a0506b64f90c3b97ddcf1
44,central,2,A placenta deve ser retirada logo após o nascimento do bebê?,0.9808531999588013,87c4accc342646505dc7e6865c7b3fe4e95940c11910b1bc5ac1dc000dbed3c6
44,central,3,A remoção da placenta é feita para evitar que a mulher morra?,0.9807078838348389,12f6f712a9ed81c39cf75e3028a937b2a8a78e3016e5203bd96eb39167631f9a
44,central,4,O cirurgião realmente coloca a mão dentro do útero para remover a placenta?,0.9788773059844971,796a82bec1293445f2fe465718c043f241a38656773eb42e3b7a9a56950e5e2b
44,central,5,Para que serve a remoção da placenta?,0.9781957864761353,3f3e56d2ac509d62fedcf9d03c7c1f7dab5a8b2e6a5f6c155f68d174e888259e
45,boundary,1,Uma criança diagnosticada com doença falciforme tem direito à vacina pelo SUS?,0.8026350736618042,494c643ff6c3c1e263055533b12b426a9d7f3dd297ce2b1c3822da670960bef4
45,boundary,2,"Em uma gestante de 34 anos, com 35 semanas de gestação, dor abdominal intensa, sangramento escuro, hipertensão no pré-natal e tônus uterino aumentado, qual é a principal hipótese diagnóstica?",0.8403288125991821,aa75400eceb656a4c669307391e31b17d98d44b257f5c000fb5efcb40c53847f
45,boundary,3,Existe algum médico em Bauru/SP que atenda pelo Bradesco Saúde e faça pré-natal?,0.8722990155220032,d94ab34a6109c6b379b51f7e211c2e0b3c67610af99e33a1033a2d28c507044a
45,boundary,4,Existe risco de a gestante ficar deficiente se se mexer durante a raqui anestesia?,0.878244161605835,84e9d6fd33ee508c0feda7ef7f77390785224b083362d12472fabfebeab13cde
45,boundary,5,"Se meu endereço foi atualizado e não aparece mais como Nova Iguaçu, ainda vou encontrar essa barreira para marcar as consultas e exames do pré-natal no SUS?",0.8876669406890869,e27a7d07590b345c94994f048a593a499458dbe3b884e2b4ddd42b7a1134a5cd
45,central,1,"No SUS, a gestante tem essa opção de escolha em relação ao parto?",0.9842497110366821,44ddec4434e97a5fc4b8c7bebce03c3a8e3ec05c56c52b6ec1ed4e5abb2f3866
45,central,2,"É possível escolher o tipo de parto, como a cesárea, pelo SUS?",0.9834871292114258,0aba7277565f6af3b7061aaf7bb53040711b4c8a6e73e5a1ae6703985e632a5a
45,central,3,O que é preciso fazer para conseguir uma cesariana por escolha pelo SUS?,0.9802273511886597,5fb7bc3506e25f75ce6bdf0507b83976462700b2fed874a73aa4f86d62161d02
45,central,4,"No SUS, a gestante pode escolher a posição em que vai parir?",0.9791889190673828,c4af372493dc2ba898d247278e0bc2649b606b6d6bd8303a3ec4be073ac9d6c3
45,central,5,"É verdade que, mesmo com a lei da cesariana, é obrigatório ter parto normal pelo SUS?",0.9780272245407104,852aeb2d3426ef7fdcc203db59e9301be74f5a49ce213ee26592aa35378a04f0
46,boundary,1,"Se a mãe é A+ e o pai é B+, com filhos B+, isso pode causar icterícia no feto?",0.7656463384628296,15457a03c30608a2a301a21fff895354b26c756f4fb88a4715c0daefa6505ce0
46,boundary,2,O iodo vencido pode ser administrado ao meu filho?,0.7951226234436035,8f63bdef9d37306180c9ac4cb202d3f17212155ef4cf6ef3e8c3b2fa9efb3a70
46,boundary,3,Esses pontinhos abertos após a cesárea vão fechar sozinhos?,0.8407143354415894,ed25e2253c1ef1a0c93e2c1d7cd6a36bb46aab364c31f3bed2aac5b1cc01ba96
46,boundary,4,Uma mulher que nunca teve filho pode ter mastite?,0.8474297523498535,e608275bc8928f721c399acf6bdd2b3b205e2f7cb1cf97b3805298bcf7234eac
46,boundary,5,É possível cuidar de uma criança autista de 4 anos e de um bebê ao mesmo tempo ao ter outro filho?,0.8481077551841736,7c3dcb9db53f822ddee841a4913c02619f0748319fa1087dc1c041d6a756bcf0
46,central,1,Você vai ter mais um filho?,0.9870232343673706,5d7930955c46d19a76f91b85321df3c5d0ed3bba866dd428bee4812cdf939a62
46,central,2,Você vai ter outro filho?,0.9866986274719238,19ec638a5e46ea7ad8c02b027ed7975247842ffa3c6c72d57c5955d7b8d65b35
46,central,3,Você pode ter outro filho?,0.9860104918479919,56bc4a89443bb98162945346150e8152e4ca3ab173c718817691022365ab9394
46,central,4,A pessoa planeja ter mais um filho?,0.9858667850494385,20d2368b88dfcaa27c89d0ea696600e26707367ff066c7f357ff40754a92f21e
46,central,5,Você vai ter outro bebê?,0.9839930534362793,8bbd24763ae9a7d7bb5bf128c23ab648f2d689b4010d1194b5f47127f5a53044
47,boundary,1,"A respiração da florzinha foi feita até a fase expulsiva e, no expulsivo, foi feita a respiração em J?",0.8128437995910645,aad3d8e3e59ea72165b60502e58404b7271982613422627dd8ab56201a3426f2
47,boundary,2,"Toda mãe é assim, de achar que, se tivesse um filho, seria como uma gravidez na adolescência?",0.8679161071777344,b8edd18a3faf6d321eaffbae4c23eb9dc2a0b99cac3135b31c50edc5ec3a5b4d
47,boundary,3,O que é sepse neonatal?,0.8816561102867126,871d557e471a18b11911e9cae6de0f93b35d4d6abf4d0c5a98dab01fd8a0599c
47,boundary,4,Como é feito o tratamento da sepse neonatal?,0.8818151950836182,c8c154f430681c4c28359f929a3cf920d20736f838cb861a7d82c2304eecca8a
47,boundary,5,O que você fez durante a gravidez para ser assim e dilatar tão rápido sem sentir nada?,0.8854107856750488,4f2b8c04ea39a177d77a08bb1678cef7ffb11abaf361b121df7d7ee0ab17ccb9
47,central,1,O bebê consegue respirar naturalmente?,0.9767187833786011,448084fff36a2f1b6b54d627b6365f3be06d3c230ff5d39bcfc8512815c128ba
47,central,2,O bebê já deixou de usar oxigênio?,0.9754545092582703,5b5d484e45415aa142298bca801c376006cb334046566f3cadcd65f00ecdc735
47,central,3,Por que o bebê ainda está usando oxigênio?,0.9739919304847717,ba59404a1cf0422e019523fb8613004008116a59418c659be3442b7c905eb48f
47,central,4,Por que não tiram um pouco para o bebê respirar?,0.9734695553779602,abe6fe35f997ea08b5d9a117d9d7c3765aef2f56f15cbfe5991d1b98d80e1aa2
47,central,5,Por que o bebê ainda está precisando de oxigênio?,0.9727671146392822,8dfe37e8d1c3ae8bbd33a50cfce8fe7e8bbba5f924528248f2579b5a29ae6b8f
48,boundary,1,"Por que a fertilização in vitro com óvulos doados é considerada loucura, se isso parece algo tão natural e normal?",0.7966529130935669,b3f9e66e525aeb4b810698e77e50c5e6950421043ccc096ead1a566fa1e972ab
48,boundary,2,A violência obstétrica de empurrar a barriga pode quebrar a clavícula do bebê?,0.8413271903991699,da2766332fdf937dfa82dc6285131011cbfed7f2290c078e6f70caf0c8b77a89
48,boundary,3,O bebê tem as mesmas capacidades sensoriais de quando estava na barriga?,0.8428057432174683,7cb51a308797fab83d41c9651ad332ee722f115d051e1b2cfb9702fb70f407fc
48,boundary,4,Este vídeo mostra como é um parto cesárea?,0.8528242111206055,883cebaac6bfbd7f117ef277a3b60faabdd488b395d2c0cd7eed69d2603b179b
48,boundary,5,Você pode gravar um vídeo falando sobre amamentação?,0.8556138277053833,2e4160c42618606ec28716231fb3ca3f077e236eb75548e8517ed8bdf0075ef7
48,central,1,A barriga mostrada é falsa ou de verdade?,0.9869385957717896,86c70d37dd59a27e6bec92231fe46b3994489b10ed937ec9d0589019352afdef
48,central,2,A barriga mostrada é falsa?,0.9864476323127747,c38fad979780c6e07079ecb5512aa49a21d9b777b606417138cb77dd49740532
48,central,3,A barriga mostrada é falsa ou é de verdade?,0.9854027032852173,7056c4f69d266e569cd7685dc9aafd314067b86d582053652269cd47ec6ae530
48,central,4,A barriga mostrada é de verdade ou é falsa?,0.9844919443130493,452b8dd93e917ac4ffc6ac55f84ef6e64c3720bd3b9502450bf706d8a969653a
48,central,5,A barriga é falsa?,0.9837232828140259,d3001fa019b0cf3ab01cbb84e704d67f145ca3f6b9e4dcdc3362e06fdb278584
49,boundary,1,Quantas crianças já foram assassinadas pelos próprios genitores porque não eram desejadas?,0.8249006271362305,18051a53ef0403cd5eecbb8a7b840a93d605d6a5af2d4f36133d61c52c7521ef
49,boundary,2,O Noa toma a vitamina Apevitim?,0.8354136943817139,ff578080f7e04f5781e96b4528b61e30c7100da13858c661c9cc68114e279b53
49,boundary,3,O ar-condicionado faz mal para uma criança de 4 anos que está gripada e com tosse com secreção?,0.84332275390625,3632b93f96f336cf61b179982718d70e9772f979baf71c006c2deaf0c48e90a6
49,boundary,4,"Posso tomar vitamina B12 com 35 semanas de gestação, tendo B12 de 175 e sintomas como fraqueza, formigamentos e cansaço extremo?",0.8463069200515747,54ab18385f9b888081a016b6f326ae9452496a7fc1be9dc2ba49482d4703297b
49,boundary,5,O que posso dar para a Maia dormir?,0.8511014580726624,0c8c3f11751aa69dd572fa385b2f19c6be6b0368dc63568d11e6240399cf53aa
49,central,1,Qual é a quantidade de vitamina D indicada para uma menina de 3 anos?,0.973223865032196,188526172d15ac153ce31872fd3aaaba106229a33271eb177625efbf820378a1
49,central,2,Qual é a dose de vitamina D para meu filho de 10 anos?,0.9712635278701782,de1e30fa0c35e16bf18e4c78b6341fdc857e82cab0cc88b440b0782bcc43d144
49,central,3,O que acontece se eu der mais de uma gota de vitamina D ao meu filho apenas uma vez; isso faz mal?,0.9658259749412537,4ac690400ceef1b9230d6dcb0a21ec165d4c4b7250d48003a7f80cf51c249419
49,central,4,Posso dar 2.000 UI de vitamina D três vezes por semana para a criança?,0.9644221067428589,89f99ad7fa234a02dd5241940a6c6a20207a85ce328c1184007205515670a167
49,central,5,Dar 2 gotas de vitamina D no lugar de 1 faz mal para a criança?,0.9630802869796753,0e7081ad4b8192bb113743589fb089466cc53ac6299917701065e99ed1b4346f
50,boundary,1,Por que recebi essa mensagem se já fui duas vezes neste semestre ao posto para fazer a pesagem?,0.8247140645980835,6c01031ada2e5b94074cb00e1c4a04262906a3e0a911736154aa3dce2fe7e859
50,boundary,2,O fato de meu marido ser Rh negativo pode explicar a diferença entre mim e minha filha?,0.8338382840156555,8ba87639710b85079773f7c8cc0a52b58ebca55b58f611ed17255227a6b3b2b8
50,boundary,3,"Por que a mensagem para levar as crianças para vacinar, pesar e medir apareceu novamente se eu já fiz a pesagem no posto e meu benefício está liberado?",0.8400904536247253,4ec08a639891f68212d84bdb14ef2ed3f9df49b54ae70777f776d2784deb070b
50,boundary,4,"Como o livro de marcação pode já ter acabado se a mensagem para levar as crianças para vacinar, pesar e medir chegou este mês?",0.846501350402832,e1e2878807c69814c192bee77e92527e15208583f95084a01df4525ee8477aa5
50,boundary,5,Quanto pesa um potro nessa fase da gestação?,0.8483197689056396,5945040c0ad3aae9c3a8b7554a8c92175f36caeea38849c9ae076f1377a41c79
50,central,1,Quantos quilos o bebê pesava?,0.9793869853019714,e0c81cf18bafe2b2a1c4fe481332e17b00a1201d21c322cea8e6cf645a8b5acf
50,central,2,Qual foi o peso da bebê ao nascer?,0.9781309962272644,208006703ee4a5fd51bc33315c40eb3adceccbfeb645c375ac1416c6997a11bb
50,central,3,Com quantos quilos o bebê nasceu?,0.9758417010307312,532b67b6561545632921f905117710ccae1382e197c7a7ea858269eacafa83d8
50,central,4,Com quantos quilos a bebê nasceu?,0.9753545522689819,b917ae7ecc3eef0ac2c8ff84913894f1904d6804263691326a44f50e998424ee
50,central,5,Com que tamanho e peso o bebê nasceu?,0.9733569622039795,d330a040b60b2c0ac63743a6a19ec687f028982f708878a68ddfe13ebabd27f3
51,boundary,1,Uma morte causada por broncoaspiração pode ser registrada como morte natural?,0.7403759956359863,c148f9337ff0f0e04453715c9dbd5b445b122de130b3350609efabe5609ce6fd
51,boundary,2,Qual é a evolução dele na UTI?,0.8806999921798706,35deb26359d4ecbe3fe09193ce2a582253f707ea0e2569a303df7e6cd7e1e504
51,boundary,3,A fratura de clavícula do bebê durante o parto pode ter sido causada por erro médico?,0.8877683281898499,cadfa869c4f7852ca8d9c31d55cd661118c5421dcb50b2ab5681368845feb7c2
51,boundary,4,Os bebês entendem tudo?,0.8943792581558228,ade5c4dc1f0b167ed6a28727a4f60cbbca28d7924012b8c2bd7dd519f63073f4
51,boundary,5,"O que você está testemunhando quer dizer que está tudo bem meninas engravidarem à vontade, como se isso não desse errado?",0.8957098722457886,5a23389705d8d28544bb2883785802b82c1b58c9d89e82e197721c1398c57bcc
51,central,1,O parto foi normal?,0.9875168204307556,cf6ffa14239f3820ecc3fef1a5f84c77a66a9cfb65ee10ca35d26e681bcc3505
51,central,2,O médico chegou a concluir o parto?,0.9874651432037354,38fe8326605044689ff94817a77d6972f3f2adf77632df0697fa26fea21c045f
51,central,3,O parto foi feito para dar certo?,0.9871013164520264,17764ab4c7f4c59cda961e642532994fa875005769cc9d63d177c8cdb79814fd
51,central,4,Foi um parto normal?,0.9856501817703247,7eccc964297f1cc040d03cd13e65f947232adb1669b47f9d322646fd6b911c3b
51,central,5,O parto ocorreu tudo certo?,0.9849825501441956,d1b1babe5626cfd8caf76306d1a3bf1a8ddcde569884345c7d36ef0b8ab4c8d2
52,boundary,1,"Pressão baixa por si só pode ser fator de risco para arritmia, ou não tem relação com isso?",0.8050358295440674,23b8d4095f57ca1b52af68391bb0e7b6d35d6f97bc2046d8826d95be9aa47276
52,boundary,2,O lúpus sistêmico já existia e só se manifestou no período pós-parto por causa do estresse?,0.8130403757095337,a615ee820fccf6b1250e99fa8ada8173dbc85b86755b606f5482ea01dc59a2ea
52,boundary,3,A icterícia ao nascer pode afetar o resultado do teste do olhinho?,0.8320854902267456,bcb48fda24d68d5cda8229efd8ab702fa29f968be3f8d681e6fd39999a23f0e4
52,boundary,4,A pressão arterial estabilizou depois da síndrome de HELLP?,0.8465616703033447,27a1106d11f8b5ced66e2dba8db476fd05e75d24703967a941a821f119de5f5f
52,boundary,5,A pressão dela está normal?,0.8467966318130493,52413c45ae5ddf7cac8a9703a8869bc272f811a69cd97ff94d0cecdcb46e2723
52,central,1,É possível evitar a pré-eclâmpsia que pode aparecer a partir de 20 semanas de gravidez?,0.9800760746002197,87491c4747024172be709da58f07fd1bc729dc42813bb35cccfc6cc58f3ad5a0
52,central,2,Você sabe o que pode ter causado essa pressão alta durante a gravidez?,0.9753193855285645,3c70d748e2c28c30db6941c633af8757295cda8a17747a8c8f09a438c99324cf
52,central,3,Quais dicas ou cuidados devo ter nesta nova gravidez após ter tido pré-eclâmpsia grave na gestação anterior?,0.9750592708587646,deb7b263f44b35202968eec4ae43f6be0cf6603dd0c1ce44d9a2a6c67ed48dbf
52,central,4,É possível ter pré-eclâmpsia mesmo quando a pressão está sempre normal nas consultas de pré-natal?,0.9746560454368591,58b76a440f7d55e1b3f95dddbbe8b3f515bffd0cfa1a7523b1c23995b621bbb1
52,central,5,O que fazer em caso de pré-eclâmpsia tardia na gestação?,0.9730648994445801,f3271f1915a1246ac518f50e6a9eda6746535481dc1eeaa55ab2aea33f1c8785
53,boundary,1,O convênio cobre esse procedimento?,0.8573734760284424,dc35d4cf63bdb1aa839042bb1504ab5faa526a375b06996a97cda1e009889cd8
53,boundary,2,"É importante fazer exames de tireoide, como TSH e T4 livre, e exames de trombofilia para verificar se há algum problema que precise ser corrigido nesta gestação?",0.8719485998153687,2562f3cfb0c36b3f2569951e1ad368b499d9add4413e9f84cf57f62b86eebd90
53,boundary,3,Devo continuar levando meu bebê ao pediatra particular ou fazer o acompanhamento apenas no Posto de Saúde da Família do meu bairro?,0.8819358944892883,e9f6f22046f346f7f1455176bc666099b525d22ff63b2a4d591199e9eaaa14f0
53,boundary,4,Quando irão humanizar o trabalho de parto e a saúde feminina?,0.8899557590484619,f2538894d63f6c160fe3a66dc4442241d4401682c9e2df6b9fa8137e0a66780a
53,boundary,5,Ela atende pelo plano de saúde?,0.8944882154464722,55966f199fdd97497eda3211ed291697754b1e186686761d7749b468773b1c9e
53,central,1,Existe um plano de saúde apenas para o parto?,0.9844788908958435,20fabe4946c73a03bf3efc83de523c50091668ab0ded3c91d6bf53290944a7e7
53,central,2,O parto pode ser feito pelo plano de saúde da empresa?,0.9779107570648193,1cb134a108fa762935d1b98d4aa7c74730b0178ef7f8e3534ecda4f0f2aa31cb
53,central,3,O que fazer quando o plano de saúde disponibiliza apenas um hospital para realizar o parto?,0.9770185351371765,4450de4cab9712d980b67960c5f5e514ec119cd2ea5d9166ab6f9572dd1ae3d4
53,central,4,Como devo proceder para manter o plano de saúde até o parto?,0.975414514541626,4afc57ade66b962f6df990360fddb2e62499dc16e3a830a17cb5f5d9062d9a1d
53,central,5,Há indicação de algum plano de saúde sem carência para parto?,0.9727734923362732,40369607b52064b72750fc76ff42ca9c6d2443dbbdf7b1efe3b356d72c2f8d6e
54,boundary,1,A embolização das veias uterinas pode atrapalhar o sucesso da FIV?,0.745232105255127,c700759b234eb057647ae25d479a8f1ad3d8e00fd12d4797ebeae617a24b7745
54,boundary,2,Varizes também podem prejudicar os cabelos por causa da má circulação?,0.7611443996429443,d86b690c278adc14e7edb231228c675cb3cc3443dcfdc8bb46c41894a5e065be
54,boundary,3,O fato de a herpes genital de repetição não melhorar com aciclovir pode atrapalhar a tentativa de engravidar por fertilização?,0.7698343992233276,85e9e681bde701017ca0b46c2a4047a4778f3221c967a807d7efaa2f32adcf98
54,boundary,4,É possível comprar a pecinha interna que perde a pressão?,0.8087530732154846,7a179e08552ff8872585db2b1e82eaad786e696ae463a356b923e3adcbe881fe
54,boundary,5,O uso de Vitacid por muitos anos pode atrapalhar a gravidez?,0.8151900768280029,470bf0d9665dc2f75ff63aa366296265e2add62b57c877a344f889c90e10a9c3
54,central,1,Receber Bolsa Família pode atrapalhar o recebimento do salário-maternidade?,0.97870934009552,576ee5e2eea9a21632d7f15f3e183309118f3831801d4843c82cc52a557ba07b
54,central,2,"Ao solicitar o auxílio-maternidade, a pessoa perde o Bolsa Família?",0.9765467047691345,076baaec8392c9996b6f27e1064d7cfe04a3325c7948edec4b34c0605aee2431
54,central,3,Quem recebe Bolsa Família pode receber auxílio-maternidade?,0.9764664173126221,b1f18d03b5fe26a6a7e7090a8e843d64a1947ca99edff026276eb621ef4290fe
54,central,4,Quem recebe Bolsa Família pode pedir salário-maternidade?,0.9748367667198181,25e5183e9993bf29fcf3d066bb2ac4ed918d2f5969b21ebec879688948f4f515
54,central,5,Quem recebe Bolsa Família tem direito ao auxílio-maternidade?,0.974823534488678,35fb70c2f4742215898b461c7e91072e3f4508e4fccbc1ab2c4dbcdb301d4e31
55,boundary,1,Como diferenciar restos ovulares de MAV em uma paciente sem história clínica de gestação?,0.7779663801193237,31f95813cc8c78e222f9217f048098914978986028376b81cc659b3836f8806f
55,boundary,2,É possível uma mãe A+ e um pai O+ terem uma criança AB+?,0.7833166122436523,28b49470221318797a008cf68a18e957b42f0fabe1fb75b12e1fc13375d6db26
55,boundary,3,"Se a mãe e o filho são B positivo, quais podem ser o tipo sanguíneo e o fator Rh do pai?",0.8165147304534912,fb8f683eb8d77663109e3533cd324b03b7b8d3e46f42684411724d9e09a9ba72
55,boundary,4,Um bebê sabe que precisa parar para respirar enquanto toma leite?,0.8506166934967041,45175951be5aaa9d94efa77242709d8ec6de48f26a7f227324079630448a8820
55,boundary,5,Será que o Void vai ser pai novamente?,0.8741626739501953,35f147bbcd87ff7c876e5175972bcf49178f7ce0ddb16aaea1584770b8a9337a
55,central,1,Quem é o pai do bebê?,0.988717794418335,c4207dbdd18b39534cb901b3c0bbbc58783d4b73f961c46ff24fc7cdda633b0e
55,central,2,Quem foi o pai do bebê?,0.9885403513908386,ab979dc8cf8ed7a56e9a7ab8b6c45338a156ee78775e8c8aa5968bf8ea1e6fe9
55,central,3,De quem é o pai do bebê?,0.9868491888046265,b901a580d66a69c3f1980d9e712421a5b462202d3d62f69eaf09873de163e345
55,central,4,Quem é o pai da criança?,0.9858574867248535,bd449745dacdbb8cf0ddd5975a1ffffb433484ca648f7a07accd82aeae9ac06d
55,central,5,Será que ele é o pai do bebê?,0.9846672415733337,5f5d2a9e88447334902a798acfa9e1121f36d0787eb0d2f12c74b204df175427
56,boundary,1,"Na Holanda, é obrigatório ter a enfermeira que acompanha a mãe depois da saída do hospital?",0.8381203413009644,b6ec44950caa77cc05e1d6291072f0793e6efb47bacc4845fbb7b82d0cf090eb
56,boundary,2,"Você colocou o espermatozoide dentro dela, pai da Mia?",0.8547323942184448,f3ea4804bdc82aba04b32a74a6cb6840908a0c72fa16c8f64ebfab014cf7a6f5
56,boundary,3,Qual é o tamanho dessa mala e ela suporta 10 quilos?,0.8639336824417114,77e14558214559e81c1e736344547dc7aa961da3e7544d065d5fcfba47cafaa0
56,boundary,4,Elas precisam dividir alguma coisa?,0.8676512241363525,c08646cc850c7491507fd9275cfc734bd35c911b8684421210cbbe4250606043
56,boundary,5,Você pode fazer uma lista de roupas de 0 a 3 meses com as quantidades que considera ideais?,0.8685897588729858,962bb4e49ae2abe4dee633365fa097cf95ce2e1be78728e644010797a67306c3
56,central,1,O que é preciso levar na mala maternidade do bebê?,0.9831706285476685,6d922a90302d3598663b5475c64117122969165ec761bfc63fc4342c94d9f626
56,central,2,A mala da maternidade deve ser a da mãe ou a do bebê?,0.9804628491401672,349264ca554ed77edb77e1eb92b319ef2fa7974a0f8a402a32bce3542dab6b30
56,central,3,O lencinho foi incluído na mala da maternidade?,0.9792496562004089,ee4206b98629ddc3b174b8e1c48d51546ae0e604658ff18e60db798dccf88764
56,central,4,"Também é necessário levar coisas para a mãe na maternidade, além das do bebê?",0.9789465069770813,1ff0004f7249916556ec37ef33470fb7c57cb78dad1820002c328a5f2b564f8c
56,central,5,Você colocou a manta na mala da maternidade?,0.977826714515686,2def0dccf5f8f4df8f56974e0e5a4a552e6973510cd61d61e658b17970e4f75c
57,boundary,1,"Como a criança vai ficar 16 horas sem comida quando for para a creche ou a escola, e o que pode ser feito?",0.7862827777862549,ae258b73f5eebce6a23b34297023079d7b261333d517c4fc0b2e9679b94d7c88
57,boundary,2,O vérnix realmente tirava as rugas do bebê?,0.8351864218711853,460e5e5b6736484261d69c486b75b65ca411789fe52b5c5228b5322a6cce3125
57,boundary,3,Brenda_advogada está grávida?,0.8570623993873596,92ef3515a23fc2d75f1ac8f5a282221fc453b6d3c4b5a7e9ad5f2c17daf70c60
57,boundary,4,Funk está grávida?,0.8775537014007568,a1b329cf84e3e8abdc87206505fddb67ffb50de7dc2d650f6279ab9ec76abf22
57,boundary,5,Kaleb está grávido?,0.8851807117462158,d5e31d207e38d7284f8ed212243996cbd41495616dc90f67c834e026a01faff8
57,central,1,A Emilly está grávida?,0.9818897247314453,3f7245b336ac9a1d41de5824558dfa1478078836157fe9eada2044186ed16553
57,central,2,Emily está grávida de verdade?,0.9813122749328613,e7be54cf77650834331edf062d7d3eeed4d51132660ad251057656ab4be34361
57,central,3,A Emily está realmente grávida?,0.9757080078125,33cf5ecd8d8f37496abbea2803051b4ca3911c2314d2456150a13cf69ff27177
57,central,4,É verdade que Emily está grávida?,0.9734171032905579,a3e57fc4dbfbed29d7ff607e4fe9299d975def6903c483c2b3be28f7bf870c2b
57,central,5,A Emeli está grávida?,0.9728767275810242,c3f4484eae15ac668153af484c236a2d1b0f68b85d69dc8dac35c2fe08d950d2
58,boundary,1,Uma criança com deficiência de G6PD pode tomar outro tipo de medicamento para vermes?,0.7623278498649597,7b3d63dbffdd8360c1fea9c398b25820eb6af114e39086fee4d76a299c42335f
58,boundary,2,Qual é o melhor horário para avaliar a temperatura corporal?,0.8191298246383667,3da0c7e547510eeae65fd49928c6e5ec63ed7b1cd3c56f19a71c864480bf4f87
58,boundary,3,Como uma gestante em Moçambique pode adquirir cálcio?,0.8244732618331909,c4b6b4f13cce7e66497b6ee3b413099d73c0e0848bbd09834a92ef96136dc122
58,boundary,4,O Clomid deve ser tomado durante a menstruação ou após ela?,0.8373541831970215,60938e75737c744a9a71077082ff970d5f0d5a98098f5ba2bb051233d1893994
58,boundary,5,"Como posso tomar o comprimido de cálcio, se ele é muito grande e eu não consigo engolir?",0.8567682504653931,786a1cd22502e16f8e0827fe669d9a0df9b74874d258733babb0b2698f744009
58,central,1,A gestante deve tomar cálcio durante a gestação?,0.985939621925354,0a853cbf04a01b4ea7c27bfbb569b71e2c9e39d2d32fad3305950a9742471a56
58,central,2,"Na gravidez, é certo tomar cálcio ou suplementação de cálcio?",0.9857598543167114,931fb4882d7598265621a26b7360aa1b095e952b017701354aa819f3c0c0dc1c
58,central,3,É necessário tomar cálcio durante a gestação?,0.9850800037384033,ffa3d605d4ee749100e7fd35dcc746f6ce46233daa8d55bfaae8543d32d5415d
58,central,4,"Na gravidez, o cálcio deve ser tomado ou não serve para nada?",0.9845999479293823,eaf6342310fa1dccd9c45aafd564854618e792dd684ed025783e659aee355791
58,central,5,É necessário tomar suplementação de cálcio durante a gravidez quando a médica do pré-natal a indica?,0.982360303401947,502b1256616062e58d46aa6c2b4937a3e6dd94f56f96637dd30950685ec90598
59,boundary,1,O diagnóstico de deficiência de G6PD feito depois pode ter sido um falso positivo?,0.8238145112991333,cd07a140eb49dc3c6feb206d00f5587c319c1fbc6726b0f7dc68563930e78daf
59,boundary,2,"Por que eu fiquei com o peito roxo e sem respirar quando minha mãe me deu leite no hospital, ainda bebê?",0.8372840881347656,20cc462271ffdc904fc2257bb57c087147702ea38ced78137620066da181da67
59,boundary,3,Como foi o resultado do teste do suor do seu filho?,0.8648048639297485,70bfb6965602449a4fa108a17f431defe2d8eb6c9a6c8c06f212ea8c53ff67c2
59,boundary,4,Qual é a média de valores dos testes particulares para HPV?,0.8692777156829834,8ac4bafd802e17b8532f8d6e2a773fd8ab467acf271086f7a9fd82e698d715d2
59,boundary,5,"Como posso saber se ovulei tomando clomifeno, se ele pode causar falso positivo no teste de ovulação?",0.8692919015884399,25717514e77b2f621650e47c8e655dad748186aa4f4287ba2ac5ec3dacea66e5
59,central,1,Será que o teste de gravidez deu positivo?,0.9907198548316956,ba540f5ad9006086b9b69ab6173d3a4ea142ad21cda68de6e165df62315573f6
59,central,2,Como ficou o resultado do teste de gravidez?,0.9883607625961304,d65bc35eb19fe9eb9acdd582604c4d89cdd0aee909bd3ecd14ff242072d209d1
59,central,3,Qual foi o resultado do teste de gravidez?,0.9878381490707397,72f6ed03253213249e43f4a8c208595c620f6264d6a95643c34cdf39bdb1ca9a
59,central,4,Qual teste de gravidez foi feito?,0.9873912334442139,6d1bc35ed110f9ec39791e8cc8da828e2328c5a81cacf6c12aad0e2eefd4e465
59,central,5,O resultado do teste de gravidez deu positivo?,0.9872037172317505,9d2b45d12196c45fd2c4b9b22347a3024bdb447e80cf5ef510fccf7223a9053e
60,boundary,1,"O que pode ser quando um bebê de 3 meses fica com a barriga grande, dura e inchada e não evacua todos os dias?",0.8604090213775635,0926fb174c4faf6d9279421edae8d07c79a82343808ac0d88f59db9c6157bc86
60,boundary,2,Por que a barriga de uma gestante está muito branca se o restante da pele dela não é tão branco?,0.8979603052139282,13ed8258403d797c03052e74fe794127b0301258cae4724861dfec34926ddd41
60,boundary,3,"O que pode ser quando o bebê fica se contorcendo, com a barriga dura e golfando?",0.9016773700714111,5e692cb2db991d795de30fa410fdc647de5382117966e215045ad1d0d5c14e9b
60,boundary,4,Alguém já viu a barriga da gestante?,0.9148178100585938,304b09b194952b2f85993fa6618ad58d4d7a4352b0a5b876d59930c5cbd2567d
60,boundary,5,Por que algumas barrigas de gestantes apresentam uma linha marrom vertical?,0.9217331409454346,db3cc464bb3ac961883660a4fb5ed9a581caeefa6ee92ce88ecad68c5d88a6a3
60,central,1,A barriga não cresceu durante os primeiros meses da gravidez?,0.9857324361801147,f0309775545d796a57ad52410d1530b6c5f64e9483a00cf964747c0e1c17c6f3
60,central,2,É normal a barriga de uma gestante não crescer?,0.9850857853889465,a06d33e7e17e47f4d17d66d5a02d736877efae0eb9a91a39e54a5e68d14e7199
60,central,3,É normal que a barriga de uma gestante não seja tão grande?,0.9849560260772705,d56b41a8751ae01e89337036fda9d593f1f9bf04944fa1a75f880742d618813d
60,central,4,É normal a barriga de uma gestante ter esse tamanho com apenas 4 meses de gravidez?,0.9827144145965576,ae5746924ea9d79ad987591a67b5a333c44a574754dc420edc68d55468dbf658
60,central,5,É normal estar com cinco meses de gravidez e a barriga ainda ser bem pequena?,0.9822697043418884,95e0ec82b7c7c31fd7c2959558c37c6efcba4a6893fa84ae49c7d0cfed1008b4
61,boundary,1,É possível fazer uma cesárea para não ficar com marca na hora do parto?,0.8999826908111572,74c0226a977edcd3d8069ecf35e4a1809fb4486ea005150eabcfdada67809526
61,boundary,2,"É necessário fazer o toque vaginal com 38 semanas para verificar se o bebê está querendo nascer, mesmo quando a gestante vai fazer cesárea com laqueadura?",0.9021261930465698,7b51fe64b027d0b5bf8c84a2603af96afbe8c6ba7fb1cf35fcccedaeacf9f677
61,boundary,3,"Por que, após um parto normal, a laqueadura precisou ser feita com incisão como a de cesárea e não pôde ser realizada por videolaparoscopia, porque o útero estava muito dilatado?",0.912521243095398,cfe9d8cb359b9c1f5cabdf97344224a0ee0f95e48c59671dc21de2933c495b81
61,boundary,4,Como seria a realização da laqueadura tubária no parto normal para uma mulher com problema cardíaco e marca-passo?,0.9188013076782227,8bbbf486269ee6346589f8488d98ab2881462cfaf1463bcc456039816a5a6cbe
61,boundary,5,Como posso desfazer a laqueadura?,0.9260706901550293,6e4f3d1ff15767f5681cb35d069d12791e2c9f0dad6eabd4060d5507c171ce28
61,central,1,É possível estar grávida mesmo tendo feito laqueadura?,0.9854950904846191,6b7e3a6a83882df89ab08045226462f537a06b999e6d46b8d62ad99bb206d1e3
61,central,2,É possível estar grávida mesmo tendo feito laqueadura há 4 anos?,0.9831924438476562,675839438002878eaff46007cce4b382b71e928e2918e9458c134afab1b62be2
61,central,3,Quem fez laqueadura há 11 anos ainda pode engravidar?,0.982149600982666,0a6c948a70a38745c8074a1c7e57e741554ddce4853c18dd765685e4baedc9c5
61,central,4,Uma mulher com laqueadura ou “ligada” ainda tem possibilidade de engravidar?,0.9782071113586426,adfcd6da1b3d61357ddf9e45f98b7c70b51f9b882d5b21e36604953e28053d64
61,central,5,"Depois de 11 anos de laqueadura, ainda há possibilidade de engravidar?",0.9781883358955383,d9162c0b880b227a355afea102bfc89fc4fb42f047ddad2310b714bdfbaffb68
62,boundary,1,Havia saco gestacional antes do sangramento?,0.8358343839645386,0aadfe35638e591c7f5e412614dde8aa474b1764aefa8350ffa37fdc4a694d60
62,boundary,2,É normal que esse coágulo ou pedaço de sangue saia um pouco maior que um ovo?,0.8589107394218445,b2ef07b031558ffa9aa045513daed3e514a789b702b5b64a0aae2d70b8906143
62,boundary,3,"O que pode ter acontecido para o embrião ter parado de evoluir e não apresentar batimentos, após um sangramento tipo borra de café e a perda do bebê?",0.9013054370880127,7702b61fef6efd0b8ca3ef386159394c8d5ac310476940bd872637c1cb577c23
62,boundary,4,"O que pode ser um sangramento marrom, tipo borra de café, que durou vários dias, depois ficou forte, com muitas cólicas e com uma dor diferente das cólicas habituais?",0.902009129524231,43abcba56027de0a1a0533c12813377a75714ea5ed9da91566ccc8bd4f60a1a3
62,boundary,5,"O que pode ser um sangramento em borra de café que dura três dias, com leves cólicas no primeiro dia e sem outros sintomas?",0.9178988933563232,c93097268b8d2873d46a42ce6ee13fb6084975aaf850173a54afceec30bc61ce
62,central,1,O sangramento no início da gravidez pode indicar algum problema?,0.9851654767990112,a4d180fd8122af0a016abddc80c15c0b7503b39073f765a6e8867bc95125113c
62,central,2,"Na gravidez de 6 semanas, é normal ter sangramento marrom com coágulo e estar tudo bem?",0.984180212020874,922168589e7bf118381722a62be3140f1d95f2ec5c77d009c61988defff95f59
62,central,3,É normal sair um pouco de sangue durante a gravidez?,0.9831931591033936,7acde43a839cea8720ca123d62e6119f8a297ece2b73005f35a0c39db92209e9
62,central,4,"É normal que, nesta gravidez, o sangramento dure 7 dias, sendo diferente da gravidez anterior, em que durou apenas 1 dia?",0.9830121994018555,459a8e386e537cc509df40e796c7c912b0f8ff1da2e466276c3f543ba6cc2b51
62,central,5,É normal que tenha ocorrido um pouco de sangramento no começo da gravidez e depois tenha parado?,0.9827176928520203,6145ad24d6010cc5b58df6d608933117d2e839dc7699920615ce6c329943ebd4
63,boundary,1,O sinal de Bandl associado à bradicardia fetal em uma mulher em trabalho de parto está associado a qual quadro?,0.8413333892822266,2c214ac8f074e8ba9b82927b6b0dbd2234b7dcec7bb7f3562f7c60355ae299c8
63,boundary,2,"Por que a minha dilatação não evoluiu além de 3 cm, mesmo eu fazendo tudo o que vejo na internet?",0.8670996427536011,f41d50246816eb763ea238a23426be3827a228408c2b99346595f1bdf8ef8922
63,boundary,3,Quantos centímetros de dilatação a mãe do MegaMente teve no parto?,0.8712932467460632,3f5426157043d81c9c9662f81c39c5e506d2af4a5fa342e17eff7eb341150ec3
63,boundary,4,Como é possível dilatar até 8 cm sem sentir dor?,0.8889076113700867,948a8935e793683bdb09a0693ded48af9876a3888cd8f7eb72bf82174936cec9
63,boundary,5,Em quantos dias a dilatação pode acontecer?,0.8918617963790894,b16024f96949ff622ee4dbe8df2f145c21bc3bc1375e6de23a72f96981458a53
63,central,1,10 centímetros de dilatação no parto é pouco?,0.9832040667533875,859d47871cf5bf04a4c30260324ddfac585ad23104e7ddda9c111b24931b4d94
63,central,2,"Por que, ao chegar à maternidade com 10 cm de dilatação, o parto não foi normal?",0.9829010963439941,03b03887ddd4d78875abf77ef14e63d02432513fac4fa8c23df44938e6847cb0
63,central,3,A dilatação no parto vai até 10 centímetros?,0.9820390343666077,05a4189f2cfae0711771eb80161bfd19ba7215ef21533fc4548b9e1918b94f71
63,central,4,Como é a dilatação no parto?,0.9816516637802124,36e4428794022b1138dd16c54dfe12d9bf040ee719119435baba5a70fe46cd92
63,central,5,Geralmente as gestantes chegam ao trabalho de parto com apenas 3 cm de dilatação?,0.9815049767494202,a5d18f1ed9ee4c416138d20c07ded56e1653d2c8dd558bbcf1646258d806d817
64,boundary,1,Os outros filhos mais velhos de uma criança diagnosticada com deficiência de G6PD também podem ter a deficiência?,0.7534615993499756,0045a4c27cfffc28d049d5103aac99e71831550de77d4b44c279db4cf3fdbeac
64,boundary,2,Pais mais velhos têm maior probabilidade de ter filhos com autismo?,0.8505809307098389,823ea12d29b55abd711d9edc64aa423b1937edb4ee799a3922b670c9103a672e
64,boundary,3,"A dor de um peito empedrado também prepara para qualquer coisa na vida e no mundo, independentemente de cesárea ou parto normal?",0.8687814474105835,7329e4e9dad1531c4d4face1667585d7a517af501273243dcc1564bf43e88d77
64,boundary,4,É possível ter um filho mesmo tendo episódios de crise de pânico e medo de sofrer ataques de pânico durante a jornada da maternidade?,0.879298210144043,c09822b2eee564dc2857ce89240c39d922770c3d97f13b8aa4e4b04fd843dd54
64,boundary,5,Quantas crianças estão morando na rua sem ter o que comer?,0.8839594125747681,c3caae61f380b6459de948a358af19df2c003a0e99a53dfa2f6d6d8b52f2ab61
64,central,1,Por que alguém tem filho se não tem condições de criá-lo?,0.9802407026290894,e9317f3ecd32daf242542cd67de72f94403100011cb48a872156fce6cefb9f85
64,central,2,Por que alguém que não tem condições de ter filhos os coloca no mundo?,0.9766336679458618,f869b6dc3c014cfc6cb3e37e9c60c9cfe00367e5dc60498294d2399d4bc37436
64,central,3,Por que algumas mulheres continuam tendo mais filhos mesmo dizendo que dói?,0.9760189056396484,c325a93f06412ac628b326faa8d26053eb18bc699e02c1fa349b7ffc7972c02a
64,central,4,Por que uma mulher sem condições de cuidar de si mesma está tendo filhos?,0.9757941961288452,11e45f380b7d46033812b1424e81add5ef3f85a2cf8a3e997fc6da1920466227
64,central,5,Você ainda pode ter filhos?,0.9754951000213623,4c152cbe0fdffde90c78509034f2d79f689c71ceb2757332eed659d02353e073
65,boundary,1,"Quando a pessoa fica de lado e a barriga parece puxada, isso indica que ela não está grávida, mas que está usando uma prótese de barriga de grávida?",0.8900086283683777,db884c978d85d9a0c1553a14c0beac47ef3cf0b2e24ec0a4ed39982399d7dc55
65,boundary,2,Por que você estava com a barriga grande durante o parto do Davi?,0.8956078290939331,9be421dac81209a8ad0e3eac07e2d6dc8f24db72123e47a07d17e1d52c2a4ee0
65,boundary,3,A gestação mostrada é de uma mulher grávida ou de um elefante?,0.9046359062194824,54b97bb357587a9a4a2668898e59de9ede495619d44d0cd28a0b27985631d704
65,boundary,4,Por que algumas pessoas se arriscam a engravidar?,0.9085779190063477,c364699494f98b7b9730f3b15185448b49e133ba3eba1781dea697f44a317a5a
65,boundary,5,Por que não tem como filmar dentro da barriga?,0.9253882765769958,1b50ba4a13ebfa9f0d901aaaab0a43c30c5bfb28bcf810d816e634623eed78fd
65,central,1,É uma barriga falsa ou uma gravidez de verdade?,0.9882218241691589,5ca82ce546e1ca3fab9d5026b25e5add6e40c74a8ae5456ba019ff972161a226
65,central,2,A barriga mostrada é de mentira ou a gravidez é verdadeira?,0.9876331686973572,0cf9de455d8b334bbbfd2f0a53f6dac5b7ac533a26bee92eac258b766c9043c2
65,central,3,A barriga de grávida mostrada é de mentira?,0.9867053627967834,20379a18145001d7e6855abdd89ad83ace58ea91dcd269462a0e57e789180468
65,central,4,A barriga é falsa ou a gravidez é real?,0.98659348487854,a9fe8b8bd30131b891e44d67b23c02d865940c6538ab70dc83d351239612711f
65,central,5,Essa barriga de gravidez é de mentira?,0.9850723743438721,921ba54a16e9143ee2ed955527015f6e137cb6dfe2670788d6e99897ec9bf6e6
66,boundary,1,O Levi já nasceu?,0.8477089405059814,1b71bad724e7ce05b202461525ba96d543f2829aa8fe92734c484fbbb9e6f447
66,boundary,2,A Zöe já nasceu?,0.8539297580718994,be4e96fa79753e83380e1fa6971e586b7d75164ad1042c74aa758d7011a2392d
66,boundary,3,A Elisa já nasceu?,0.8704901337623596,0528dcfe4ba347e2e674ea47477226f25f7ba203a188ac32304fbce2d6e2d8e7
66,boundary,4,Qual é o efeito da campanha Novembro Roxo na prevenção do parto prematuro se faltam recursos para a saúde?,0.8719249963760376,f0345253ec840e787cbd76c7a1dc8ba567c966991c829e90f975640cbd09df22
66,boundary,5,A Sofia já nasceu?,0.8747317790985107,b076acd933a4385444dc36d47e4d0db05941d8285fd9e321025698587698e81c
66,central,1,O bebê nasceu com sete meses de gestação?,0.9807190895080566,e61b6b442239efa8a2e37102d3f878ca5d916890b32e08a0f8e234cbbd6989a9
66,central,2,É possível ter nascido com sete meses de gestação?,0.9798275232315063,ba84abd9b43385569d5c0bbac1813495dad0ef6a90f81bd2177a17b48bc54dd3
66,central,3,Com quantas semanas de gravidez foi realizado o parto?,0.9795653820037842,558f509e5fb76beb9f304b2a45804386627ee9102b465ecc0a1130d489133c2e
66,central,4,Com quantas semanas de gestação o bebê nasceu?,0.979383111000061,033805fbb0b6d24851c3231c3ecbc9faecfb66f97a1973b7ac345bb6177ede73
66,central,5,Com quantos meses de gestação a bebê nasceu?,0.9791746139526367,2eb87f36aa1d489f24a4e1f8379bb789a8de18fdb5487484402489d38073d6cf
67,boundary,1,Os cuidados com medicamentos são suficientes para um bebê diagnosticado com G6PD?,0.8111388087272644,6d583dc9705e8a48bf1985dfb762fd193a44e634f72f69b8eab25726ba4f8541
67,boundary,2,"Por que Deus permitiu a perda de um bebê na gestação, se a pessoa acredita em Deus?",0.8863563537597656,ecf19975517b83ca61fb0bb4023fd59af8c68b12be008fda6597a9a073dcc720
67,boundary,3,Existe alguma relação entre quase ter sofrido um aborto na gravidez e a criança nascer com autismo?,0.8864245414733887,2513657444d95db5871135a6e0b697f754aaab220d16080044c895588af484c8
67,boundary,4,O TSH acima de 14 no primeiro aborto espontâneo e quase 5 no segundo pode ter relação com os abortos espontâneos da filha?,0.8993115425109863,87ce5f4f6ad2bb0aebcddf6f7b74ed74225308960645e5fa0fe4bec7b54ec490
67,boundary,5,"No caso de Streptococcus positivo na gravidez, você tomou antibiótico antes do parto ou somente durante o parto?",0.907582700252533,02aef18d44f19bee411e8a9cf2edf526ca0c810e64b40b8493bd2b3a0e0b853d
67,central,1,Você fez exames para saber a causa do aborto?,0.9827884435653687,0b0e6904a1ba8ad00ed6aa1589ffe8ef72bd1c467c4a286cdc69c715ec141250
67,central,2,É possível abortar antes de 7 semanas de gestação?,0.9780358076095581,6f70a8c60b54b3cebace9a7efee98a50f08d0552da029aafc6d658573b84a421
67,central,3,Você fez curetagem após o aborto?,0.9777103066444397,31bb72f1ddb74916ea05529ea6c027090335148be45da03eafb2820768049f98
67,central,4,"Com 4 semanas de gestação, será necessário fazer um procedimento ou apenas tomar medicamentos para o aborto?",0.9775972962379456,b85257cbee2c0be250c5c96c77951d7d65e1c56cb3f83d059b112a00fa87eb27
67,central,5,Até quanto tempo é possível abortar?,0.9772735834121704,955b377192e8670aa921417f528a6a9c54fc5baa7a661a4c653294ae0605738b
68,boundary,1,"É normal sentir dor na região do períneo dois meses após uma laceração de grau 3, principalmente depois de evacuar?",0.7879098653793335,76c9a3c75f07ff8bbd4d4f6976a33643138dce207e50a4f019a5b9f39f749353
68,boundary,2,O que pode ser um muco tipo catarro com um pouco de sangue e cólicas nas costas e no pé da barriga em uma mulher laqueada há 1 ano?,0.8085449934005737,06ad6eab8a9e5c36af5eed3fad5c6af299103f38c4e104eb93c17a5e1e68c4be
68,boundary,3,"O que significa ""pé da barriga""?",0.8124415874481201,11be357bd245ca989ff7cfcc37e2be23bfbbe8455d7ed5ebfb231af9f03621cc
68,boundary,4,Um bebê de 23 dias que mama toda hora e nunca fica satisfeito pode estar perdendo peso por falta de leite materno?,0.8373599052429199,36ab2fed09ed0bc0f19a622f6e4220702594ca93ddc26cd3b32eee006b581666
68,boundary,5,"O que devo fazer se meu filho tem dor no umbigo, não consegue urinar, andar ou levantar, e os exames não mostram nada?",0.8410893678665161,f63254de30a9791679e1960dbd291eecad724e80c3ee70392361ccb69ccfc780
68,central,1,"É normal, com 4 meses de gestação, travar e sentir dor na região entre as nádegas a ponto de não conseguir andar?",0.9798502326011658,bea73efd9bb081dce7ec7bab1a63e01b1de329a100e22c44905f08443edeb224
68,central,2,"É normal, com 31 semanas de gravidez, sentir muita dor nas costas, dor na virilha, contrações todos os dias e urinar muitas vezes?",0.9777997732162476,7de0ab2ec4fde2907229c5f9b4f6f8c4cf56de5280994a7d8ce7b0e6e4da06d9
68,central,3,"Na gravidez de 7 meses, é normal sentir cólicas por um instante, endurecimento da barriga e vontade de urinar quase o tempo todo?",0.9776490926742554,2035c6fa86a7bc7fa44e26cb4a252034a2e944d7ef26f8f6abf93bbe83d08d5f
68,central,4,"É normal estar com 38 semanas de gravidez sem sentir dores, apenas sono excessivo e fome?",0.976115345954895,b744b028753bcb7e554df2e69c139506523ea1cd5384a4938d735e26588e5d6e
68,central,5,É normal sentir muita dor pélvica com 28 semanas e 3 dias de gestação?,0.9757940769195557,1c2c35c8dd3e9591d21caca17f2980fcf468f7975e804f8badb9c6702fe653d1
69,boundary,1,Vai ter vlogs do parto?,0.7354644536972046,9ee32b54f92f7867680285334e61245c53057b824f1768cc40f2379c79b41419
69,boundary,2,Tem como evitar a colestase gestacional em uma nova gravidez?,0.8149755001068115,0c36b0fb3dc86eec5dc038610bd3735ddf6784218f6c3977e60b9b6bf27706cb
69,boundary,3,Como evitar que o bebê pegue gripe quando tem um irmão mais velho que vai para a escola?,0.8405625820159912,0644583fbad595cfe49b3ce1f2ca3a3a281d44c3f6f6f02795b7dc8345b5763f
69,boundary,4,Em 2026 a Jade vai vir?,0.8466501832008362,ff516b94650fafeb773c5f44cba9939dcacaa31568795aa1db5c80461bbc8b38
69,boundary,5,"Se meu irmão tivesse sido fruto de um nascimento não desejado, ele gostaria de morrer?",0.871661365032196,9c9013a9e64596c75281d71ecaee0090a8e65684d28302dfdd9c4e803186f587
69,central,1,O Davi vai ganhar uma irmãzinha?,0.975062906742096,ddaa8a3f03d1b439b4f9df42cb051ef860bec125a677035f47f8a43122372b5a
69,central,2,Davizinho vai ter uma irmã ou um irmão?,0.9710801243782043,7322e695b94f934e12422c67521fa8e972d36b2832018b315a48233853c694c1
69,central,3,O Davi vai ganhar um irmãozinho?,0.969831109046936,6cc78f9c96f02a97eab61de6cef55dd16b19b884e50953c9ab5f619b6a53257e
69,central,4,Davi vai ganhar um irmãozinho?,0.9677999019622803,04d0e3eef96ffa202fd8d0740f4a44cc2ee34548ab9b1cbdaf967039f818ac9e
69,central,5,O Davizinho vai ter uma irmãzinha ou um irmãozinho?,0.9674648642539978,06e897dc54ae3451ab7119dbf4da49e308fc561593c2c80df154724031817df6
70,boundary,1,Uma criança com deficiência de G6PD pode tomar albendazol?,0.7570118308067322,b2cef649b7df390d2fd4974229bc873cc7745592aafc6eb51e9ce428372a44b4
70,boundary,2,Quais suplementos são específicos para quem está em tratamento de FIV?,0.8840083479881287,00f11d628665b764b94532ffb7f5a2ac1842fbd0d62c4e09f2d52be63aa2e9a9
70,boundary,3,"O Regenesis Premium deve ser tomado em uma cápsula por dia ou em duas cápsulas, se a médica orientou tomar um após o almoço?",0.8866510391235352,0e7d4998b1ecba2c596e67820e98c6c6073a86afe1fcfc0bac945490c5b2292f
70,boundary,4,Quem tem pedra na vesícula pode tomar ômega 3 na suplementação antes de engravidar?,0.8995278477668762,21dabb8ea2342b28c5f301cfa7ba237393ac58f649ce278545abe2955b78f408
70,boundary,5,"Ômega 3, atividade física e coenzima Q10 também podem ajudar a diminuir o risco de pré-eclâmpsia?",0.9074893593788147,4ae6fb498736f2df712eee09a295802ac3adc4f58ca336d3f6958221c3aa6848
70,central,1,Qual suplemento vitamínico para gestante está sendo usado na gravidez?,0.9825868606567383,ec59266def06dde83a6fe492d491ae8a7abd451681a727690406acdc76b7f633
70,central,2,"Na gestação, os suplementos mencionados devem ser tomados antes da refeição?",0.9801838994026184,bc3d2246973bf4f1c5a8b1cd1d064b0e2864507fea8a4e6133484c33276cdc60
70,central,3,Qual suplemento a gestante tomou durante a gravidez?,0.9783583879470825,7de0160c7f9f06fdc2089a473dea16215f80d4868a070cbf283c9b0e8e5c54d1
70,central,4,Essas vitaminas precisam ser tomadas durante toda a gravidez?,0.9772619605064392,827b38bacb883178a620205fcbc5d39d3109d9ee1aa765427ca42923b6c75051
70,central,5,"Quando a mulher engravida, é preciso parar de tomar esses suplementos?",0.977225661277771,c266dbecaf85f371e01989d4d237145c635b8398ac01a7895545f6a986586221
71,boundary,1,É normal não ver melhora no amarelão de um bebê de um mês após cinco dias de banho com chá de picão misturado na água?,0.8286239504814148,89d686f7f61760124a0e6d39dc81768124145611c1af83bacd541f3f218b9340
71,boundary,2,Uma comida congelada para o pós-parto pode ficar congelada por mais de 30 dias?,0.8543126583099365,027f119bdce78364f7bd2f94aaa8430a2f9e9d29a3b7c3efdbc3ca60ed123b9f
71,boundary,3,"Mesmo sem útero, a endometriose pode ter voltado?",0.8562134504318237,92a264539c6e737f51868254f620b999c8a8a0ede82ca606f9802416ea7034e1
71,boundary,4,O sangramento parou após a aspiração com AMIU?,0.8624039888381958,b9e6a151eda853dc73a1bb1690f02c272f968923a9787bf4ad22626bfa26c03b
71,boundary,5,O creme de promestrieno pode ajudar no início da incontinência urinária depois de dois partos normais e com o assoalho pélvico fino e pouco elástico?,0.9058258533477783,838c100a4716dfca0e518d0b54043c6f93d118c4c76d16bcb98d72f366f8586e
71,central,1,É normal ficar sangrando após um parto natural?,0.9796875715255737,34b0e0f37f33007538eef6f337f2597d3393115dd04cace5f9c4044e543529b6
71,central,2,O sangramento pós-parto já parou?,0.9795724153518677,a8f40f1b578079bae0134c3b763780599822b2de66a46e3eb8a0e4cd675ad827
71,central,3,O sangramento no pós-parto também parou?,0.9785482883453369,5cefdfb2c7ebce441dea9b2d589182cc5ab6b5fec8ad23526a00c64f5ab6207f
71,central,4,O sangramento após o parto parou?,0.9781979918479919,3fa7ac65a565720d4096002232506788323eacfacb1fd704294dbc2413648d40
71,central,5,É normal sangrar em alguns dias e em outros não após o parto?,0.9781797528266907,0bd2624edd30b606061dc20327d0889a21b32ef3eaf072521f1e53e473bd0565
72,boundary,1,"É possível fazer a extração em uma mama e, no intervalo, fazer na outra?",0.8545738458633423,46469a44cc454dff51a8179262eb3d88a9afe4ab73b2fc03617ba059643ddb61
72,boundary,2,"A imunização pode ajudar nesta gravidez, considerando que sou fator Rh negativo, meu esposo é Rh positivo e já tive dois abortos anteriores?",0.8856086730957031,057fb5e989806f3eabfe766c8c8b23d73d15ca354573e97d786633570646d315
72,boundary,3,"É possível ter uma gravidez de sucesso mesmo com hepatite autoimune e hipotireoidismo autoimune, após três abortos retidos?",0.88564133644104,8bcf7e8abe825769252352a2d632fa2fb2faa6da71f5f0a416c1bece2c573a54
72,boundary,4,Quando o corpo volta ao normal após ter um bebê?,0.896747350692749,c0c5401ff0f06d3451422d3942da6373e88dc6208588e8599b10c0766e108783
72,boundary,5,Como é realizar a quinta cesariana?,0.9068254828453064,948157b2c5f5067e7e9e5623eba37ff70827bc48e75c582272533a3ace47d4b4
72,central,1,"É verdade que, depois de uma cesariana, não é possível ter parto normal em uma gravidez posterior?",0.9872661828994751,97c400aeb12326ee19d4de94dd976009a0f56fff8af8b7563b96018d1d68d050
72,central,2,"É possível ter um parto normal nesta gravidez, mesmo tendo feito uma cesárea no parto anterior?",0.9858786463737488,3d8c09a49e10cb88e4e4289e38f9b79b34c34d1f875b339ce9d005ee9b8d44de
72,central,3,"É possível ter parto normal nesta segunda gravidez, mesmo tendo feito cesárea no primeiro parto?",0.9847947359085083,b59831236152fd470718959ab06e01a2e4654b74236f74e120a3e8acf7388ab7
72,central,4,É possível ter um parto normal depois de uma cesariana?,0.9843326807022095,833c599388c898bda9cb4168671920e9f200f861af1f2832f035b34c1eee36f2
72,central,5,Há algo que eu precise fazer ou evitar para tentar ter um parto normal após já ter tido uma cesárea há dois anos?,0.9842279553413391,39b5b441e442dc4a3ae4b755cc9724db7262cc9c70735d03bc9b0e0518f857a1
73,boundary,1,Como colocar o bebê conforto no carro de forma segura?,0.8008163571357727,2c8d502aca8daa4d22070d33e9973820d6d0cd85860497a8bace4ef3c6c9ad4c
73,boundary,2,"No teste do pezinho, não é apenas retirada uma gota de sangue?",0.8167588710784912,ce8206a25d16cc45c4533e22d5a0a8a9db1fdeca41c672f34bb8265e848d1d7a
73,boundary,3,"A saída de secreção parecida com gosma, transparente ou amarelada, durante as contrações pode ser o tampão mucoso?",0.8360249400138855,6c880e9a0fb590902364565b3f60fc761d06ee64fbf4036fbcdf0113a44941d4
73,boundary,4,"Estou com 3 meses de gravidez, tenho muitas varizes e medo de que isso se torne trombose; o que devo fazer agora?",0.8498169779777527,5e4cc3902a564f84bf46f54a7d211c9d5af5c08b135909f7f6197d6a0258d666
73,boundary,5,Existe um tratamento mais adequado para esse problema de amamentação ou de retirada de leite?,0.8516066670417786,c55dca66bb208026756992cb74a308d629be30ad19a22473d1c339daa0a94c19
73,central,1,"Na histerectomia, é possível manter o colo do útero?",0.9724564552307129,6a0610efb00469fe317b19c0abeb4296bdbdca1eb5381cd8b58205f4b34e9c7e
73,central,2,É possível retirar o útero mesmo sem ter problemas no útero?,0.9702827334403992,527d9a4740ab028849691cc42595b4568d68acb8a22fb59e77adb21f0dcb787c
73,central,3,Por que foi realizada a histerectomia?,0.967746913433075,bc34e99d08092a0cdaf559d532e258eb57f5b30f6c8046d41de38cc9ffa0fa6d
73,central,4,"Na histerectomia, os médicos abrem no mesmo local de uma cesárea para retirar o útero?",0.9673298597335815,0a926fab4c7e27ff1f3030873f31577f4b94b7738579e8b6da5d02b29a6622d7
73,central,5,É normal sentir muita dor ao se levantar depois de uma cirurgia de histerectomia feita em 18 de dezembro?,0.9651405811309814,9bd7b45ee2c8bce89ad7d3bf6659328c76bacfa706fe2add6c01a56ea5297a42
74,boundary,1,Você conseguiu tratar a amenorreia depois que descobriram?,0.8333510160446167,a075d1f59e015de922f0eeb0cf4a6882619bb8b40a80ac96e2799208da5b5e4c
74,boundary,2,A bebê reclamou ou demonstrou incômodo com os botões atrás do macacão?,0.8504899740219116,72bc2b3af06c01b214bf5535830cf8079d0702071b31a8004da3e7a2e1ef78a4
74,boundary,3,É normal não menstruar quando o bebê já está com cinco meses?,0.8576599359512329,24a8486fdab015d3bcf99aabec29d09989253b022a6f904446a81cc36f7a75a2
74,boundary,4,"Se o resultado for Y e os bebês estiverem na mesma placenta, isso significa que são dois meninos?",0.8583700656890869,35aa3ec02f4bd2d913b096e653e70e14f844e77c67f1bdce3479f66fbd762bb1
74,boundary,5,O que fazer se a fêmea grávida de 5 filhotes estiver em risco de morrer?,0.872799813747406,a339c48e6481d6f31ff8b1a4806ad92c7464f4e239ea5ce21aab90a35c9b1683
74,central,1,Por que a Estrela está grávida?,0.9712797403335571,e19e05324bc71a2f46ecee649ef1661c778b9ce902a2f8b4cf7d3a3c0f65646a
74,central,2,A Estrela está grávida mesmo?,0.9710067510604858,e04fae960870ad89c5b7d2723d4c1b574a0ec805db68c20a44f73bf4109de29c
74,central,3,De quem são os filhotes que a Estrela está esperando?,0.9706217050552368,0577ee1d55e91b0523fbc86d434ba36e0e37d46e64f218adae81089337095e8e
74,central,4,A Estrela realmente ficou grávida?,0.970240592956543,4774310034b20e7252966fd680b756fa95e3d2aa686e56993c32d21391801a76
74,central,5,A Estrela está grávida?,0.9697496891021729,699b9a126be61cc4e00710323da28f803ed13d30ce9d184e4502bd346c46017d
75,boundary,1,A síndrome de Down só foi descoberta quando o bebê nasceu?,0.838776171207428,1f5aba5849636b61e544e5930b99633bf8f28260d7cea3fe41c94e26500383e6
75,boundary,2,A criança afetada por tétano sobreviveu?,0.8647261261940002,6f6a8f0c574fa6e290daeecc66c303882ffcada1f7e887b26f9a393b083edb08
75,boundary,3,O que devo fazer nessa situação de atraso menstrual com sangramento leve?,0.8686397671699524,10123de9188066dee22c4e1cda68c3659db8282f13de24e81e6100f6e18dcd4a
75,boundary,4,A Sofia está bem?,0.8776564598083496,9f0c6fb3cbec29157e9378bbc68221a5b318a336943353915dd2bfaa361209f4
75,boundary,5,O bebê será registrado se a mãe matar o filho após o nascimento?,0.8832793831825256,0e0be8585aaad7738ea390ceabfc84ad579be3d8bafdfd1cf216efe62d5a9082
75,central,1,O que aconteceu com a bebê?,0.9833878874778748,416af80125ac27d97ab101b4114f26cbe9a45ab7547fe521cf66932d351c8d90
75,central,2,Você sabe o que aconteceu com o bebê?,0.9831520318984985,ad080ceff8c39d1497ca63a4118d3d7c0cbef02125586a35d8c24d026d9ac43e
75,central,3,O bebê já nasceu e está bem?,0.9830695390701294,5f70bdc7634b9a8fe1cac6be834ed8750eb4d238a96ac339497de1e37a00b5e2
75,central,4,O bebê está bem agora?,0.9830139875411987,c444ba907ab9c23e86b012fba3ff651d82d70f64f98f8c097a0a01047226b278
75,central,5,O que aconteceu com o bebê?,0.9823309779167175,ef70b6c5a1028aa4566d7434aeffe2caaac61cbf6d3907246c211a49d81d0540
76,boundary,1,"Após uma cerclagem feita com 12 semanas de gravidez, é possível continuar trabalhando 12 horas em um serviço administrativo, às segundas, quartas e sextas-feiras?",0.8367586135864258,6fc4552010c530e4b8ba0838c864692aec72594a1fcfd5e8152d419682554a83
76,boundary,2,Seu filho com pé torto congênito já teve recidiva ou precisou trocar a órtese?,0.8466744422912598,02516976512ffc6b82b2c021111583b5380c3018a68d91769ced6c952bce6521
76,boundary,3,Há algum problema em permanecer com o ponto da cesárea?,0.8729299902915955,0037716b852e3e16e9ca8ac18d0a959fd10aa37cd2ced4be8d53db68b17d3e96
76,boundary,4,"Como funciona para o bebê não entrar em contato com sangue, xixi ou cocô no parto, seja na cesariana ou no parto normal?",0.8769687414169312,649b00811982a0046de2583df036bb12f278c7e9076e10c5d27bee988f4b9a8f
76,boundary,5,É deselegante pedir PIX no convite do chá de fraldas caso a pessoa não tenha tempo de comprar o presente?,0.8778489828109741,97863ce731d4cd4133c7a0160eff4a884877653f0931b590faf74644eac833d2
76,central,1,Não é preciso trocar a fralda ou colocar roupa na filha?,0.9741429090499878,31da8285536706c8b328084ce893069f384686c352d11d1283fac9abeff9e573
76,central,2,É realmente necessário deixar de trocar a fralda do bebê por 12 horas?,0.9721300601959229,55f80dc6aae91842a5d8ec38e259f20df1a1af01caa3cdade514cfce6c5e4e01
76,central,3,Há algum problema em deixar a fralda do bebê por horas se ele não estiver incomodado e a fralda for de boa qualidade?,0.9719976186752319,944d41f4a88c3016cf353ead81ffa7cf45f47758214e55d5218a9ba7aa8d8ea3
76,central,4,Qual tamanho de fralda a bebê usa?,0.9709948897361755,8dd139b735a7e61e4eabf0e84fe83a42c0107dfae15af1fba514a8a500cb1ba0
76,central,5,"É normal deixar uma fralda no bebê por 12 horas, mesmo cheia de xixi?",0.9666994214057922,34ca758bde735fee6879730f9c0ad96501d2bf15d455012c8106b67dfd7dff94
77,boundary,1,"Como está hoje a filha mencionada, que recebeu o diagnóstico de MCAD?",0.8052976727485657,77f543c3aeec006a019eab0142ac24c0ecb206b2fd10a198db610015775f946b
77,boundary,2,O método mencionado no vídeo funciona para uma criança autista não verbal?,0.8070813417434692,251a825656c85848cf663b11fa7144f6d329a2e70feb187b2d106b22ac4883e7
77,boundary,3,Como fazer o cálculo mencionado no vídeo sobre os vômitos e a regurgitação do bebê?,0.846725583076477,4548567081303c9da07c761af9e993bb1f18de5f1068415894741e9f5322c553
77,boundary,4,O que é a anestesia ou intervenção mencionada no relato sobre o parto?,0.8669240474700928,d41ab3eb6d8e01b6c7359ab62b5658a6bf72bfc845640f1c33a26c967d6a494a
77,boundary,5,Você pode fazer um vídeo sobre os produtos de higiene para bebê?,0.871359646320343,847f17653fa221795185013336ffa929ca1eef8e87a17e8358ffa196a6433571
77,central,1,A pessoa mencionada no vídeo está grávida mesmo?,0.9896149635314941,9bc726d258116768d92be5395cfc771e49060c40b6c2ee1209e2274028e70d78
77,central,2,A pessoa mencionada no vídeo está realmente grávida?,0.9884454607963562,cb678ed9994be6c8bd0e3fd46e5aed3c9727b7b0ce8b3d69b4e8729450c29dd2
77,central,3,A pessoa mencionada no vídeo está grávida de verdade?,0.988314151763916,c9f5c4de9dd9cb598351e84743372b16bd3c5c08e5251e3d4d2342336de11bdf
77,central,4,A pessoa do vídeo pode estar grávida?,0.9872501492500305,e814001d7552718abe1b046baaecffcf0b4f6c3ed492e0effd1b6a828ee2db6b
77,central,5,É verdade que a pessoa mencionada no vídeo está grávida?,0.9872008562088013,60aad8011a706a9761cef3e5d2c7e3ebc08d8c01d8b7a230b63ce52c8a7f74bb
78,boundary,1,Essa manobra de desengasgo é indicada apenas para engasgos com sólidos?,0.7503461241722107,aaed174fdc46993ee5275d8177875acd33af78dde52ebac6237dad8b4f59d656
78,boundary,2,"Para o meu filho, devo usar iodo a 2% ou a 5%?",0.8030973672866821,95c5290ce4719a398f74a47aaeb7fcc112f8875a5480a92050a0f2bcf62fad62
78,boundary,3,Onde posso comprar algodoeiro?,0.8131369948387146,27a85ae89d14a840fb90b91f12243c423f78de8b4ea85c6d6ead3a7bec88788e
78,boundary,4,É possível usar estriol na menopausa e de que forma ele deve ser usado?,0.831721305847168,35cd94cf39d5d67f8e8f93db368bf0504af7bbefb77abade07ec4e6211c87d6a
78,boundary,5,É possível aplicar Noripurum durante a gravidez?,0.8501858115196228,0c1f2b22d4cc92c4ea7e6ff74e075e6f4e14dc04de0e1f4dfa856e52860d31bd
78,central,1,O taping é indicado no pós-parto?,0.9755200147628784,4e3c20095b73436fdf4aa7158eb69acf169e930e466114360a6d2ead7dba2864
78,central,2,Devo usar cinta pós-parto ou não?,0.975200891494751,af72427e549f40791d28d418356b6c866e5df262a709da6e0208ad83a5f186ea
78,central,3,"Depois de um parto normal, é possível usar cinta no pós-parto ou apenas calcinha cintura alta?",0.9727787971496582,ad3599688d5864aeab03dcbfd283db6c1de29a976660f4a63504ac193c62392b
78,central,4,"Após a cesariana, em quantas horas ou dias posso colocar o taping pós-parto?",0.9723843336105347,4d5c9ac467c2f463a13c442693f4233e3873be483e1769b2930eeef9bcbdfc7e
78,central,5,O que você acha do uso de taping no pós-parto?,0.9706916809082031,9cf38f18670a24762e3a0bf1e3d3394282b744e3466bbd381c7907f53f98cd1e
79,boundary,1,É possível estar grávida de um mês e ainda ter menstruado em janeiro e fevereiro?,0.8485449552536011,1370ef20364e01d98250f69f3e6a7d7f9a089f368e7f327652e13b05e740cfdb
79,boundary,2,Quem está na barriga da Olívia?,0.8777344226837158,ac3677d2460495d07b4fbe72ece93bb67aa58740b13bf619616d958cf24866a8
79,boundary,3,"O que vocês acham das datas previstas para o parto da minha prima, dia 29, e a minha, 3 de fevereiro?",0.8886409997940063,0e79d9baee6a66545de0efc19fe93a8f8626428cfd9ecd43e642a9bb0f556bdd
79,boundary,4,Ela já teve a Olívia?,0.8898499011993408,765ea18389eb392f902f7c02e24830b966a03b2c23c60fe5578de68911f221d3
79,boundary,5,O parto da Olívia vai ser cesárea ou parto normal?,0.8934659957885742,1565eb68a74a2b14f723d7aad0a2b1b2d2b4574f8892eacb8b28e34d24e9e405
79,central,1,Olívia vai nascer no dia 29 de janeiro ou no dia 2 de fevereiro?,0.9950459003448486,8230f3b1e476f343055b60fd84d50692a668aaa74e6e5babd363f170d586fb3c
79,central,2,A Olívia vai nascer no dia 29 de janeiro ou no dia 2 de fevereiro?,0.9948772192001343,ec1e245ab92a8b6f06a6b02970b7e3d4883f4fd6760ba33f9f8e0edd8a44a92b
79,central,3,A Olívia vai nascer no dia 30 de janeiro ou no dia 1 de fevereiro?,0.9946739077568054,239d81abd8ddc8ed22212f81e0ce54b6c46c0ba224ff1031447308d0bd92031b
79,central,4,A Olívia vai nascer no dia 30 de janeiro ou no dia 2 de fevereiro?,0.9946341514587402,ca9d587bd0481921541a4df0200f1aee31254a22290e80b9d13fc8dc731fdb63
79,central,5,A Olívia vai nascer no dia 27 de janeiro ou no dia 2 de fevereiro?,0.9945335388183594,9a0504abef8145316d5b9881ba44da865744592af50eac15f0d3adb7796aa1c7
80,boundary,1,É possível fazer transplante de intestino em uma criança?,0.808929443359375,14ba3e2c5e0f8e8014ff046e4a3ddd7a3613b9b491a32e862180063d9b038cba
80,boundary,2,Qual foi o motivo da perda gestacional e houve algum motivo específico?,0.8208926916122437,11738406d3cc2f7e6ed71a686a6240e111ade8209e2237ddf5f1bfa63345eac0
80,boundary,3,A água para preparar a fórmula deve ser quente ou em temperatura ambiente?,0.8624982833862305,ccc17b6f00b44f9c6228afd7fc4cffb8c44f113413ca4c75e7bf4db07b35f538
80,boundary,4,"É possível fazer um bolo de aniversário sem açúcar para bebê com alergia a ovo, leite e amendoim?",0.8665335178375244,793ba08c91414b62ec4017ef38d0b1f223c949c4c8c36aa6cf006490606187d6
80,boundary,5,"Para preparar 180 ml de fórmula Nan EspessAR para o bebê, devo usar 90 ml de água a 70 °C, adicionar 6 medidas da fórmula, agitar bem e depois completar com água mineral até a marca de 180 ml?",0.8744682669639587,8b365434981bee021e9aec773e8084c8657e148fed24b6fa2cf538271c778bcd
80,central,1,O leite em fórmula é o ideal para o bebê até 1 ano de idade?,0.9794018864631653,eadf2481db047d5b33e85f4297a978306080cc5d611386324c97dcabaef2bde4
80,central,2,"Se o bebê não quer mamadeira, como dar fórmula?",0.9742594361305237,640a41ffce3044113fffcd1004d42c7015e3db06afa2008f6bffede2bfac3298
80,central,3,"Depois de 1 ano de idade, pode dar leite comum integral ao bebê?",0.9737901091575623,d37cc74500e422664e2cb31b9381ce6993185e7b653270175c3da51b93f3477b
80,central,4,Leite de vaca industrializado pode ser dado ao bebê?,0.9724261164665222,ad12b6d7bfff585420911fb1af333ff3ae96c94f438c798e06b679cb309e94df
80,central,5,Um bebê de 2 meses pode estar tomando leite de vaca?,0.96993088722229,9c6df48afe3401ab025a8f3968df6ce710f094c6d3c1a03d419d95df870d2ab4
81,boundary,1,"Quando a bolsa estoura, o líquido pode sair em pouca quantidade, várias vezes?",0.7684254050254822,79b044e4abd1c213d76da2dfaa6b9163b1e2be3191355742c38531d5551fc3c0
81,boundary,2,"O atraso menstrual de 21 dias pode estar relacionado à endometriose, ao endometrioma ou ao mioma?",0.887200117111206,40d97d1fa9c6a8f50f47782cb92002152bb60f692dc37a270fbae501800d6b11
81,boundary,3,"Há risco de gravidez após a relação, mesmo com o parceiro tendo feito vasectomia há anos, considerando que houve um pequeno sangramento dois dias depois e um pouco mais no quarto dia?",0.9050600528717041,c59c647c6d9d3fb7872ec80fee427a13b3286148a71d20b8289aa402dcfd8779
81,boundary,4,Esse corrimento rosado com ardência pode ter relação com a idade?,0.9141630530357361,faf6af39ccae0dcba8fd401fd7928ce4aa38347f1f7b9fbb0bd6c00aa41fde61
81,boundary,5,É normal ter corrimento rosa com alguns grumos brancos?,0.9148740768432617,0138e51ebc9139b96715e531318b9e2ca56c163cfdcdecbc3c801135134828f0
81,central,1,"Um sangramento rosado e leve, que durou 3 dias e depois ficou mais amarronzado, pode ser sinal de gravidez?",0.9906650185585022,ce7668ee773a402837c567e5c0b6e96a8b35369787a2ec60d215399de40db264
81,central,2,"Menstruação atrasada há 15 dias, com borra marrom e sangue rosa por dois dias, pode indicar gravidez?",0.9880484938621521,debe8fca48bba74fd7ab78b3c1aeafda5ddd675f7dcc3e272ff5b6a682114dc9
81,central,3,"Um sangramento marrom, em pouca quantidade, ocorrido 10 dias antes da menstruação e uma semana após a relação pode estar relacionado à gravidez?",0.9861382246017456,d4f45afc76ea6fba9bcba37cf97dfdc130b28781fdc95d26c1ad80a5140296b3
81,central,4,"Com um mês de atraso menstrual, sangramento rosado e dor na barriga, pode ser gravidez?",0.9850027561187744,38be7bb3107090e162dd857b22e460b3cc06e8eb08a71bf13865aff71857519e
81,central,5,Um sangramento rosinha bem claro que apareceu ontem e depois não veio mais nada pode ser sinal de gravidez?,0.9845764636993408,5297a0359b0e766dde5e41c331e620b521b640ff4f12cff5867c2b6932a8a135
82,boundary,1,"Como fica o namorado da Helena, que sonhava em ser pai, nesta história?",0.866730809211731,e2ca7a736396947ceb5eb6f9bfac1b243dcbe85238da7b29b4c931e2db465649
82,boundary,2,"Se ela engravidou pela quarta e pela quinta vez e não podia fazer parto normal, como o bebê sairia?",0.8845658302307129,8f6f76a39052dd29aad434f7785c7e33feab51585d16f55a74f9f6de5f0a7979
82,boundary,3,O Robson é seu namorado?,0.8943455815315247,4c64b1822a5229e5db4410936c29391df81fc5c9119f4c18076013bc6de851dc
82,boundary,4,Quem é o pai do bebê de Amanda?,0.9016388654708862,e9b9fd47c1ba37398f7e318a0e16329541b970670e14669adfd10f4c5fae92c2
82,boundary,5,A gravidez de Josi está evoluindo normalmente?,0.9174708127975464,22c45dee03f4e99fbc41f14edafad40b382ca015ed6bf54b9b969f1bbbaa3344
82,central,1,A Giovanna está grávida de verdade?,0.9898421764373779,b63902e5facd9dcef732deb0fe8301df405ec3227c837fe0cb4a724f3792bf6a
82,central,2,É verdade que a Giovana está grávida?,0.9891672134399414,9ff3a4c989a572475d7de8d2af6226ea174fb6a2c3d35178c98acc4a87783f61
82,central,3,É verdade que a Giovanna está grávida?,0.9888530969619751,55b0a89ae7d91b1183786a88211160ee1a41b80f2d770d19e32f234c5ee95343
82,central,4,É verdade que Giovanna está grávida?,0.988709568977356,b58624abbad40f108ad8f9f77107da5ce1bc67a6b283362a8d3ff8e525bbc83f
82,central,5,Giovanna está grávida de verdade?,0.9883589148521423,25bab51893e375055e9dbaa5c591f4e70b72bbef2a06e3ecd13e7079b4ce2a61
83,boundary,1,O que é o acessório que ele usa embaixo do peito?,0.7755589485168457,c1dc4586754d20c10a59e0409c2a233450af4547f3ae78e403ee619f62ad9d7e
83,boundary,2,O fenômeno do alvorecer pode impactar um exame em jejum realizado bem cedo?,0.8024042844772339,7cdbd8fcb7138b2ea84767db5bf1dd20d4da2d86ed82f56b3b32af4e53bf95c7
83,boundary,3,Para que cor o corrimento muda quando o tampão mucoso sai?,0.8313679695129395,e72315332b589fca0050b3f4fefadf03a2a11148bfc888f5eee3e756cc1354b1
83,boundary,4,O que fazer quando o bebê não gosta de ter as mãos cobertas?,0.8512594103813171,c9b042d19f7edee4a2de725342f3d794a656f716237e2eadc9d3621ed418a407
83,boundary,5,"Mesmo segurando o bebê com as mãos, ele volta para a posição inicial?",0.8820737600326538,d1dd4213b8cd461a44c476d01ec0395341f224f3a1795b02ab3515976fc4a404
83,central,1,Por que a cesárea rasga tudo?,0.9832935333251953,8c107db0bb257bf99e0cafd0d5607947d572da555f0da9bbde53bbdb9c935e17
83,central,2,Por que o parto cesáreo é feito desse jeito?,0.9832321405410767,374861dcb05b4be7c29e595c1f10a81189a8f89a0e2fedef61d7a7483fd1de09
83,central,3,"Na cesárea, a incisão não foi feita naquele ponto, foi?",0.9810903072357178,22301585f3e5787a1f7be0febdfd1fb613735e0c2bd6ef54273df0f484943cc0
83,central,4,"Na cesárea, o médico abre a barriga da mãe para realizar o parto?",0.978979229927063,db754543fb3dca21fe728c7f159508c52f32b4128c25c29d108991c470ac6d2e
83,central,5,"Na cesárea, a cabeça do bebê sai primeiro?",0.9788714647293091,593efeee30d803a588853b908754e088a851e47262a9f146362cf07721920919
84,boundary,1,Esse risco é maior apenas para quem tem deficiência do hormônio GH na infância ou adolescência e não faz a reposição hormonal?,0.8445149660110474,f0097d7260f189c23f64178132ed5a572f685322e290554a60e5f683cad68e78
84,boundary,2,Qual é o valor do implante hormonal subcutâneo?,0.8628596663475037,c099b36193b42e256a59e2f505001b8335e464f9ef39844461850950b1ba6a3f
84,boundary,3,Os exercícios mostrados servem para tratar secura vaginal na menopausa?,0.8994864225387573,cf43b612a6aaaf06f1bb4f99c37e0f9170178e47c0c6eaccb51a20cbd8bafcb1
84,boundary,4,Dor na bexiga pode ser causada pela menopausa?,0.9120673537254333,677236c6c40c89ed17208547b55db579efccc52798d65e15582626649d6cf66a
84,boundary,5,É normal ter ciclos menstruais irregulares aos 46 anos?,0.9150947332382202,ddc63ea67002dee14d56e9602439e7b9f3c997649f538803efc31db2022b5cac
84,central,1,"Com 50 anos, é possível já estar na menopausa?",0.9839558005332947,e14225cbd9fae706175e2e578599d68bc6d898ca63b832ac43313fcdf36d7377
84,central,2,"Com 49 anos e com a menstruação ficando irregular, isso pode ser sinal de pré-menopausa ou menopausa?",0.9826527237892151,a9054c0493b7901f7fbca7dacc1b5d662cca2cab2f496ecb33d6e32b3789bed4
84,central,3,Tenho 45 anos e estou sem menstruar há 5 anos; isso significa que já estou na menopausa?,0.979866623878479,f5e6f4caebefff29b754c67a0783c226dbb536a85c81986441ae6365625dd32b
84,central,4,Ficar dois meses sem menstruar e a menstruação voltar neste mês significa que a menopausa está chegando?,0.9789916276931763,d9468b91fc874b8e8d66fb51a6ce4c1a3bbc6dd9dbce774b44b6284342ff955d
84,central,5,Esse atraso menstrual aos 40 anos pode ser sinal de menopausa?,0.9788666367530823,934df4dc598514643986190e66642d74366cada24e97986abe6906780d38ce7a
85,boundary,1,Fraturas de clavícula em bebês acontecem nos partos e muitas vezes não causam reação no recém-nascido?,0.7838237285614014,daec29fc712a4f28c12828d0595606e4a613dbc57a73595831d0fd376f5ce915
85,boundary,2,"É possível uma criança nascer surda, muda e cega?",0.7964238524436951,73fe5704c59ec0fd8bcdd75c85f1197494c2fd4ad268c01b5f69ac6d8bf9705f
85,boundary,3,"Em 2026, a Antonella já havia nascido?",0.8423300981521606,34e055f809c6007f9911583d513a5de1bef140206af1760432bb4907a791ad56
85,boundary,4,Por que os produtos Mamãe e Bebê da Natura não são recomendados?,0.8865427374839783,44373a34155235def0d23a8283049521b9e00c2d1ecb3ffe1fee74dc3e69e204
85,boundary,5,Como o bebê muda de posição para nascer?,0.8979743719100952,732eb39562f0bfca55ac63e3fdbde78f7401f65b7ad871199839c6e4311087e0
85,central,1,A sua bebê já nasceu?,0.9897733926773071,5976968284ecfc1566603f9fa1128748132e4d045704abeadacfe2f22ff278c2
85,central,2,Você já ganhou o bebê?,0.9890292882919312,7f165f40cd6ce775bf85744e6ae4f70b4c380ebd09a49385f28ac432e996d930
85,central,3,Seu bebê já nasceu?,0.9888407588005066,7dabda28e7f044fc9950e0aeca0626d8a699bee8450e30054d610bd3ec189e76
85,central,4,O seu bebê já nasceu?,0.9887037873268127,4978399eea8b01ff9304e7f127f3040d387d441be17e1a93bee5b1401e6e72ea
85,central,5,Você teve o bebê?,0.9876346588134766,b1c2e96030513d78d072969c296a0573111d0cfbc904eb7f834758f46e12b045
86,boundary,1,Qual foi a reação que você teve ao tomar iodo na primeira semana de gestação?,0.8117204308509827,9e7125d96b337666cbe3bbf14663b317ba3d8169434edc87c2b2978f6c9954e6
86,boundary,2,"O que significa dizer que, na cesárea, o médico fez uma plástica?",0.8376736640930176,a8afe638862e032cb017ff311ca887dcedc3eaa80ede5742e6240cbfe3edb530
86,boundary,3,"O que significa dizer que o bebê está em ""T-pose""?",0.8444757461547852,719795be2d9466a22be28d2e3b7a232f3a4eb22316bdf340f3c2cf59b32778d4
86,boundary,4,O Vini vai ter um irmão ou uma irmã?,0.8720284700393677,6395ec7fc37ddb34a23e8098ea53ff9e75997c65de5a8e15b6669a7062ed015c
86,boundary,5,"Quando você fala em ""cuidar"" da Olívia, quer dizer deixá-la por cerca de 10 minutos para ver qual será a reação dela?",0.8766921758651733,84ae0dc9e6d4521d4d518b24baf3bcb5884ee1d1bd95b559e385f44d5a00bd86
86,central,1,A mãe da Mia está grávida de verdade?,0.9729173183441162,fa09d2511674c3a617bce67f749f2b3e61807f0c412f56fd25e76160c6879d7d
86,central,2,A Mia já sabe que vai ganhar um irmão ou uma irmã?,0.972876787185669,caca8200e4253386efa357be54531c80de2dd4a49babcd5355371c4b5a0b5d03
86,central,3,A mãe da Mia está grávida de mais um bebê?,0.9728000164031982,f519dfa9ff93f74b519a5e5b105a99217b2b55cf4bb40ece4798fec4fe79ad72
86,central,4,A Mia vai ganhar uma irmãzinha?,0.9718341827392578,3b27910d3f0fc60a858b37924815b7cdf482e8ddc7f66e6744531cbae0be6a32
86,central,5,É verdade que a mãe da Mia está grávida?,0.9711470603942871,87173106fc795cd009aade83562b4abcddd662d7cc2c02c3640dcfbca6c5e6dd
87,boundary,1,Posso dar banho na Olívia?,0.828222393989563,1b6aceca792d1c0ed8f26bbfb53bbf0201c2c07cd1b4b352b3b21986a29621f7
87,boundary,2,A dieta GAPS pode ser usada para tratar a dermatite da filha?,0.8412282466888428,38cedb60b6e0161ad7c01dfda474973205844f435118d9195dc7e1502d83dcb9
87,boundary,3,Como é o cheiro do tampão mucoso?,0.8445780277252197,9f25cd5493f00360c0b96d923617958997c7b0f462632d28a30d79efc2b61b80
87,boundary,4,Um recém-nascido que sofreu fratura no fêmur poderia perder a perna em quatro dias?,0.8488253951072693,03b685de158297ca041e15e23474bfb9a96554c16a246f48b2c064e9e35ab980
87,boundary,5,Você dá banho no Kaleb aí?,0.8547509908676147,7f2b25c9d4081d2fb21030683f1953a8d52481ba5dae1175b720264f370065d0
87,central,1,O banho do recém-nascido é realmente necessário?,0.9743880033493042,b01fa39b6a2e7380eb1ca34de0c4ace31cd5a8d49473a28343f8d944800c0ad0
87,central,2,Você dá banho no bebê com água gelada?,0.9733102321624756,2aaebdbabeb16eccbef85ae011456ea498eb54152a00aa39743b03f3721d33bb
87,central,3,Por que você dá banho no bebê dessa forma?,0.9686662554740906,7010c149aba2e28b3e1519ad8e79969374ecfa108026f239e3f7cc7eb2f67fd0
87,central,4,Quantos banhos um bebê deve tomar por dia?,0.9664196372032166,0a6d9d034a9c95e917598edf5f213c93af73d46680124a3bccb1d83b64416133
87,central,5,Você dá banho no bebê na cozinha mesmo?,0.9633028507232666,12ed60b845b54b68ecef8d7a5a9129ca01236ce6a892315a6b3bc5d9eded7a7c
88,boundary,1,Existe a possibilidade de fazer uma cirurgia para melhorar a distensão abdominal de Kaleb?,0.8383744359016418,b9e650bbb913a7ab038c7c1e25a68e2ccb02b046c8cf8273c8bca61408c5e718
88,boundary,2,Intercalar as fórmulas Aptamil RR e Aptamil Sensitive deu certo para o bebê?,0.8388471603393555,916ef8254b4e061409b4b359a8ec42b894566fff7aa71bb7e93fbfa111c4fa50
88,boundary,3,Pode falar um pouco mais sobre robôs que poderiam gestar bebês?,0.8596104979515076,d7b551c1021a06144c07e4719aeeebc203ee64ce095fbfb4b0dfa6f11869ec7c
88,boundary,4,Como posso saber quando estou ovulando?,0.8797961473464966,c5e33ca2bb49c688c0cba8b67ce57743117dad911eb4def704cfaca7152ece96
88,boundary,5,Pode falar mais sobre o puerpério e trazer mais reflexões sobre esse assunto?,0.8826826810836792,67ce4193e3af35c7a8b97f4fece3ea628554a82f11b9069badaf2d8ed2147f36
88,central,1,O que o bebê tem na barriga?,0.9816304445266724,a01d137209f5316d32a0dda00a2d3e42de7382ee117ea6f4be752bab5404c0a7
88,central,2,Por que o bebê está com a barriga grande?,0.9812687039375305,0b40354a9801858fe7570bc53da777ec2c404c8773a87e8fc90490410eae5185
88,central,3,A bebê já nasceu ou ainda está na barriga?,0.9790810942649841,5937f338273f31ce193ca320e5ca972bf5f39173d541bd5127db8917375fcec2
88,central,4,Por que a barriga do bebê está assim?,0.9788779020309448,902c27a1e205aca638814494c842a5f2965438c03e4b244280ca65b8e49f718f
88,central,5,Por que o bebê é tão pequeno?,0.9765027761459351,860ee76e64b94ce07c742acd158d62700e11da98687abb3382b0bd98e99423f8
89,boundary,1,"Essas três verrugas pequenas podem ter aparecido por causa da minha baixa imunidade, mesmo durante o processo de cicatrização?",0.7671293020248413,059d183cf4de94ece6586e5356851ea8ccc3dbeb099796d3c023b7e08ea6f8ba
89,boundary,2,Uma criança pode tomar solução de Lugol?,0.7783232927322388,21a5ce0055d1ffc9ae21ae6fe794ab47ea774cbbfd5c488fff2afdb88ba3e8b4
89,boundary,3,Uma gestante com vitamina B12 em 113 deve se preocupar com esse resultado?,0.8244426250457764,cf018b055affe517c8b2480cb103301cfdb55892b6e127d19efa5925fcbae40d
89,boundary,4,Quem tem excesso de estrogênio por adenomiose profunda corre risco de câncer de colo do útero?,0.8502054214477539,3bbfa59dba77f37335baa830f140ff8ba98e2011dd9ba6276a39758378930eda
89,boundary,5,Há risco de o bebê nascer com síndrome de Down ou outro tipo de deformidade nesta gravidez aos 42 anos?,0.8574768900871277,9a5f655afdd19c05088059d36b080df9b55246265fa50f64a2130f07cccd0f59
89,central,1,Quem tem mioma pode engravidar?,0.9723522663116455,cb7588f11bba88c090041272937f55cd92d974b13183f95cdf7aa3e11d112b88
89,central,2,"Em vez de gravidez, o caso seria de mioma?",0.9694674015045166,64af7b32f29f2c6b435e4efa783af35dc7fc3d2de18010676116fb5a5d6e1cdf
89,central,3,"Ter vários miomas de tamanhos diversos, inclusive um comprimindo o endométrio, pode dificultar a gravidez?",0.9694042205810547,cd8deeea00690328ec2bc82d71ac373cecb0a53444906db26c6396c8927cb1e5
89,central,4,Uma mulher que tem miomas consegue engravidar?,0.9692822694778442,8f4f423b0b544d67e20001133114ce23e7d9e9da93136c177281e5014cf23e8b
89,central,5,Miomas têm relação com a necessidade de fazer cesariana?,0.9685149192810059,9602a9e77957a3a5d0e8190555e52a71fde4d5485a75b5a07107793a85c4cf0e
90,boundary,1,"O fato de a mãe ter sangue Rh negativo, o pai Rh positivo e o filho B positivo tem relação com o autismo do meu filho?",0.7736237645149231,0cea07968beb65e46b2563935d7f1a4a80f8850f19a45258f9e72f27bbb0fc96
90,boundary,2,O filho da pessoa também pode ter deficiência de G6PD se o neto foi diagnosticado com essa deficiência no exame do pezinho?,0.7861136198043823,f2a77f54f1ebefaad5ca75e562a60b4d2bd81239913b7b0e94b8ed7536ffd44f
90,boundary,3,Existe direito de a avó estar presente no nascimento do neto?,0.8793314695358276,cbf98e9b8f9121c40ca4d70ce501cd03fbcfbd042b3fa399b2cbb2141ad63f3c
90,boundary,4,O pai do bebê é o Benzema ou o Vinícius Júnior?,0.8824458122253418,ea47e9cf1a65fefbe4c0604f50c245949ee88b8b9ecbfe455d4e770fbc8774e1
90,boundary,5,"É uma menina, Mariana, ou um menino, Lucas?",0.9012225866317749,cbd49a5b4a25f7380d839452aa91e5a00e6176a577a7073a1532aba0fdbfb938
90,central,1,O Lucas é o pai do bebê?,0.9663294553756714,987f7606278be14b3cbb4f51cf14db8d71d1d89e315ac661ddcf5ea20e706b33
90,central,2,O pai do bebê é o Lucas?,0.964556097984314,7ac43e4b8de1cb48979755c8903289246085c01cdbe06912b8190858c2dfe447
90,central,3,Lucas é o pai da gravidez?,0.9632778763771057,4a6eb4f4baa2a4e56c40ce75014d9599a43b9c2cf47b1aeae9c80260f9749558
90,central,4,"O pai do bebê é o Luccas, já que eles são apenas amigos de trabalho?",0.9631695747375488,8ad7997a959dc5b2042f1479d34efe498a6fb48d5b4aa0c4188193cf1e709ae2
90,central,5,O pai do bebê é o Lucas Neto?,0.9610766172409058,37832453c83966b7a4a41876221ceda86fc6ef3710354319355327230efd66b5
91,boundary,1,Em quais pontos foram colocadas as agulhas da acupuntura?,0.7862597703933716,2171fb2dbd1d229d295627675480502a2a39b32620c7eea176c218a35d1bf037
91,boundary,2,Como é feita a indução natural com óleo de prímula e shake de rícino?,0.7873071432113647,04220a777726bf7377272cf22d13543f12eeff65e42937f306183646784a331c
91,boundary,3,Existem outros medicamentos para epilepsia além do Depakote que possam ser usados por quem precisa tomar muito cuidado para não engravidar?,0.7898139357566833,d0c26be423fd7d5b739dfd92c5b4c718293e4c98207e861f7048498743a4f48d
91,boundary,4,É possível comprar Noripurum sem receita?,0.803128719329834,bf735b9e4fb21fb3dbb475c17ebb626e3200f62108ed58b985b5ac98615ae9a2
91,boundary,5,Quais podem ser as causas das dores abdominais intensas e quais tratamentos são necessários?,0.8471009731292725,aa7ad06332d1fe339365dca4212c4dcf8adaf0edca957510b8e39d1b5f77c99e
91,central,1,É possível ter uma boa experiência com a indução do parto?,0.9786841869354248,4fdab87661b78d4a72f09ed04190765a42cc5e5f7b8d3f3ea026cceceec50498
91,central,2,Como foi a indução do parto?,0.9785395264625549,f97109da54f6a1bb3bd72b1f1e12499b2e5b001996e3d2615888ba9f9ba66f0a
91,central,3,Como foi a indicação para a indução do parto?,0.9768190979957581,cd6be7689e58a21cb356dff878b85a99f2db16db9e39ac6d02b325cad0ecd53d
91,central,4,O que pode ser feito para estimular o parto normal?,0.9733982086181641,02f909e7dd71db1d4decfe8c0e8c72dff5b8c1263a5e7063f2829f38fe7349cd
91,central,5,A gestante precisou fazer indução do parto?,0.97194904088974,1d9499e2f74928d5c2f60d518df1f7a954fec1f95cbed4e69e5e8579ed0b14d4
92,boundary,1,"Com qual medicamento o SIBO da filha de 7 anos foi tratado, já que ela está terminando o tratamento com rifaximina e ainda não houve melhora significativa?",0.7905591726303101,3f89ae4de99e92df6ef86ec1f12b9ffda0648f43cc38fbef8ac33e7cb1e3dc8c
92,boundary,2,"Por que, na UTI, o bebê só podia mamar o leite da própria mãe e não leite de outras mães?",0.8399722576141357,93b0565667b421354da856fe972061f1a3b779707ac6175c6361c6e69afb0b9e
92,boundary,3,Como adiantar as marmitas durante o fim de semana para a semana?,0.8410364389419556,858e56df6f699b3fc5575e00dc32551d1a3d0bdd8a293ee947e7bc400f044405
92,boundary,4,Você tomou algum medicamento para tratar o TOC?,0.8483759164810181,85f52ebc019abc5c36c7388ccbe8dd77d5899db9aa4f7fcd5222641d08d5efe3
92,boundary,5,Como conduzir para a melhora da mastite da minha filha?,0.8571609258651733,8f1cc3e1e3ee932739b747db8cf47a00de17b2046466b25d1c175b4c2d06100c
92,central,1,Por que ela não foi ao médico?,0.9646105766296387,96ebed4e57727048d9d041682f7bb5c3692fb53a69747a773d01b62ca587a9bf
92,central,2,Por que ela não foi para o hospital?,0.9633642435073853,410910afa685964afe6f48b39e6e23a03cffcba21eb0fc1753aaa85d8bcf77ab
92,central,3,Por que ninguém vai com ela ao hospital?,0.9618690609931946,4bcff784b7a2e4e5b5d126bf677b36f06fe9a28df1ceb266dad94447494506ff
92,central,4,Por que ela não foi levada ao médico?,0.9591856002807617,1e13e1a9c520fcaed3c9d46a0797529d7cd1f1677554025a4808eb001b85fbc4
92,central,5,O que o médico disse ou diagnosticou?,0.9568819999694824,5c8535e208105c47ca14ad3149336f2f4def9abb58b74553cae19420d614e317
93,boundary,1,"O resultado do exame de Coombs indireto, que mostrou anticorpos livres no meu sangue, significa que meu bebê é Rh positivo?",0.7820684909820557,e659b7fbcbd7ce46f498d005b556f96972a601b0014c933416b16dfc0e98a66c
93,boundary,2,O exame de sangue que farei amanhã após a FIV vai indicar se tive um resultado positivo?,0.8456357717514038,89b046a194628dac977e579fd9090654d43c0ea26268c0feb07777c165dd48db
93,boundary,3,O sangue no parto acontece porque machuca quando o bebê está passando?,0.8608624935150146,e51dbf5ca82812f0d71c4d2559a7f0a5b9f212c03fbebeb02bed5b7a93758ee5
93,boundary,4,Por que o resultado do exame do pezinho do meu filho nunca saiu?,0.8617530465126038,3b2c68fe5d5d85061bd3c9dfde7e451ace021bd9ba96a6254c1a7b81adc1e7e5
93,boundary,5,Por que você fez vasectomia?,0.8780773878097534,9f010676df703b23fe76b59270a96ab0e2bb5d0a28097c367924bcaeaf8f6add
93,central,1,Você fez o exame para confirmar se está grávida?,0.9904149770736694,262be9e688eb2d1cdcf270b3ff08d4a9e1c40f0653b360bf494a694fb8233f90
93,central,2,Qual teste de gravidez você fez?,0.989867627620697,62524da4fa4d115caa1456eab212ed9a2bdd7a467ebf2ee9a26fb7a5b04fc8d6
93,central,3,Você usou o teste de gravidez?,0.9888688325881958,f093b9e66c8da8bf7e3a557f2036543a3e52cdf0a89d1e090a4ff4c6bacc634b
93,central,4,Você fez teste de gravidez?,0.9888088703155518,ecd2fe687fa3499ada030a50806ba82537ef630bab1ab1aafab155fc6598914e
93,central,5,Você conseguiu fazer o teste de gravidez?,0.9887652397155762,56599146d9bd42adc6ff68f73e98ed5c21b72280db680af5ca9d28a308f0058a
94,boundary,1,Pode-se mexer o Aptamil AR com uma colher para ajudar a dissolver?,0.762735903263092,cd3b5f78fc34dca0ef8f3fe08fda1cb56837fd330e9815c0e05ba7fd1291e5c8
94,boundary,2,Um bebê de 4 meses na barriga pode parecer que não está respirando e ainda assim estar bem?,0.884396493434906,bd615ad8aaca48262b0965c3ceec9a5bcf09fccc71e182f66cd52168b00fbd9f
94,boundary,3,Os movimentos rápidos do bebê na barriga estão acelerados pela câmera?,0.88599693775177,89bb9cf883aec88c6c3b10a2a6fade6a0b48f86ff613be80114ede60e05ace2c
94,boundary,4,"Com 17 dias de gravidez, ainda é possível evitar a gestação?",0.8876587152481079,b8897d56c559d179b349499db2d743065bf7dc7100aa91c166a1467fd77ee2bb
94,boundary,5,"É possível ser sedada ou ficar ""apagada"" para mexer no dente durante a gravidez?",0.9053731560707092,b092ea3598bec4b0e25a58dee18bf49d5e7d489edc252103ada47fc211794393
94,central,1,"É normal não sentir o bebê mexer por três dias estando com 18 semanas de gravidez, depois de ter sentido movimentos na 13ª semana?",0.984799325466156,acba719ac67c2d212a31a9e2beb6e6993a0faf6b837ae65687e2c65cb621d58e
94,central,2,É normal estar com 17 semanas de gravidez e ainda não sentir o bebê mexer?,0.9820636510848999,ad77f232469b88348a5ada037d4137b04316d7d998885ee241726e2e2e4e2c39
94,central,3,"Na gravidez de 5 meses, já é possível sentir o bebê mexer?",0.9818269610404968,8545ddaa4c237200b4d6e76e2f46048b18a95785a436aeb81338bef51c7ea6ea
94,central,4,"É normal, com 27 semanas de gravidez, não sentir o bebê mexer?",0.9814697504043579,f4cf326c5b59e187fd06f74775142458eddda66472b9b758df8917b37e0ea9e4
94,central,5,"É normal sentir o bebê mexer com 12 semanas de gravidez, mesmo não sendo a primeira gestação?",0.9813119173049927,6e97f06759fffc7f6f4c6b2375a5cdb627c2c123f9125be909366669457f51d1
95,boundary,1,"Existe outra opção de tratamento para melhorar a espessura do endométrio, já que a pessoa já usou ASS, Primogyna e estrogênio e não melhorou?",0.7768581509590149,7e5c9dec0ebde686a106c8007a286fe7859ed9cd3b05ca0b0ef089a87be069ba
95,boundary,2,"A menstruação escura, com cólicas fortes e diferentes das habituais, pode ser causada por miomas?",0.781713604927063,fbc7ffddbff019dbf8a3eed72ac10adc6bd4ce45e7038edf5135695c4d43b3f8
95,boundary,3,Como melhorar a espessura do endométrio?,0.8016300201416016,99b088d738a2fbe935afec5b7357b9a07fdb94c31fc2720deb596de24c2bb679
95,boundary,4,Como a barriga de uma mulher recém-parida murcha imediatamente quando é espremida?,0.8182662725448608,eade64ee8c4211b1720e79b1fb8694db2c3b1b48c4db8cb0c9bc59c92c32202c
95,boundary,5,Por que a barriga de uma mulher recém-parida murcha imediatamente quando é espremida?,0.8225924372673035,38e6b60eca0dc0dd2b8682bec53e4d8416147956c81ed36e47e913d0cf3baf9c
95,central,1,Por que essa bebê teve conjuntivite?,0.9709005951881409,3ebbb2fdedd505ac89098e703c1376b0f4c4da0f5ae88f9588ab9c5e90df67b7
95,central,2,O que acontece quando uma bebê pega conjuntivite?,0.9707196950912476,2e71ff4c6f3e7508e05541e6ad18c535b408aa6a22843f2ed1f3d86e92acd86f
95,central,3,É normal um bebê ter conjuntivite?,0.9686542749404907,300560eb064aeaf193839f2ded80d38b43d527068551c97be630b5b7f15e6d48
95,central,4,Por que meu bebê pegou conjuntivite?,0.9681867957115173,e0cc5353db5111e8ebb550f715f5c9ca414f332ec57fa494e7e91d713cdaf1f6
95,central,5,A bebê com conjuntivite não foi levada ao médico?,0.96357262134552,ce98d4a2be41d5e47d494f6887af5b64c4286565d55cc6fff8f70691e9e6fe4a
96,boundary,1,A metformina pode ser usada para tratar um cisto policístico no ovário direito?,0.7696982026100159,df44063d989861f9993216dc7f326e539e0cc604d7de202b4dd7377b9e028bdb
96,boundary,2,Qual é o óleo de rícino e onde ele pode ser comprado?,0.8568681478500366,4440a5e68c7f72676a0d7d7727df7b35fcc4cbcfc5f3d366ab00a41e8554b16c
96,boundary,3,Esse creme é sem enxágue?,0.860358476638794,61c50ed885c1325f07733662e73ef90841cd425a9e026fe3255608bb28c8f967
96,boundary,4,Qual é a dosagem do óleo de prímula indicada?,0.862254798412323,6490eb41002335ed8071d6e1b04c3721d65ad186482610dfe16a30c105f0f996
96,boundary,5,Quais cuidados uma pessoa com hipotireoidismo deve ter ao engravidar?,0.8714271783828735,1b4f3ec314897300de963920a0b0282060393a531a3ab8df94c26047d0dcb1fc
96,central,1,Quais cuidados uma gestante deve ter e quais produtos ela não pode usar?,0.9742763042449951,8566d6b7e3f11535d27aee2660738289580cc6b1dd981280fd51b5765f2bb456
96,central,2,Quais produtinhos para a pele e o corpo podem ser usados na gestação?,0.9702147245407104,e91a519ceab084be15fd5fe91456a60925067738b76c7e39389f0af6744e1278
96,central,3,Qual é um bom protetor solar para usar na gravidez?,0.9582427144050598,a5da92117361d1bcbd113c03da85f56ee792bc6fc3eff967497d1751893304b5
96,central,4,Você usou protetor solar durante a gravidez?,0.9574776887893677,8266da2e5cd3052076355bb7b0798fe479bb4d16f65753f38c7a5dff78aecd21
96,central,5,O uso de creme e óleo durante o dia mancha muito as roupas na gravidez?,0.957295298576355,2464b1aed1bd88fa2f215a56ab26630799c88b5239068f6b1885cabc76048c5c
97,boundary,1,"Em um ciclo de 25 dias, quando devo começar a fazer os testes de ovulação?",0.8282986879348755,900530c6daa28a862fc5d39710cb48ea94d703c2d6367a40f97c92e599cd1b46
97,boundary,2,Uma criança estuprada deve engravidar e correr o risco de morrer?,0.8391987085342407,995086dfbfc483e216e7cb17bd99de56db175b979af0bf51fde2de6dc072a8a4
97,boundary,3,O que posso começar a fazer para que meu bebê tenha uma mamada mais tranquila na mamadeira?,0.8506500720977783,cc77ddc280b57c7a128e54922674b1c0bd8c1029dce9efdc46de314afa30cb9f
97,boundary,4,Posso fazer esse exercício?,0.8507815003395081,8238d7ae89be58d56b28129175b9ba305ee32c44f2e4d24f91bfae6bc98fcda2
97,boundary,5,"O que fazer para aquecer o bebê quando estiver muito frio, sem correr os riscos de cobri-lo com cobertor?",0.8518640398979187,0431d6f1fabac2000dc855e8f9a446d2e3bd5214713f63b5967211f24149adc9
97,central,1,A partir de quantas semanas de gestação já pode começar a fazer esses exercícios?,0.9817754626274109,78cb082a80098ec128bbd94a9aaf4b1fbc51f21f91dd80d9af55d0fa68dff06d
97,central,2,Gestantes com 30 semanas de gravidez já podem começar a fazer esses exercícios?,0.9817110300064087,be65dd6fb4fe4e5e6c39bf853a280bad9e338f8916a41783e269f222ef81e629
97,central,3,Começar a praticar exercícios na gravidez representa risco para o bebê?,0.9812943339347839,9c10301538c2629826e4e115f6cdb8439777141978ad845648f3c4bf94301fca
97,central,4,"Gestantes de 4 meses, com gravidez saudável até o momento, já podem fazer exercícios?",0.9808354377746582,f705b093321bf2c8222eb3618f2cbc300518e8b87c7e6196810bf8cc94dcc45b
97,central,5,Qual é o melhor horário para fazer esses exercícios durante a gestação?,0.9792890548706055,7215c846b0c8b54be35527ae7c0778f1e3220c8a28847af3f9e95becf1a71d0d
98,boundary,1,Por que o Kaleb se alimenta pelo coração?,0.7601429224014282,5cf8aac6cc1403cd4988618cb2797e96f95ec2f70228e6f36af6225982e7a74a
98,boundary,2,Como ativar a função de escutar ao vivo para ouvir o coração do bebê no iPhone?,0.817055881023407,65a74fcd55ed353cc643f96dbc5fa968bb1a9eb9914839fe4aefe23f3ae2c8a6
98,boundary,3,"Em uma gestação de gêmeos, como é possível identificar os sexos dos bebês pela sexagem fetal?",0.8782256841659546,d9147de3ceeab1e62ddcf613baf5d6686f481323aba80b31ff91146722986bd4
98,boundary,4,Como configurar o Doppler fetal para português?,0.8872249126434326,65eb5b06b21a660aadaa2a8adbf87e62cf0e76548fb6e1009d179156ece39987
98,boundary,5,"Uma gestante com 21 semanas, com gravidez de risco por causa de febre reumática no coração, pode ter parto normal ou precisará de cesárea?",0.897290050983429,4362653128773f3e6ddd70391f10748bf4550c013a5e3ca950696d862801ec07
98,central,1,É normal não conseguir ouvir o coração do bebê com 13 semanas de gravidez?,0.9775369167327881,985af9e0cffedb8ef637d745dca18b5102edd84103b8abeb293c83298fedbb15
98,central,2,"Com 13 semanas de gravidez, é normal não conseguir ouvir o coração do bebê com o Doppler fetal em casa?",0.9774767160415649,1fe3c12a39153991bf954a8581d156026f944e407f3fadae2e1efa4ffa30aa90
98,central,3,É normal não ouvir os batimentos cardíacos do bebê em uma ultrassonografia com 5 semanas e 5 dias de gravidez?,0.9771555662155151,e525dffadff1bcaa4712d389ada3cc7cf84252ef31659f50e33f3a4c781560df
98,central,4,É normal não ouvir nem ver o coração do bebê em uma ultrassonografia com 6 semanas e 6 dias de gestação?,0.9766093492507935,255f6225aca592816ff95a4eb232770547c07a22b60068d2de0649b6666a2d4c
98,central,5,É possível ouvir o coração do bebê em casa com 16 semanas de gestação?,0.9750580787658691,067af5a466cfb915345b849d36fa96bb1e6b5121c14b488c41a01c1d09e27fce
99,boundary,1,Por que a minha filha continua com esse problema e ele vai e volta mesmo depois de tomar vários remédios?,0.8448760509490967,586763b37a7a5b67d1761d186faa50c6c5decfddb2ac28656625337e812f6b2d
99,boundary,2,"O que fazer para evitar que ele mame à noite e me cause dor, mesmo depois de eu ter tomado medicação para secar o leite?",0.8731642365455627,a8b2c0c7578938f59455a0f2f22583481a14079ede8ea80e9dd43f056a637513
99,boundary,3,A suspeita de gravidez molar é compatível com a presença de restos ovulares?,0.878337025642395,4b069adcf72904054142a0d400f2cbcfc391229a214941cd341d4d2f72efe00f
99,boundary,4,O uso de Utrogestan na gestação pode causar má-formação na genitália masculina do feto?,0.8850479125976562,414a58e6fb2f3557cfe185a0eb076230ce3904432e2e97538416649565ca5c43
99,boundary,5,A gestante pode tomar Zina ODT (dicloridrato de levocetirizina) para rinite durante a gravidez?,0.8909009099006653,31c63cea590bf43c977d1bcc582277a45073e6d9eb272fc4fe04da1a7fa3db3f
99,central,1,Tomei vários remédios prescritos por médicos antes de descobrir que estava grávida de 6 semanas; isso pode ter prejudicado meu bebê?,0.9691924452781677,0c0d76068f4ef37afbe5ff409819e06a3a81a31d82abff5f58faea3b7660f4cb
99,central,2,É perigoso ter tomado dipirona antes de saber que estava grávida?,0.9662166833877563,adbdf312cc919c9025f2aec025870ef4716cad6e064d60741bde7f946159f9af
99,central,3,"Tomar antibiótico na terceira semana de gravidez, antes de saber que estava grávida, pode causar má formação no bebê?",0.9658293724060059,0991dd50020fe97e842ed3852079bf412d5e6eb4a1a50aaca71d2d5dff86bdf1
99,central,4,O remédio que foi tomado antes de descobrir a gravidez pode ter causado algum problema ao bebê ou aumentado o risco de algo pior?,0.9656579494476318,ac8bf4ab55cd8fcea43f10ef392b4ffd8f173da12ca64bf1b7989a557ff0a5ef
99,central,5,O bebê pode ter algum problema por eu ter tomado remédios para ansiedade e depressão antes de descobrir que estava grávida?,0.965476930141449,412598aed470c0ec100d72cc47974ae9835ed5f82192ce531d294a49f241ec05
100,boundary,1,"Se eu e meu marido fizermos um estudo genético antes da gestação, os riscos de o bebê nascer com alguma anomalia são eliminados?",0.8111868500709534,9ee203ac2576d1dc583ce900cc6f28b06b77d8b22c7d15d709b60161b9d75830
100,boundary,2,Por que não fizeram a versão cefálica externa no meu caso para evitar que meu bebê nascesse atravessado?,0.8509435653686523,8b3c351d96a06fe3bd43aab60fc942dac07ecdbb0f2e0ee9e768978199c50ee1
100,boundary,3,"Uma pessoa com câncer terminal pode ter relações sexuais, engravidar e dar à luz?",0.8514519333839417,17e707f7feda0c522b2fc65035b5ebed9b1512c1e76c2aacf59592ee5660da82
100,boundary,4,É normal não fazer outro ultrassom e não saber o peso nem o tamanho do bebê no fim da gestação?,0.8583772778511047,3d3d16027647248dbade992620560dc603d682b1db1743104f79fb0519bca4e2
100,boundary,5,Você tentou ordenhar e congelar o seu leite?,0.879137396812439,b4868937e15126150178d604f5479b4491625c897487cf82209a77234993ccf1
100,central,1,Por que uma mulher tem relações sexuais com um rapaz e acaba grávida?,0.9686959981918335,0354a2de2498a1a371ae1bc40053a6f49f715cd75fad1f575df331b4bf9c6528
100,central,2,"Por que alguém engravidaria, então?",0.9656366109848022,a5fa9545da6701165a9b9a93e423f3929a8a715e613aa0f9cc65b86b18435809
100,central,3,Isso quer dizer que vocês tiveram relação sexual para engravidar?,0.9631911516189575,c253c60e7ebae2dee2b7ee865a517b707a07a911479035b14f241aeb62a3127d
100,central,4,Devo parar de ter relações sexuais por causa desse problema?,0.9628750085830688,3384555533a0e98c571ee100e47dc9ed5356a3a42addf59a4cf72db891ec8b4e
100,central,5,Houve relação sexual sem preservativo?,0.9614631533622742,4e84bb87749bc78dadfa05a5c2089808738a09151c1c3e30c1c3264a00f04c1f
101,boundary,1,O efeito retroativo conta a partir da data do julgamento ou da data em que o STF declarou a inconstitucionalidade?,0.7239046096801758,08620ff29e196522bd8bf42d969c14af30b541862c469627734cabdd5ff33a4e
101,boundary,2,"Um índice de líquido amniótico de 1,4 é muito baixo com 26 semanas de gravidez?",0.8228925466537476,0bf496f3fb1cbe1ce26ecb8ae6c6484b811fcb4d862b12848dc7b215c93344c0
101,boundary,3,Os seios ficaram doloridos antes ou depois da data prevista para a menstruação?,0.8267371654510498,3a849d5306d47b2938f2e81a3aead8eccf13111924c8ce5165ad6ec0e03660b1
101,boundary,4,O teste Clearblue pode ser feito seis dias antes da data prevista da menstruação?,0.8297183513641357,75d2dac932158b4a104316165af4e4fe4922ec737cf77a876b6185289d083b77
101,boundary,5,"Um parto com 30 horas de dor, sem dilatação e com nascimento em parto seco pode ser perigoso para o bebê?",0.8342630863189697,a2bc40faadb2969e072824cfddb20cdf51cd1cd0c607854cbb74837f8c2bb12b
101,central,1,A data prevista para o nascimento da Olívia é 1º de fevereiro?,0.9739811420440674,770b70697cb041c5b38386494f7423df32c779b556341d103785333c171c6cf6
101,central,2,A data prevista para o nascimento da Olívia é 31 de janeiro?,0.9736595153808594,46e894ec9d9c4747678b16557b8f4cf7c0a9861780d02d3785d1f2ff80370c6c
101,central,3,A data prevista para o nascimento da Olívia é 27 de janeiro?,0.9733626842498779,865b8f518451482fec74b7d3b4a4e95671b3796ef2b3b4f774eecbdc4a275bb0
101,central,4,A data prevista para o nascimento da Olívia é 28 de janeiro?,0.9732831716537476,45238cc2d09d3132c721138c4032ab74ba4c35c209bab701b6477a0c0b468b81
101,central,5,A data prevista para o nascimento da Olívia é 29 de janeiro?,0.9732232093811035,8f24ec2efa64a21e73f8c7d902bcf602098a8e1ea644ec71cb11236bdb9ca8ca
102,boundary,1,"Com 38 semanas e com encaminhamento, a laqueadura só pode ser feita se houver algum risco para o bebê ou para a mãe, junto com a cesárea?",0.8178470134735107,bb8099d35e8cdafecb9fb578370829dc63926b90153372c8a414465219a87338
102,boundary,2,Como você sabe que se trata de uma pedra grávida?,0.8527693152427673,704ca61f64540562542b6211b4bfc5eef46586f19ba2acfd7233b7b90b962be9
102,boundary,3,O pai do bebê da Nathy é o Tonho ou alguém da produção?,0.8571910858154297,6858e9e70e7cdac5216f7d9bf894e4200bc994b4c1ff1f959767f816a9df282c
102,boundary,4,A inteligência do bebê é herdada da mãe?,0.8838622570037842,4da2e1f051fe77b40d54313de12fc32af74596468fea11eb753186f337d118d9
102,boundary,5,Você sabe em que dia ocorreu a ovulação?,0.8856558799743652,a6c364196c4499d6c5eb7be7c668ccadbbe76128946425aa47b0f685c7c1a112
102,central,1,A Clarinha já sabe dessa gravidez?,0.9795956611633301,363ea68cb2434f4216f86f3d5c62bcbcf75076a6713db4c2b28db976fc84b27c
102,central,2,A mãe da Clarinha está grávida?,0.9794944524765015,f5cc5499db99dda011df4e365c4c7c592b11cae1f36814ee89a568b37c537d46
102,central,3,É verdade que a mãe está grávida e que a Clarinha vai deixar de ser a caçula?,0.9785864353179932,f99b45a39a7aaadca07bcc8101b1761907929d5ce4827b303d2089b5812af92d
102,central,4,É verdade que a mãe da Clarinha está grávida novamente?,0.9772934913635254,76d4155e35fda8b4cb163ae133aa77ae9175e0535e7234b6d8b443b184c8180f
102,central,5,A mãe de Clarinha está grávida?,0.977030873298645,9cc3ccd3e08dc710bbcef549475cd52dc2957938a1cc391525e669ec77e41402
103,boundary,1,Qual é a recomendação atual para engasgos com líquidos em bebês?,0.8124666213989258,79ac12eaa13bb37f04f2e50d62d5f915f79d8734bd9361f4b7ac465103cc3ccb
103,boundary,2,Existe algum exame para saber se tive toxoplasmose no passado?,0.8545610904693604,6cb49074b7e1e9da895231236a601b450299fb5e98b930d4c2895e9595536b3c
103,boundary,3,É permitido usar ácido retinoico durante a amamentação?,0.8620059490203857,87ccd7445bb5ac4dadc76bda1f3556e26cb184afd88aebb46a65e7e64f72ba5b
103,boundary,4,Existe algum exame ou procedimento para detectar autismo durante a gravidez?,0.8640546202659607,e390c799be97816bd3f032511445fd69ba01a47d2ecf18fb2da74c2e4321bee4
103,boundary,5,"Quem está amamentando pode fazer selagem Let Me Be Protein, sem formol e à base de ácido?",0.8679965734481812,c469b17c9e8900eec107de7da6d06f6cb40ed227c33f0c08f78d793e8f0873ee
103,central,1,É necessário tomar ácido fólico três meses antes de engravidar e continuar após a gravidez?,0.983250617980957,54631905009a7326b870e7be9d5e775200ab34bfb36fa49f6fc03051accedc1e
103,central,2,Por que mulheres grávidas usam ácido fólico?,0.9797214865684509,0d9fd19303e46de9e26c531e2c3111e2199c3a2c533243308539b033e4bdd2cc
103,central,3,É melhor comprar suplementos próprios para gestantes em vez de tomar ácido fólico de 5 mg?,0.978961706161499,60ea732b2564af7e99f7b2755b76eda1d7cc1b815ac09e3fb04c7a349c6e18fb
103,central,4,Devo tomar ácido fólico três meses antes de engravidar?,0.9784672260284424,7efc393a93c6249f899d89a80fe2226e6b2815406a0c95609f576c0e12abebd0
103,central,5,Quanto ácido fólico deve ser tomado por dia na gravidez?,0.9765293598175049,8ff91332b95e7b84a0a53648a543b16a488e3c560b6f7c0100b6403f8f5c284a
104,boundary,1,Por que um furo de agulha faz com que muito líquido se perca lentamente?,0.8348720073699951,adb917cc4bb6d873abaedd5599d93026eb7d61597cb46a37e8a8c33ddf63d909
104,boundary,2,"No pós-parto de cesárea, essa massagem pode ser feita quantas vezes ao dia?",0.8452783823013306,21c8f758d48ceddd9ae401bcf1535d51f4aef4676f6468e83134f32d59816b10
104,boundary,3,Um bebê de 3 meses que faz barulho na barriga ao mamar e vomita muito depois da mamada pode estar sendo alimentado de forma errada ou a fórmula pode não estar fazendo bem?,0.8494666814804077,473d30531980ee9a6bc4b3cb784ad1e64f5bf995334824ddc3852175359af5b5
104,boundary,4,"Se eu comer tâmaras, isso pode ajudar no parto mesmo sem nenhuma dilatação?",0.8500552177429199,89739591ba8ee4b209c26e68433f288ff08fab72dfe64375fb2924d99c0af159
104,boundary,5,Esse procedimento pode ajudar a fortalecer o movimento de sucção do bebê para mamar no peito?,0.8621130585670471,050d8df1478f451d219633f40ea489246b7df49217f5fd2a2f60bd570eeca932
104,central,1,Quanto tempo devo deixar a bombinha elétrica carregando?,0.9565122127532959,cc0f871de129bf85932aaff28f1aec1c1d0ca2422d8adc0081a747f6e15e31ef
104,central,2,O uso da bombinha elétrica dói?,0.9512911438941956,0ea5723c45788b28dc9db5d768454f54d08e7c68eb54b4e2df59211da0fd36fb
104,central,3,A bombinha elétrica pode ser usada enquanto está carregando?,0.9473153352737427,5a274c352ab29dfba114ab120c620ecc52a3bd6712f3fb6bd809f92a3f53d426
104,central,4,A bombinha elétrica funciona bem para quem tem bico pequeno ou ela é muito grande para esse caso?,0.9467612504959106,4cb24d844dcd0ddbe66f4108cd9f45605c402b2c53dd29b08bc0c944f2b40cc5
104,central,5,"Se eu tiver apenas uma bombinha, ainda posso fazer esse procedimento?",0.9446878433227539,e06601f633945176bcb5192bba9da0858f67b99e85781eb4857a04269f84e943
105,boundary,1,Quais dicas de higiene natural e quais posições confortáveis podem ajudar uma bebê de 54 dias com cólica e disquesia?,0.8517962694168091,4b2986daddbaf1c82f6722577c0c1979af2dd981b143393a2768a8d9c96074c5
105,boundary,2,Existe diferença entre remédio convencional e bioidêntico?,0.8599668741226196,f748465375f6d42d8450ab039922cf24ae667943590a27dc18e6d39e8fbd18e1
105,boundary,3,Devo impedir que o bebê chupe o dedo?,0.8625370264053345,c20bfd09f9579fe3d086312286f6ed2fa555fc448f736d3f89c92981ecfeac6f
105,boundary,4,Qual é o nome do remédio mencionado para o bebê?,0.8630145788192749,265e085b278aabb14264dbf4d88053fdc0acf8d0b404c73ceada264838aded56
105,boundary,5,"Depois de oito meses sem tomar um remédio de uso contínuo, ele ainda pode estar fazendo efeito?",0.8675553798675537,85270332a7cf50d8e1837acde37d52e690c2136f9fbb13601e4a1329be6a106f
105,central,1,O que posso fazer para engravidar sem precisar passar por tratamentos?,0.978269636631012,75aa09fba5f357a9869c2a081efc89caec1409e6133799616c24bc921d7835b9
105,central,2,O que posso fazer após quase um ano tentando engravidar sem conseguir?,0.9768997430801392,174d2ed7a88586ebaef65601b7d9c9887e75122e89f5bbdb1c7873f88f947968
105,central,3,O remédio para engravidar rápido deu certo?,0.976240873336792,48fd2fea0897c152add2c9bf44f1a596d9c43a0832ef2d4b5ad0e4b65a1cb742
105,central,4,O que posso fazer para conseguir engravidar depois de tentar por quase dois anos sem sucesso?,0.9744335412979126,e6990df982619b721afe7a8630c616467b667f03400a67e312527a7013fb5631
105,central,5,Existe remédio para engravidar quando a mulher não consegue engravidar?,0.9740771055221558,f0b7a5655a8230d2e8236f73e2329fcb4621bf0fba08781d000bb469a75dcef9
106,boundary,1,Quantas tâmaras devo comer?,0.8276894092559814,38dc959a378305c4fc3639ccb9a7b76e7ed9abb2801e895e0fd675acc200e6ca
106,boundary,2,O suco pode ser feito com pó ou precisa ser natural?,0.8492810726165771,13aab85cd470a55eecd86efbadb01e66b2003b71dfbfcd591d8044a173d0f90f
106,boundary,3,Por que o suco das frutas tem mais açúcar do que comer a fruta?,0.8561619520187378,aea2d6f1477146aaa45495faeb01ca3d6645a2714aed6677aa0cb66a21504d02
106,boundary,4,Quais são mais sinais de que o trabalho de parto começou e o bebê está pronto para nascer?,0.8568940758705139,25a04d8156ddc78340e1e678acab9a82dcae363d293a37a8e91d18893e09d46f
106,boundary,5,"Após uma cesárea, é possível comer uma comida bem leve em vez de mascar chiclete para ter um efeito melhor?",0.8617223501205444,e212e239699919c4c7e64b811730661bb5b93819283e661a0ca745afce51b913
106,central,1,Um bebê de 4 meses já pode comer?,0.9796501398086548,c34511a98d71a9f20c18d1253fbe48565cd31b54c29f22488c01fe65bf658ae9
106,central,2,Por que dar comida a uma bebê de 4 meses?,0.9796392917633057,4fd590469976b3c4c51bf6f95f8de122ee11b21fd6be45ec9f60db7501a0fe2e
106,central,3,Um bebê pode começar a comer com 4 meses?,0.9792324900627136,6b17d31e365bd2ab195b75deb4788b7c3c240b72ef1443f27d0fba4bad8dafe3
106,central,4,Quem recomendou dar comida a uma bebê de 4 meses?,0.978707492351532,484d7e85a75b98687caa58b156994fecb7c80ed43d76d326ee697993bd7c5580
106,central,5,Com quantos meses posso começar a oferecer comida ao bebê?,0.9770437479019165,9598879bd9d4fb236c87d2348b92becd3908172e2de02a138947bde15b27bd35
107,boundary,1,Esse procedimento era aplicado todos os dias nos bebês?,0.8234496712684631,8811ac1abac892715957d1bb345cd6f03e13447eee50528880e175cacc038a11
107,boundary,2,Você dá Colidis ao bebê todos os dias?,0.8442552089691162,92ba0681c29eaabeec44dc7e02dd8e7ad445b441e856e59e72b21d80c68c36e7
107,boundary,3,Existe algo que uma gestante com colestase gestacional possa fazer?,0.8546292185783386,65aab34f42c4f04424e0fcb0baab54a8c96c064f79f7921ce3616951b7006e25
107,boundary,4,O que está causando o refluxo no bebê?,0.8648568987846375,0cae16004a9cbcabd234095e0eb5a499a7e9c602170cb568e25ed79d1541b432
107,boundary,5,A vitamina Folidex pode ser usada por quem está tentando engravidar do segundo filho?,0.8677575588226318,1cbd29b420f5de6e11c896e00c17a303a1c89cd653143be5ce07b21078099936
107,central,1,O que você fez para engravidar?,0.9877358675003052,7a59161dea37659d6bad3c188fbff157e81a89ca7eff351c9cf2ab19a9619c1d
107,central,2,Depois de quantas tentativas conseguiram engravidar?,0.9872567057609558,83de46f81e317a83448517a3edae1e7c1133e6d6cbe554b5541bcc25b7894edf
107,central,3,Você conseguiu engravidar?,0.9865073561668396,8479df2b4b897ebff26f8d4cd1d0ec59264d49c3ebe6d596622344b542a379fe
107,central,4,Você já conseguiu engravidar?,0.9861258268356323,c6d77cd592ca93fc0dff9036f0db926f15eb60157519cdfcb5105ec593f4fe74
107,central,5,Você fez algo diferente para conseguir engravidar?,0.9843840003013611,756603c70a70ff7d485ddd8bd24ab9e6d75b13b7e4481450d4d7dae94d7de6a5
108,boundary,1,É normal ainda estar menstruando 23 dias após ter tido o bebê?,0.9047561287879944,d31f22201b8caceac6330c0a862ce6d528b2e75c9041635a5a3aeec4ea53cb2d
108,boundary,2,Com qual aplicativo você acompanhava o período fértil?,0.9109480977058411,85f553a46418a01f9832105ab0d6875be644893674b88ae6eee72e0b9d4ffc87
108,boundary,3,Isso é para saber se estou fértil ou não?,0.9219295382499695,e10ca1928910a3a3e596899117d025341015ee46b7a5be2513017fb3451473eb
108,boundary,4,É seguro ter relação sexual depois que o tampão mucoso já saiu?,0.92330002784729,c097af812e035a388bebc06fa7caea9c7e87938e00b34b2ff783dfb1e7425ae4
108,boundary,5,Como identificar o período fértil quando não se conhece o próprio corpo?,0.9295821189880371,f768b4547289c089b2dc82948d9a01941da8e7bcca697edd77041f71bff581cd
108,central,1,Ter relação quatro dias depois de a menstruação terminar pode causar gravidez?,0.9886983633041382,afd20ce98ab11c52ace364c608a18962036102b43a3bc95f7ca8d1077a2bbce6
108,central,2,"É possível engravidar se tiver relação no primeiro dia da menstruação, mesmo continuando menstruada normalmente por 7 dias depois?",0.9852399826049805,aa63ca8590581a953219ff22f116213bf7e2c80f4fefbf104c0356643196cf79
108,central,3,É possível engravidar após ter relação sexual enquanto estava menstruada?,0.9850167036056519,a360246e66f621ba4c26defbeaccbe5e0dd527be9e3e548838a24ab207ba4ffe
108,central,4,Ter relação quatro dias antes da ovulação pode causar gravidez?,0.9841873049736023,6b1188eec95e110f9057538a3e5afd1639556807bc7ba5eec8e990562860b37a
108,central,5,É possível engravidar se a relação sexual ocorreu e a menstruação desceu no dia seguinte?,0.9837491512298584,36964e95f1db313743c7eb543932e1fdd5c5a144a600f080a5ad1a70019ea97d
109,boundary,1,É possível preparar o Aptamil AR com água quente?,0.7896168828010559,495b66703f3a9887cf727335e1dc144e7f755dbb836c81f6d05376cb01a9e3b1
109,boundary,2,"Para um bebê de 9 meses, os 4 puffs indicados de 6 em 6 horas devem ser engolidos?",0.809491753578186,5619148f9b1ac0b8343b105b03e65048b3e2ff9d51bd5fea82a984acbec5d87a
109,boundary,3,"Para preparar 130 ml, quantas colheres de fórmula devo usar?",0.8135387301445007,f6fe0c75088f27763dd9e1cfc126904cfc451fd60f504f0e6f52ba16e54d8a84
109,boundary,4,Esse exercício ajuda na lubrificação?,0.8229974508285522,4d0b45360769cee0575b37cbf00d5fe7a7b220876f5dd61370090e7de53a3feb
109,boundary,5,"Como saber quais exames devem ser feitos quando o médico não informa nada, no caso de um bebê com percentil 5?",0.8324562907218933,ce5548b6478e1c60c1a3baf2ecca9ef617487fc335d3c81bd30ed5473cdd0def
109,central,1,Esses exercícios para se preparar para o parto normal dão certo quando são feitos nessa fase da gestação?,0.9840667843818665,92b374e15a92b7d1005249e493825250cecb72881d020fc52754f6f269a4e1ac
109,central,2,Os exercícios para se preparar para o parto normal podem ser feitos no início da gestação ou apenas no final?,0.9795925617218018,7970408a7236c4a7fbeeba931742ac89d2085a5e443b98e3d2acc69de8dc9ebe
109,central,3,Gestantes com 5 meses de gravidez podem fazer esses exercícios para se preparar para o parto normal?,0.9794595241546631,6600ea2ce4c33d4ac6ac42a03c28bc290eaf87ee6241325af842d78785a158d4
109,central,4,Gestantes com 20 semanas podem fazer esses exercícios de preparação para o parto normal?,0.9788183569908142,7b78095a27804fd093a1daef2353efabb292e27a69b36c4e859b73cca491803a
109,central,5,Com quantos meses de gravidez devo começar os exercícios para o parto normal?,0.9786370992660522,b61b0d2d48001b940ceede5e599af12b101a5e0abe4f6d9399c50162c70ac25a
110,boundary,1,Kaleb tem algum problema de saúde?,0.8452303409576416,2988271b621f8b34c6fe97970f6d3e5731ae3d07b324c8a1fe284229880fe4ca
110,boundary,2,A Sarinha fala português ou inglês?,0.8566521406173706,8b6138425dc7ce24afbd14ae9c494e9a24d17ca210c2e759ce75f3b384e0ddd4
110,boundary,3,A menina fala português?,0.8567301034927368,2dd9a1cfffbacfde91331b0df1e388a45070399d18f41d6e24123b7a1f9ca57f
110,boundary,4,"O que significa ""BB"" neste contexto relacionado ao bebê?",0.8592619895935059,be1f71a99a4e846d658fddee40b5d59ff72645f1927483f6c951fc401e41fd74
110,boundary,5,É normal que as axilas escureçam durante a gestação e o que fazer nesse caso?,0.8853963613510132,c45999545f97f31673d7e27aa51e57775d54c91d4a77ad92e4bc8f8bc0479bae
110,central,1,Como está a gestação?,0.9820294380187988,4ffb14f15a137ad237adba68dd070f5376a728c0708c3d596a1fc332391c5141
110,central,2,Para que passei por tudo isso durante a gravidez?,0.981403648853302,3dbf26e841aba8c4367a54f84f56041944afc4bfb3b6447685b48d34dc75ae91
110,central,3,Como está a gestação mencionada no comentário anterior?,0.9811270236968994,e5ef422fb742d10b5c03d339591f0673b2c1c9ce033d2be013611af2f0febeb2
110,central,4,Sua gestação deu tudo certo depois do mesmo problema?,0.979663074016571,dfd9dcbf9ebf43b60617069e076e2d85b0b2f4c74e947d67f1fa04409f65ead0
110,central,5,Como foi a gestação dessa gravidez?,0.9791160225868225,da54fd1feaa24a31409a3b5e9d4cca76498e761f5e46fbd24dc4725eb1bc6c2b
111,boundary,1,É normal ter dificuldade para introduzir o aplicador do promestrieno quando se tem atrofia vaginal?,0.8229981064796448,995ab2bd1977244ddd4a06f649aeb4541d3692c9a60849092f05aafde11d8aac
111,boundary,2,Esse tipo de dificuldade para mamar pode estar relacionado a algum problema gastroesofágico ou ao freio lingual?,0.8257604837417603,84f01b9b40b93032b5d6fd74aa12b79a229d9bbcfde02c3cd21ce6f732a54120
111,boundary,3,Que tipo de tinta é usada na arte gestacional?,0.8263319134712219,3df4f9aca10c5f2c05357cd28561f84e77d1a3ff179141fd1549824a7d7d88d7
111,boundary,4,O hipotireoidismo pode estar relacionado ao atraso menstrual?,0.8377465605735779,432564047b11d120a6861108ac9ea5d18c755371c43dd8a8e91285681c43be2b
111,boundary,5,A melancia tem índice glicêmico alto?,0.8421624302864075,1271fec3e41f008166918ee9b30adba2e686a6e6b7615a746c9f68830b02e74f
111,central,1,"Com diabetes gestacional controlada, é possível ter parto normal?",0.9748600721359253,09fbb17e29e34b75e4fd0b32b57dbcabf2c66c863facd29c15f9e7387058a0d0
111,central,2,O que fazer após descobrir diabetes gestacional com 37 semanas de gravidez?,0.9746091961860657,1a21c2e6e45761e0e22bc6e8b5c5a6b5a71e958983e9161646f74bd0705c96ad
111,central,3,Como é a gestação em mulheres com diabetes?,0.9699278473854065,c4f72b6ffe18376d5fefdf7c9cfe5af4bac906e82f5340c82b1d8e03c2c1c06d
111,central,4,"Em casos de diabetes e pressão alta na gravidez, é obrigatório adiantar o parto?",0.9679452180862427,33af1895341fece70e85fbb763a21bebe3a2b8eace38e4bc76d23a282e593853
111,central,5,"Há outras gestantes com diabetes mellitus tipo 2, com 6 semanas de gravidez, aguardando retorno médico para começar a insulina?",0.9670507907867432,1feda91bdcf95499120a6327b842a329a81e2b542f8d7d47c61572edf80e8f7a
112,boundary,1,"O que pode acontecer nessa situação de tipos sanguíneos diferentes entre mãe, pai e bebê?",0.8723589181900024,2fb5059fd1e4f74497804971f1202409b57260278779c96ba66c42787dd0c351
112,boundary,2,É possível uma gravidez passar despercebida quando a mulher é gorda?,0.9153677821159363,3ca7eac844cc2e3a4e8b8433c4a0b63f5c01585335b93d42f81d20ced20d21d8
112,boundary,3,Quanto custa o parto nessa maternidade?,0.9162425994873047,8a8b064f004dc3e79474606677015fd71c3d4466dbd28c0f46465b75c4d7e96d
112,boundary,4,Você pode contar mais sobre os sintomas estranhos que teve durante a possível gravidez?,0.918816089630127,1f07037bdad4221a39f95301ae43c4d9f6d79a049e54883ceca5701f76879859
112,boundary,5,É possível uma gravidez passar despercebida até o parto?,0.9217616319656372,54bc756f6d723eb8b246654e38e42f9b9ccc34e4071f397e40446c3897af18f0
112,central,1,"Quem é o pai do bebê, caso a gravidez seja real?",0.9926778078079224,98ed82c85d93b4dba32b498c14f8b8061c00719692ef9632c25b536e6895bf25
112,central,2,"Quem é o pai do bebê, se ela estiver realmente grávida?",0.9911011457443237,64004ec896de5174f8efc62fdce906d6f134a0d06faaf5c3c63fcbf4229f2550
112,central,3,Quem é o pai da gravidez?,0.9905247688293457,18f979b81d1b490c5e1243d886e877c27580aa494befc6505a831e5868cfd27e
112,central,4,De quem é o pai do bebê nesta gravidez?,0.9888783097267151,8ed87d57489e77f2b94356befda71482fdf7da5972ec1144f097d65f21e7381d
112,central,5,Quem é o pai do bebê nessa gravidez?,0.9888744354248047,be48ba6047ce2a5142f35f2182e9dabb3215eda824f6ad414111f3bd66a2bf62
113,boundary,1,Por que o ser humano ainda não evoluiu para facilitar o parto normal?,0.8440882563591003,d764e4bd516a4e5be92e03f957b84c9a3f8a22b53b6c1b49bdc20c7e2128f982
113,boundary,2,Essa secreção branca na gravidez pode sujar a calcinha?,0.9000537395477295,c53a9fd546a37e7441a8b57aa6d942cbdc02fc4e9af2a06c81547ef4d6773bde
113,boundary,3,"Depois de dois dias da relação, tomar chá de boldo faz o esperma descer?",0.9084477424621582,5ab9b780aa902c57cf9b4d792cb2bf476e41446af4680150f52b3a91e0f81014
113,boundary,4,Tenho chances de engravidar naturalmente com um ciclo de 28 dias e um exame do meu marido com 12 milhões de espermatozoides?,0.9179832935333252,25739e763e15a33998de4cf0ecc8b40fa2ebd688506aed0245d58efe3d1de609
113,boundary,5,O muco vaginal relacionado à gravidez pode deixar a calcinha bem molhada?,0.9235312938690186,52813c6165c51eabbd3c77c6f6811d98dc9788e76acfe5a49d4e2dfe89685a92
113,central,1,"Se ele não ejaculou dentro, mas houve sêmen na calcinha, ainda existe chance de gravidez?",0.9854613542556763,4d7b92b8a9a5d8f30169fa9a8eb5718b34ec4fecee469ef4b01e2a919c1f5b76
113,central,2,É possível engravidar por meio de relação sexual?,0.9847311973571777,8736443d65b848dda4c14621c231f2b6effcee6feccdd7da78fd1a975a2d2554
113,central,3,"É possível engravidar tendo relação sem proteção, sem ejaculação dentro, durante o período fértil?",0.983811616897583,a2a680a36f003ca27e890239bf6f0f9aa712690b4d76e606a71fc625178f5f05
113,central,4,"Não sabe que, ao fazer sexo sem proteção, pode engravidar?",0.9798762798309326,8766bf6e503b91077cfbae36fb480dc54091be294432ff4a42290932e3b19804
113,central,5,É possível engravidar se houver ejaculação na entrada da vagina e não dentro do canal vaginal?,0.9792978763580322,1c46168ac1c0307b7702d1dbd89a13bc248374676440b152ca92aba95c22a38d
114,boundary,1,O Void sabe usar camisinha?,0.8072365522384644,0aabce5413fe4f922431ac0feeb9a9afcb22a0b3152301d15c265ca487fdcc49
114,boundary,2,Qualquer bebê pode fazer esse exercício para melhorar o torcicolo?,0.8376694917678833,c66c4dc4f98db3108cb7656e064312204d142c05776daf96a0a87c2d6134e402
114,boundary,3,É normal sair pouco leite ao ordenhar em casa enquanto o bebê está na UTI e ainda não pode mamar?,0.8515547513961792,1f0ee333a88a5accd15b7cee631a6739e1dcf9911f6e12fa8085dbcb34785b6f
114,boundary,4,Quais exercícios ajudam a fazer o dorso do bebê ir para a esquerda quando ele está cefálico e com o dorso à direita?,0.8524657487869263,1c41c1ba9f886bfdaa6a1f61050b84f87aa8933be5cae71a2f82c34218bbe502
114,boundary,5,Quanto de urina pode ser perdido ao espirrar ou rir em casos de incontinência urinária?,0.863099992275238,a567a66cd6b8319ee0316d4a6c31512920c0452cbe188d0e210fbcd05e7d4c98
114,central,1,A fisioterapia pélvica resolve mesmo esse problema?,0.9503082036972046,fa4f317cc0c57099cc24f9da1f6a78421c3c51e696ae087343e92dac53a7f55d
114,central,2,"Na fisioterapia pélvica, esse procedimento é feito com uma luva? Não seria melhor usar uma camisinha?",0.9467814564704895,fa2414ddea1d31ae34aa6702ca199ad5166c59babc754067a5fd83bf8afed7ed
114,central,3,Os músculos vaginais estão fracos?,0.9462069272994995,85100e0a1a8d54532adcb31f4b8ed72c46c647446b5f24616f4abf74d8e27fda
114,central,4,É normal sentir um pequeno desconforto nos primeiros dias ao fazer esse exercício de apertar e soltar o canal vaginal?,0.9428592324256897,36d320a532085de8af3ee65fb7c8d57ec6f2b2711d35a6a568e9f636d156700d
114,central,5,A vagina fica alargada depois do parto?,0.9421004056930542,d8ef06f2e4aadd0f59352aaba89c101218128ec232b9be55f1683ac54e2bd0f3
115,boundary,1,Por que o exame de Coombs está reagente 1:8 se o meu tipo sanguíneo e o do meu marido são A+?,0.7639341354370117,e1cab8d22a88ddbeff41b9829559ff79a8f003f2bde7726ca9df6fac2c085067
115,boundary,2,Quantas broncoaspirações esse profissional já causou?,0.8215092420578003,37efeb859fde5146cb6a46d3a2da2df8ab4c8479dfc30e3dbe2cb0314a594c03
115,boundary,3,Por que o leite natural de vaca não pode ser dado ao bebê?,0.8436219096183777,8082d0b0eb318c667f654fdcf6c4988639bf127586334cbb7ac06abf8e0430d8
115,boundary,4,"Há alguma indicação de hospital particular em Portugal com bom custo-benefício para o parto, considerando que minha esposa não pretende ter parto normal?",0.8627954721450806,658ae4b6ade1eb3266d8564cd75fc63ef5d69c171acf3a5a6107dfd9fd8c1afc
115,boundary,5,Como foi sua experiência no Hospital Sofia Feldman?,0.8628875613212585,dff41ddcecc0fd4933a30c614c84c29255f68c92ca3cd74fa5dc9f079174a10b
115,central,1,Você já teve parto normal?,0.988030731678009,819bc7189cf5fde0a237cfbd19de990e230d50e60dfd59339155dbc2f01052e6
115,central,2,Você não entrou em trabalho de parto?,0.9864967465400696,040e35b093be5714a69a40474624bf136df8bf8366a1031001c88cd14c60c0ca
115,central,3,Você conseguiu ter um parto natural?,0.9854719042778015,d7ee300abd2489a5bac1f3e795fa0d3d32c104cfefc5ecb515abcff6bb802403
115,central,4,Você já teve algum parto normal?,0.985196590423584,ae94c96f63461e9107d6a3b8b4100b0ac2a228d94d64c6cb3d38f8ceaed6a156
115,central,5,Você conseguiu ter parto normal?,0.9843646883964539,4908b0524aba0e443b16f6a9d20c9a4ed7b855b033c6d382a2b002623df670bf
116,boundary,1,Roedores podem transmitir coriomeningite linfocitária na gravidez?,0.8086093664169312,6e7bd2fc7c40243368a48c142b9fb3bc5c03af6045f079522b87a4142f8f1284
116,boundary,2,Como foram as primeiras 24 horas depois do parto?,0.8743329048156738,232d2389e369aadd28332d1875757db16f36593fdc703a0d24f0ebf2d697bfcf
116,boundary,3,Você pode me indicar uma doula?,0.8849743604660034,f62a9c183a27780acec22457bd610f7c5c175212f7ad4691d5ecd0f1e25faeb7
116,boundary,4,Uma infecção urinária pode explicar o atraso menstrual e os sintomas descritos?,0.9084049463272095,09c696a8c619b0dc5c22f39f65c467f9225ac6c8dd88b2995a06a5c99084c8d4
116,boundary,5,"Mesmo sem corrimento, essas sensações podem indicar início do trabalho de parto?",0.9208775758743286,e1b9340b0111c688d90c4092d243e5b01092734fd760373be0d8ac62292c26d2
116,central,1,Esses sinais que estão acontecendo comigo podem indicar gravidez?,0.9884052276611328,fad9c59600ee2dfb0a20441424e748ab836510ab035418f1d4a702c2a7c0a0d7
116,central,2,"Esses sintomas, junto com a menstruação que não veio, podem indicar gravidez?",0.9881178140640259,da09c627e67de6200e6520148ac230a33637bc12aedd30a1f7907f5e09ddd009
116,central,3,"Esses sintomas, junto com o atraso menstrual, podem indicar gravidez?",0.987640917301178,a5f5b632618e66f2d81fe882a19e02951747f071595299535228d9fe7a392a02
116,central,4,Os sintomas descritos podem indicar gravidez?,0.9875268340110779,799a424b0fbfe684864c2765c186808b8a074ab44eb32dfa4ee4c5f52e93cc53
116,central,5,Esses sintomas podem indicar gravidez?,0.9866132736206055,3544d0c6388309c94ed984923da6aa340a77e17e5501a394ba22a0a5d16190e2
117,boundary,1,Por que o Zoro não pode saber como nasceu?,0.820831835269928,835ac5393f2d02f61aae121787be55cdaf18103a2b538147b73a8c67c3204f6f
117,boundary,2,Ketlen está grávida?,0.8209906816482544,fb691a21f14b489e32a385f82147e8e05c685fc5abeed060e3c14242a9bf5b7a
117,boundary,3,Klaten está grávida?,0.822008490562439,4334df00e333bba75bffc02993bc3c101f3d3090ed63978d4cfcf5d92c8ac193
117,boundary,4,Ketel está grávida?,0.8303287029266357,e96993628f69ad8a3ee8146d4c1dde194ea64ce04cff3033618c9fd26d48aab7
117,boundary,5,Fechar a mão durante o trabalho de parto contrai os músculos do períneo?,0.8417249917984009,d53f8d73743e28f601e671f11069658e7f34d7e1875bb4b37e90d78fe138009b
117,central,1,É verdade que a Gi está grávida?,0.975242018699646,d6ed2913fdbdaceef6e12cf9868b8b68d719f6431d8b4d226a54716ad3c1233c
117,central,2,A Gi estava grávida de verdade?,0.9725643396377563,cdf8b9b63a9fc11d601f4c801883e8c68fff119f98f144d79acc3ab88abf5700
117,central,3,A Gi já está grávida?,0.9719693660736084,8381bad6234621082b367e01c80f006997fff83cc6ecc5d0ccb9ad339bba9c94
117,central,4,A Gi está grávida?,0.97136390209198,52fa7793a357fc0afb1fbf6a77b94cb356d23de3201f3c96b2051ab7339a53b7
117,central,5,Como a Gi está grávida?,0.9708603024482727,70876ce3fce2176f70fb3a4faae1df224dce62feea525717d34a0ee76fe23e34
118,boundary,1,"Se a mulher ""rasgar"" no parto, a vagina pode ficar frouxa depois?",0.8648121356964111,2fed441dfe9c44dae5440925f32998effbae4f701b2535006c4d731f48787dcb
118,boundary,2,"Durante a gravidez, a vagina pode ficar seca?",0.869307816028595,1513007d38feb9441c1a2fee54d01cf69074599e32fd65edd5aabde293398d4b
118,boundary,3,"Por que o leite humano tem composição diferente do leite da vaca, mesmo nós também sendo mamíferos?",0.873214840888977,ceaec8fc5381b7589ad985862ab0a1c1a48d675a74a5d9b7c375ec09c3f7b874
118,boundary,4,Quanto tempo demorou para o bebê nascer depois que as dores na coluna começaram?,0.8760829567909241,d884a20fa79498049329c38afe7f85f86f99a0fea48aa542d7a6719c93c1e758
118,boundary,5,Como é retirado um bebê pelas partes íntimas durante o parto?,0.8776086568832397,1f965d3e22992af785bc49a3b17f00a5154d969230298e8ec2c96b7ea846bdb7
118,central,1,O leite materno é dado ao bebê na mamadeira?,0.9793381094932556,bc34909ab0e9720dcb5b22dbb1f7210eb2ee37c03dba2a6f09fac76cf650a503
118,central,2,Uma mãe pode beber o próprio leite materno?,0.9775134921073914,5aadc8613f0c4194427071e4cc3a01c6fbe567e1a2f796972dcc76d3e477f26f
118,central,3,O leite materno ainda está nutrindo o bebê?,0.9773241281509399,e47b3c328f15f8e0c0f4ca549a8ec71de2034b8de140cea3d0d9662069da55b7
118,central,4,"Se eu tirar o leite materno, sou eu mesma que preciso dar esse leite ao bebê?",0.9760693311691284,62a50395f80c047217131a1855769527717fa5aa30f52b9e111c9eb43748f2de
118,central,5,Como você faz para dar o leite materno ao bebê?,0.9716405868530273,8e1f5a5718796410e458fe3119692d2ff838b11bfaa8c37014858c5ba5717a5c
119,boundary,1,Como ela assinou alguma coisa?,0.802190363407135,bb65c1821eedaa1867a5c5163fd88e4ebb74b24681fa27f5314fc6c29e205d66
119,boundary,2,Por que chás naturais são proibidos e demonizados enquanto remédios químicos são aceitos pela classe médica?,0.8248212337493896,6f3812606bf42a2c4351326b4fcb34e1c31c9e3ae8970d684c3856a930342e96
119,boundary,3,Deve-se deixar de solicitar socorro enquanto se iniciam as manobras de desengasgo no bebê?,0.8375308513641357,9bea4029014376a27464de7147159500ff689029eea8f475dc316e16faf642ad
119,boundary,4,Alguém viu Graciele amamentando a filha?,0.8380172848701477,5f2fbdad0e7fb23e54723da4a5e0c2f4b4a885faa324f7cb5851f4c198b42b4b
119,boundary,5,Um bebê amamentado por seis dias por uma mãe com HTLV corre risco de contaminação?,0.8383406400680542,d0cce4f06a346a5489676cd57add1ebfc0d3137b16751e91c6c7fbde34e1cbf5
119,central,1,Alguma mãe usou Mounjaro enquanto amamentava?,0.9680898189544678,feb1d629b763648be074a57652fd67e91683047de1bbc630d8d65cac864c4aed
119,central,2,Alguma mãe que tomou Mounjaro enquanto amamentava percebeu alguma coisa?,0.9673349261283875,9b9d440857b64de955343667f5d7afb9e590b1df0587728e1ab713610d32700a
119,central,3,A mãe que está amamentando está tomando Mounjaro por conta própria ou por prescrição médica?,0.9618826508522034,1bb764e1e5379db130d75c9a5f70b3ee372c4e6b39010c996751f3114f08cf9c
119,central,4,Você sentiu alguma diferença ao tomar Mounjaro enquanto amamentava?,0.9580350518226624,63393981a90435c8e124e7985ee1b3190f852a0a959e23442d61f76e5e44af66
119,central,5,Há quantos meses você toma Mounjaro e amamenta sua filha?,0.9565535187721252,a426f929a3d3d98c55c7a6d498f77869f4382d95bf799a59e4bcb1e07f20d304
120,boundary,1,Você já tem a camiseta rosa dos ursinhos que mostrou antes para usar com essa calça?,0.7701035737991333,0d4b8586941477dc537171e502b47c94f040b5cf0c61d5e3ae6f0c61c1c5db7c
120,boundary,2,Por que o leite natural da vaca é considerado muito forte para o bebê?,0.7708401083946228,95f6196e7f3e5d576dcea8029854afb35a3773c5abda03c058373f95e42ee0c6
120,boundary,3,Por que o êmbolo foi pressionado rapidamente?,0.7886987924575806,623861c11ba595e3c45776d0eafd24f5fff58b1a5fb2f74e087458711d37caff
120,boundary,4,"Você indica o biscoito ""Meu Primeiro Lanchinho"" da Mucilon para bebê?",0.7949790358543396,7c4e317254c517e059dcc4c111473d72396e47b12c4058aba97b6656cfe7f15e
120,boundary,5,"O que pode significar um teste de farmácia em que aparecem dois traços, mas o segundo traço depois desaparece?",0.8540387153625488,2a8dae04d8dcaa30b6699db77605d080325b1f579b389b0902fad9a482aa1cac
120,central,1,"Um teste de gravidez de farmácia com duas linhas rosas, sendo a segunda bem fraca e distante da primeira, indica um resultado positivo?",0.9827685952186584,354aade21ef48fb7d016278d9fcd7257fb7e0074fed485ca794489ef6f89bdd7
120,central,2,"Um teste de gravidez feito antes do atraso menstrual, com uma linha forte e outra fraca, pode indicar gravidez?",0.9809910655021667,39570eed1e192fb8b8eed20837f7b7b0a1d543229992f3aabc3c26ec6f1666de
120,central,3,Um teste de gravidez de farmácia com uma linha forte e outra muito fraca indica que estou grávida?,0.9794917106628418,d8022d3017e411babbddabf96153f164aa0fa6adba8fceaeb018c7b669010399
120,central,4,"Um teste de gravidez que ficou positivo, bem clarinho, aparecendo depois de 5 minutos, indica gravidez?",0.9793321490287781,522207f3cb14dae58b4748d2a510499d7753cb9fd1a182434697a9135e1a96d6
120,central,5,Um teste de gravidez com uma linha forte e outra bem fraquinha indica positivo?,0.9792372584342957,7680195213a6d72cb794aa465dc2dcc7ae49de479e1b64a7d6ad81033673a0ce
121,boundary,1,É normal aparecer um cisto no lado esquerdo na ultrassonografia transvaginal quando estou perto de menstruar?,0.8401600122451782,58c277836a5e32c0dda9860501aeb9a3d4d972686d46f5483e4788979f596a09
121,boundary,2,É normal que meu filho chupe o dedo quando vai dormir?,0.8633867502212524,35649a69eef07a38908df15937a113ec1ba0106bdefff9abffb3057cfd69fdd3
121,boundary,3,A posição de pernas abertas faz a bacia ficar fechada?,0.8639862537384033,e1b3c38756b2c5550c94a077b1f7260a19d32d3af4f72a8e42263d66b72bfd76
121,boundary,4,Por que meu filho fica incomodado nessa posição mesmo sem mamar?,0.8697331547737122,734133d57f98497f0bba61eecd4ee620e9af92a68f793374f3074a229c6427b7
121,boundary,5,"O que pode ser uma tremida forte no lado esquerdo da barriga, que durou poucos segundos e aconteceu duas semanas depois?",0.8729938268661499,53823bad33cba2c7f8361bf5040e9cbae13a943a52928408e2417d17c3a27b18
121,central,1,É recomendado que a gestante durma do lado esquerdo?,0.9811986684799194,69bbd9defe022039a1af24d839ded7a61a7b2738048bf10e9f5d4e868ab0cd20
121,central,2,Uma gestante pode dormir de barriga para cima?,0.9799412488937378,f296db047a0c666f5abf8d52000204ddad93a3903b7fb7dad43fbda2994e8225
121,central,3,"Na gravidez, dormir do lado esquerdo significa ficar com o lado esquerdo para cima ou para baixo?",0.9766025543212891,1bfcc90bd2ec85f0c1465b1cd74543d65f2f8589ccec8727bfcd816db7bf300a
121,central,4,Gestantes podem dormir do lado direito ou precisam dormir apenas do lado esquerdo?,0.9763246774673462,bfb73b0783af9584cb747a163ae5218aac3e4a6853ee606f68144628c42112c4
121,central,5,Dormir de barriga para cima na gravidez pode fazer mal?,0.9756405353546143,12c7c13ebdbc26e425f6af46292de4e03c892d80586a78006c599bc81386a2fa
122,boundary,1,O hidratante Palmers Cocoa Butter é vendido no Brasil?,0.763985812664032,9ee92a1d8f88eb67da31f1581c6904382a644a6ab2a2a79ad0a44f76da29a334
122,boundary,2,"Na Alemanha, as gestantes fazem o exame para estreptococo do grupo B na gravidez?",0.7917264103889465,b7d31e12fd43ce733262eb9a5e75b0337336c35ade7f828e1c468dc5df811133
122,boundary,3,Você pode fazer um novo vídeo sobre depressão pós-parto?,0.8291659355163574,d440ffc235af37b85290e7fc20a67e3a24cc292092cb1854921f29bf804e922f
122,boundary,4,É preciso cortar ou pegar no meio do bolo para ver qual cor vai aparecer no chá revelação?,0.8499090075492859,de2619fcee399e52bbba81715c175ebf7ccc0e545d0948f6c5343985aee1d3ea
122,boundary,5,Como preparar o chá de feno-grego?,0.8509732484817505,27739de7ee747b4d2cde170601c7a211d5e33d201d700809d97fcb6cbcaa28d7
122,central,1,Você vai fazer o chá revelação do bebê?,0.9777884483337402,37b82a0a1d891922aa30780f47eac0627aa7a16feab749b5935b9d2dfe2bf84d
122,central,2,Vai haver chá revelação para descobrir se o bebê é menino ou menina?,0.9739799499511719,2a7673e8799ac611689297eab30cd1c2759e77c8f453ddc0b577278c67b056d7
122,central,3,Quando vocês vão fazer o chá revelação do bebê?,0.9732141494750977,1ad86662a4e5c21805674c62ad97cc7e6dc064fae66df35a141ed0fe7f96ce85
122,central,4,Vai haver chá revelação para descobrir o sexo do bebê?,0.971987783908844,2d84b26a243b9ad87952d3f82082871e4a0790b15e3f9b1d07f9bd1124bcbd44
122,central,5,Por que não fazem um chá revelação?,0.9703614711761475,829969324c3d0bc2953a6980f983cc35ed0548521b6b93fe325d542fc201b7c9
123,boundary,1,É normal continuar sangrando após uma aspiração com AMIU realizada no dia 3 deste mês?,0.8447065949440002,ef129cfb08dc1fefd9a475f5f7567f683a1c848e29c7d5e2f4dcc633487c67a9
123,boundary,2,A requisição do teste de gravidez é de 17 de outubro de 2013?,0.8608194589614868,118790a2128edeb0c812fafc20a263d6db8cf0501103ed4503b17e732cd897fc
123,boundary,3,"Com 38 semanas e 3 dias de gravidez, se o médico disse que o bebê está cefálico, isso significa que ele já está encaixado?",0.8616571426391602,24fe49848ee54123de3fbf6107e57279bba7670298da5447a61bf97e556793c0
123,boundary,4,É possível acontecer entupimento de ducto mamário em quem não engravidou?,0.8724298477172852,4ba73239ce4903f34716129dfb0b043a645d8026fdd9ba8196f371003a9847b5
123,boundary,5,Como uma pedra engravidou?,0.8755887746810913,561e6032f6c9c64a89dae99e12c245720303a658c11b7f51eaa667db95c957bb
123,central,1,É verdade que você perdeu o bebê?,0.9643824100494385,6821b6e86bd69d27bbe70453c81ee9226e32c43b3f8bb5b64c00c02fabd06085
123,central,2,É verdade que a Kamila está grávida?,0.963670015335083,69409b84f1185e2b0b816d0ff75c4ab21a240bf2f0fff45af647202ab2e7e2be
123,central,3,A Camilinha está grávida de verdade?,0.9619160294532776,f37843c113f7bf2dac37e7d4c5eedd58ecaadf058a70c6a6ded1fa399a9499cd
123,central,4,É verdade que ela perdeu o bebê ou isso é mentira?,0.9613281488418579,e97d128c25f0a273ce9357730ff723e3099f6b4b6f611b0c6d3aadc6b418cc60
123,central,5,Você perdeu a gravidez?,0.9609875679016113,37cc583c8ca57bc1e4454cc2ce351f021629fffb86695c116c6ea0a292af273f
124,boundary,1,Um bebê de 4 meses também deve usar 4 puffs de 6 em 6 horas?,0.7526004910469055,fab6045ffea6d4293d5b659f677c39f83fe9ca8ca4821e048b9a405ea58ad944
124,boundary,2,Qual a porcentagem de iodo que a gestante deve usar?,0.8098160028457642,53c13ac7137623640e11e133dd5b7e4ccd8c6098cf1301fcf96d1ac7d94e758a
124,boundary,3,"Foi feito repouso total, levantando apenas para ir ao banheiro e comer?",0.8253840208053589,098e273aaad99aa9ee89148ad730dacb97ac2cb9c2a303d418607debc85cc5f6
124,boundary,4,"Em uma gestante com histórico de trabalho de parto prematuro, em uso de progesterona e com colo curto, qual conduta deve ser adotada: cerclagem, pessário ou outra medida?",0.8512169122695923,8715ee1bfb602acc557e6ac1a9f57100c12936b168fa122185ef0d78282f491c
124,boundary,5,Como saber quando a gestante deve usar pessário por ICC?,0.858187198638916,9b209fa431cca7e1c94b20b113427a16c28b9480a1efe4c30abbf49edaebce0f
124,central,1,Quem fez histerectomia total deve usar progesterona?,0.9837685823440552,22724b6428c391099af33516a6fbf83395560bf6eacccd9d0f3456dc275d5eea
124,central,2,O uso de progesterona é indicado para mulheres que fizeram histerectomia?,0.9834842085838318,8ddd423b87bf3d1eccfb760f8ffe3eeb148b488e02878ce6596afd4a41391d38
124,central,3,"Após uma histerectomia, é verdade que não é necessário usar progesterona?",0.9825445413589478,be39e259239fcc4e0b7cb0d62e7e1a6ae18efe97651acbd5f11c3b8be864644a
124,central,4,"Quem fez a retirada do útero, mas ainda tem os ovários, deve usar progesterona?",0.981171190738678,d5820b1234b83d8005bed4178f2253f2864c9a569997569bf10ab414f4e50873
124,central,5,Quem já retirou o útero também precisa repor progesterona?,0.9802401065826416,64c5e72c34396353000b4e4c9434b3dc67edad02e1da7cce910ef33a5b3c64ef
125,boundary,1,O que acontece se um embrião for colocado no útero de outro animal?,0.8337545394897461,13b13e26da8b7926afc3258ee2c5135d2d0c706de8b31e86c6b16ef7f39f7551
125,boundary,2,"Por que, biologicamente, o ser humano é feito para fazer isso?",0.8350889682769775,d02228aaa07cc82b89f420970751275818191d2a6168f1baae3e12450f144f7e
125,boundary,3,O que a bebê fez foi por impulso ou porque ela sabia que estava na hora da comida?,0.8431658744812012,0371ae5d79c3d35521d96476084d6fd5b313481976ca7fcfc57e0fcbcc85a221
125,boundary,4,Esse bebê vai ser colocado para adoção?,0.844771146774292,5acf4d00f54de0684beb84e5c7c2027314d206aa00ce1cccc7d92b7690f8b1ea
125,boundary,5,O bebê ainda não foi colocado no berço?,0.8568188548088074,5d90ca885537ecbd97f07f5b6c3e442f99ba955a5d17471a9d3fcec5024fe4aa
125,central,1,O teste de gravidez é feito com urina?,0.9876423478126526,35a1eb39f5401e147f85a57a1466f9c79e6f9ad6739628fec978407ac4f3279f
125,central,2,O teste de gravidez não é feito com urina?,0.9867240190505981,f8034c1a1c0da4411fd1582920387768c026f60dc09d52ee13470917d654a08e
125,central,3,O teste de gravidez precisa ser feito com xixi?,0.9847320318222046,2641dc56ab11159caf533ef6fd951e721bc3430113de5bb22ff78078992725d1
125,central,4,O teste de gravidez é feito no xixi?,0.9832967519760132,5104f7ded62b295682e69e456899a1bf2430c3ced802a8f725516500b24b0506
125,central,5,O teste de gravidez é feito com urina de verdade?,0.9832121133804321,8357a4d827b6320ba4faa307c7d1056b50d442a273a83cb6b29593df12261da1
126,boundary,1,A pílula de levonorgestrel pode ter causado essa alteração no sangramento e na menstruação?,0.8029933571815491,f9463fdfca6a8133ca3e8690583f7efbdd03a8c6dc189c06e4eed110a08f1e7c
126,boundary,2,O que são contrações miojo?,0.843769907951355,b8f445f68dda48ff8f1f6017b1280f217ed88c51554ac986a202aca060065cf6
126,boundary,3,"Por que Deus, segundo a teologia, teria criado um mecanismo de parto que gera tanto sofrimento e que matou tantas mães e bebês?",0.8690633773803711,a55d6c46e6f8a45e7eb7e43869d3c9f1fbf93bf5c5d223ba99e5134ed75dd45b
126,boundary,4,Como um hospital em Porto Alegre pode ter 97% de partos por cesárea?,0.8782378435134888,bfee4572b157a026044dc30c6488ce914d36e0dcebfdd1b700b6831660a77b83
126,boundary,5,Os partos na época das pedras eram realmente assim?,0.8886341452598572,6d847d44e4e43ca0527d7d0f61c269dfc281f7c1f267bc41c80af737fd0afe87
126,central,1,As contrações do parto realmente não doem?,0.9840177297592163,3cabd8ec246708de7da8d75078484013f7aa7b3ab492cfad2bbd73718b077427
126,central,2,As contrações do parto não doem?,0.9823220372200012,bda49602a0db2cb9f38642aea6a0a36b66bdb956a5e77d23faa5c8b2f355b043
126,central,3,As contrações de parto realmente doem?,0.9818776845932007,073b3c583e91bb6c0cc9be3535cc905a67044df93c4d861fdfe54be1aaa57350
126,central,4,Contrações de parto podem não doer?,0.981641411781311,832c28573475ddeab3166a0bf9076d7aa7384657d331187ba0808ab97cdca25c
126,central,5,As contrações de parto doem?,0.9808619022369385,bf6e709acec200a199e5f41866d454b509a7e4cf3be6898921c311466527ecc0
127,boundary,1,Como a luz do ambiente externo consegue atravessar as sete camadas de pele até o bebê durante a gravidez?,0.8176089525222778,132aa986da366851db60845a6ece9644a00b86381b319ac45bde72c38aa67720
127,boundary,2,"Mesmo o teste do pezinho da minha bebê não tendo mencionado G6PD, ela pode ter herdado essa deficiência?",0.8281081914901733,5b129c2daa1bd36c51bd658675ca67f843edfb4f331e2c4fa93c90ec5f49475d
127,boundary,3,"Se a mulher estiver grávida, o Vitacid afeta apenas o bebê?",0.830256462097168,c4e8c79b963c952e60e59ef074dfdb37cbb57a4cc36320884441781c3e4fed6a
127,boundary,4,O que significa um bebê de 2 meses ter traço falciforme?,0.8354237675666809,5cd5d1a2786c1a961b3bcb25770af7fedfa6209d17ff3b7a0c8505a9b1677510
127,boundary,5,Isso pode significar que o bebê de 1 mês não está satisfeito com o leite materno?,0.849509596824646,777d5d8cfb7233179fde8c60a1887eb31bf4af9f43dae6209d53fefe9bc872ba
127,central,1,O que significa sonhar que está fazendo o parto de outra pessoa?,0.9701892137527466,04b02e0df77f9041297388fb02305aa82a608e5b8063ee553286b5a0faf576f0
127,central,2,O que significa sonhar que estava perdendo o bebê?,0.9658631086349487,7c8c78a02d980768e2a1d6dd2eee7b1cbbc649d2e404f10461981b6476daa78e
127,central,3,O que significa sonhar que fez uma cesariana?,0.9642161130905151,4e61969170666f86926158f61c89ec2ae8fdae6e7d6dfd427a278a9bb86d945a
127,central,4,O que significa sonhar que eu estava tendo um bebê e fazia o parto sozinha?,0.9637054204940796,08897f998dec0a7bb7c9e0de9bfb3ce692b8a6a463562b218d81f15fe30a3be3
127,central,5,O que significa sonhar que estou grávida e que vou dar à luz sem sentir dor?,0.9619743824005127,73d164c0170d99ff5240d2a88049c4023afbdc93ed7aef34192138cb9f172cbd
128,boundary,1,Uma criança que apresenta barriga inchada desde 1 ano de idade e continua assim aos 4 anos pode ter SIBO?,0.815779447555542,1eefba94ea8eff9822d3f0d24df886e66857d5efea7c9401a8ab082328bb31c4
128,boundary,2,Por que a barriguinha do Kaleb está um pouco inchada?,0.8244660496711731,07b50f9671601407dbf9d9467286ee2876c55692d21f9c23ca71718ca887b2ed
128,boundary,3,Quanto tempo levou para você melhorar com o tratamento do TOC na gravidez ou no pós-parto?,0.8475909233093262,1afd7efbd85fed6997ffd1831dd8cd37033de52e6ace450b7540214dfaae8f5f
128,boundary,4,Que condição faz a barriguinha dele ser tão inchada?,0.8499456644058228,d19588319dc68801926de9926f48f1c8db05705a14d8bb6bcd2e79206a3b5608
128,boundary,5,"Em uma cesárea, cada camada é costurada separadamente, incluindo a gordura, o músculo e a parede do útero?",0.8752268552780151,3eae15730dbad4fd994e54b9373937f26e478e8cb0006c43aaff04d7c0209858
128,central,1,O que aconteceu com a barriga no pós-parto?,0.9782442450523376,12957afa219777817252eb35a919880b6e504d758dffbb4acf370cba3a5734b3
128,central,2,Por que a barriga no pós-parto ainda não desinchou?,0.9770389795303345,4b1760c21bfc48886fa3510a287b8e7caf4d734ea0f5fa67083a217f19e441da
128,central,3,É normal a barriga ainda estar inchada com dois meses de pós-parto?,0.976284384727478,80cee978456ae3cbe01cd9f1873489c4f7eeabf33fd1f024b1f8140f7f275f1c
128,central,4,"No pós-parto, é normal a barriga ainda parecer de grávida de seis meses mesmo após a mulher perder todo o peso ganho, depois de três ou quatro meses?",0.9761965870857239,f679a839b393417f41127a28da0e29aef632a3c990c782647308cb951b51b590
128,central,5,O que posso fazer para desinchar a barriga no pós-parto?,0.975588321685791,4f1691cb30bebcd1b7c70f4255b357111727565a65bf46ba93504a33a0e74e4a
129,boundary,1,Seria possível criar um útero artificial para desenvolver um bebê em uma máquina?,0.8229670524597168,ec77e0fa608496edd63f11ff12f9b201417bfa5a2dd66b99af5cd66512e2c2f4
129,boundary,2,É verdade que o osso do fêmur se afasta para permitir o encaixe do bebê na hora do nascimento?,0.8330729007720947,295cb58a0999de1873a3535c42d6ece1fae17db938897ad307d93c5f702a0ffc
129,boundary,3,A dificuldade para ter relação e a dor no pós-parto após a cesárea podem ter कारण psicológico?,0.8667258024215698,1e2ec80061dd4e83b999a851779c7aada41780f217d836c50a650de58bb01106
129,boundary,4,A depressão pós-parto pode ser considerada aos 10 meses após o parto?,0.8698683381080627,0f709645e6f1a50abb0f72907948b46f5d071c039453e00bfe44b1dc11c1333d
129,boundary,5,"Em casos de tipo sanguíneo e fator Rh diferentes entre mãe e bebê, qual é o parto mais adequado?",0.8713510036468506,6395783a5adbf1cb6d416d32cc78d6a1530495f15c9aa30d39306096ffcfab52
129,central,1,"Em caso de estupro, a gravidez pode ser interrompida?",0.9677344560623169,30fa94b99e34596d44e79e2c6969189280601223bc7a60c63fd5174262468858
129,central,2,E se a gravidez for resultado de um estupro?,0.9674808979034424,fb30becce967c6029d3e5fa8b8836b3500c1fa3aee690486032569ce41b01567
129,central,3,"Em caso de gravidez decorrente de estupro, é justo a pessoa ter que cuidar da criança?",0.9668258428573608,680feac99a5eb021d1dca164e406da74923ef6b7dc09a3277b5c1800d5992dc4
129,central,4,"Em caso de estupro, isso justifica a realização de aborto?",0.9639269113540649,cf25e76802f07f7dca35c11b3f42fdde5be4454b0dd4281ac82d6db822458613
129,central,5,"Em caso de estupro, é permitido o aborto?",0.9633311033248901,c1d6cf0491d763e548eb8e306d201759575bb68b50a7772a598a4dd5faf7edbc
130,boundary,1,Uma bebê de 2 meses que regurgita muito pode usar Aptamil RR?,0.7584667205810547,51e1d5bf4083f481798bc75a5702a3e51b31e4e5a0eebb5aa41f4f7e9210c4b7
130,boundary,2,Os dois passaportes do bebê precisam ter o mesmo nome?,0.7899428009986877,343821a42e59dce91123ebd812813f3d5b848bc904c374ec9bb2ca03a755621b
130,boundary,3,É normal que as perninhas do bebê fiquem muito abertas ao usar o canguru?,0.8053857088088989,bd9aea923c6a2358646d0e589e2ec4775953ee2af9c10b6994f2f7972e25fc80
130,boundary,4,"Quando o bebê chega em casa, pode usar ventilador nele?",0.8169922828674316,dd294c6857eecb2e43ffa46d9c7d49ebf920f381ac37ebaa8689e744acd8c2c0
130,boundary,5,Quem faz tratamento da tireoide com Puran pode usar o indutor de ovulação Indux?,0.823137104511261,caa7aa136c17eea7064e128cc0b502fe0d4dc549e3a165ab623758f5cd99f3dc
130,central,1,Quem não tem útero pode tomar progesterona?,0.9787437915802002,f2fbf2a421dc370741b1e46e1790be23cf109bd9f0f897bad4d5abf984a11265
130,central,2,"E quando a mulher não tem útero, como fica o uso de progesterona?",0.9776350259780884,470f345e3d873d54bbc30252dec6c48a4bb2259a95ebb3792d7bdb4fce648d22
130,central,3,Quem não tem útero precisa usar progesterona?,0.9771718978881836,193d31363a9904a08fc127a078543224456563b7aed8cd3e9d892fe189b909d6
130,central,4,Quem não tem útero precisa tomar progesterona?,0.9768146276473999,63aa92121dd9e64d58ce3b8067df9ebe28fd5510984662de2ab39c6bb3331cd9
130,central,5,Uma pessoa que não tem útero pode usar progesterona?,0.9753262996673584,7dde77cc4b78f6b6e7fd1f90a2fca8d0e9d978937ee12413f2b28b9c49533f29
131,boundary,1,A fertilização in vitro pode gerar crianças autistas ou com outro distúrbio cognitivo?,0.823166012763977,605fa05bb083e40081edb03b9e3e12b982f48fd832adf3b89983c70d79d4fe6c
131,boundary,2,Homens sentem a dor do parto para afirmar que o parto não dói?,0.8837580680847168,d83c43d2890afb9c198ee6d8faaef449ea08e1698cc8f1939345b904c2a1d789
131,boundary,3,Como se faz o charutinho para o bebê?,0.9003596901893616,6c889abe8968123c29be0c623ed266431a086e1ecf2924620a45feae4930de71
131,boundary,4,A maternidade Amparo Maternal é indicada para ter o bebê?,0.9028974771499634,7cc22106be01a2313727cc2d4ed494e41e60448eeb5651046ec180ec1e98e467
131,boundary,5,Como os homens se sentem ao vivenciar esse momento?,0.9029687643051147,d676b25cee7dc4982b1cb4600ba3904aef97141bd9c2b0cee7abf8ec063d3d39
131,central,1,Como uma pessoa faz para engravidar?,0.9852025508880615,41ada50f6ca2c3dd5066f8b24660e20f240e042363555a4e15673386cd27af08
131,central,2,Como se faz para engravidar e ter um filho?,0.9828473925590515,89295000b2ce292c402fb6c3bd295a14da17a95272b40323c42a59c47f43c7c1
131,central,3,Como se faz para engravidar e ter um bebê?,0.9822316765785217,53cd2407adec9048634c6bb382d7c3fcc465391317d7f9aabc76fb5a3e140016
131,central,4,Como é possível ficar grávida?,0.981484055519104,1ec36964bf02b10ab6a4be019ec7b4a6c8f75874543ebe8920383662c69f9611
131,central,5,Como posso engravidar?,0.9805129170417786,bbe41ec54e3d824e32f3ad27c1c88bc7656366dcec78251ac4f4982c67997307
132,boundary,1,"Em caso de placenta prévia, é necessário marcar a cesárea ou é possível esperar o trabalho de parto começar?",0.843955397605896,7e3363497fd262ead31fe8d6c964cd46c798ec0cd999634102fb02370335cb59
132,boundary,2,Os amigos teriam reagido da mesma forma se a fumaça tivesse sido rosa?,0.8481110334396362,356c3c0dfaadf5f0c59503df1a78c650861b04b208689ba4fea06cb0ea53efa8
132,boundary,3,"Em caso de bebê transverso, é possível esperar o trabalho de parto começar antes de marcar a cesárea?",0.8523432016372681,48275f93206cd2cabff21d9e69dcb944e393e1b52983432b5bda66ff1affecfd
132,boundary,4,O que é fimose em menino?,0.8875019550323486,5ebab42e222003d3902f64af9b53d31c95eb1b9b070e942df210b79d21b27b41
132,boundary,5,O bebê da Lau vai ser menino ou menina?,0.8915826082229614,3e20af5adc7b451aeadf9487a12685effe47f6e307089120590624c51fa9a2bf
132,central,1,Você já sabe se o bebê é menina ou menino?,0.9845446348190308,ccb2c80e8f254d8dcc45627347fbe31ad7a7b3bf64d3c065427ecd018122e3fd
132,central,2,Você acha que o bebê é menina ou menino?,0.984531044960022,2362972e56bbd32f0a0d3919309e67fcac2c33999b6285a970ed09fd6ca5860e
132,central,3,Você já sabe se o bebê é menino ou menina?,0.9843745827674866,9d207a18bcd16b6465c344f8e38fa808a11c82c32b366b3608d9ef17dd9093d4
132,central,4,Você acha que o bebê é menino ou menina?,0.983922004699707,20b33ba0ca21fd6c239788816e308652030bfd54196749f41802c10fabfe46dd
132,central,5,Será que vem uma menina ou um menino?,0.9831759929656982,606d86518e5020e2236beb6270f7e416b68f1ad469038500adeddc0cc2cbb3be
133,boundary,1,"O teste de ovulação negativo feito no 11º dia de um ciclo de 27 dias, com dor no lado direito e ingestão de muitos chás e água, pode ser um falso negativo?",0.7765226364135742,5f711028b33022d004f78f19c6c16384a7634f372cc884c1e8a11534fe089715
133,boundary,2,Qual deve ser a temperatura da água para preparar essa fórmula? A água precisa estar quente?,0.8020332455635071,ea4a885856f12f9ec6e14a22bf492dd128e29e1ee8f019e5c9c90ac0132f5d11
133,boundary,3,A fertilização in vitro funciona 100% das vezes?,0.8113603591918945,8393f8b599c68ac05b8231e4d334b61036055b7e8290432a978e4a38fa175349
133,boundary,4,"Se uma baleia pesa 1 tonelada e ganha 100 quilos por dia, ela chegaria a 100 toneladas na fase adulta?",0.828188419342041,cf1840992301099680b547ab02d74dc8eea70d580df36b7d6ecc075bf007fdfe
133,boundary,5,Você está comendo muitos carboidratos nas refeições?,0.8282268643379211,cf3f6a9e0f786e02952e5178f37d0ca2ad6c7b8bc487ef5086f08942830a40ab
133,central,1,Por que não se deve beber nada durante a amamentação?,0.9500371217727661,4dbef80c090a62f26c72134286838d8ec98571d5efe9004c7d617b03c6db869e
133,central,2,"Durante a amamentação, é necessário dar pequenas pausas para o bebê respirar?",0.9484045505523682,3b29bfa8f8bac2e3486a86c1ec8a99fff7da2346076409ff35a41697cd1f62ce
133,central,3,É verdade que a baleia amamenta seu filhote?,0.9452133178710938,26a36eed400b50e45933752668b4123fc45018d1cf0dc9c355461021179483d5
133,central,4,Bebês conseguem mamar e respirar ao mesmo tempo nessa fase?,0.9419965147972107,a617478301a17bcd71288fcbf28a38f98504f42b628d54da189d309ca357a9be
133,central,5,Como o filhote não engole água junto com o leite durante a amamentação?,0.940960168838501,bb1631a411125893c74cbf1ba50c8873e7d428ba26810baf637ce47585ceba79
134,boundary,1,"É possível que eu tenha pegado toxoplasmose da minha mãe durante a gravidez dela, se eu tenho uma cicatriz na retina?",0.824262261390686,083a1ee8bf2c1aa94222195622df96be3ae99a336580723a2aa2197b129216ed
134,boundary,2,Qual é a quantidade de iodo?,0.8263896107673645,8e6af30c9e3dbaf3b725419fc55b0bfee205bf8fdd47eb332ce7cb0966fd191b
134,boundary,3,Como congelar alimentos para as marmitas?,0.8463608622550964,bf2dd3ba355faf6edb6611abd38a9ada470d28bef7b8ece63cc9823fa09878cc
134,boundary,4,Quais alimentos contêm iodo?,0.8553924560546875,4d0932715d9cbbbf3f802b282c8b715bbbea7eb5935434672f577a1a4d9f92a5
134,boundary,5,Como preparar o Nestogeno Espessar indicado pela pediatra para a alimentação mista da minha bebê?,0.8578009605407715,9cb2fafa48b0571b5f772bf16a144a744e3496ac95c5feba1eb99a4ffaaecc72
134,central,1,Como era a alimentação durante a gravidez?,0.9812242984771729,9cbb174e951de48d22fe44f4e9d690bb4e13e5b2bb6741d9cde816b1dac3be8c
134,central,2,Como era a alimentação antes da gravidez?,0.9793335199356079,067b60dcfb4608c1e0f1c86a58f0ed849c044b6e18d9f7e234166df9baea3c44
134,central,3,Quais alimentos uma gestante pode consumir durante a gravidez?,0.9764618873596191,ffdceeea69de3557a4e343a28f4154799c0635871f9a9e0402f0b5568d9cfecf
134,central,4,Quais alimentos a gestante deve ingerir durante a gravidez?,0.9760423302650452,9e700392d153b4ca51436d32f3a167a9098aff3c19e3bda4ae263ae246499bf7
134,central,5,Como era a sua alimentação durante a gravidez?,0.9730201959609985,d8b56340453ea6f3b5092098d8aa1467573f0f61cbf3cfbf87200f6acd0fb8e8
135,boundary,1,A mulher começa a ovular ou ovula apenas uma vez por mês?,0.8196595907211304,9cf6efb50aca61194aa13dfc9489a1a6034ed0d8ab25d81376c21403bd7f79d9
135,boundary,2,"Qual é a fonte para afirmar que um parto demorado, induzido ou com ingestão de fezes pode causar autismo?",0.8411368727684021,e5e2b9345ce0fb9950b8a74604fe39d1b4f31c6efa81ccfe02095786c57901d4
135,boundary,3,O pai consegue limpar a Olívia quando ela fizer cocô ou se sujar?,0.8451204299926758,28d3f5e380147aec68cea54b9f8e442caa9894853951f4d248fe5d761a392537
135,boundary,4,É normal uma bebê de 5 meses com cardiopatia e síndrome de Down se engasgar frequentemente ao tomar fórmula?,0.8543527126312256,2860f5f2f0a4544fea15e04aa2bf45c75b38ac30ca1685acfdcd8df8a385b47a
135,boundary,5,É perigoso fazer força para evacuar durante a gravidez quando há sangramento?,0.8752281665802002,8d6d1f4536be9e534df25058b4d6433d3820b8e8440775b728587d740b95e443
135,central,1,É normal o bebê fazer cocô logo que começa a tomar leite ou enquanto ainda está mamando?,0.9745000600814819,e286af051117484da13a459455fc9ae3c9410dc0ba8db91b8c3df15ad49a8d20
135,central,2,É normal o cocô do bebê ficar bem espumoso também?,0.9743649959564209,45f8c30a17de7ac9003556649f4c54d1d1cbd59d829b82341fabd2332e035dbd
135,central,3,É normal o cocô do meu bebê estar muito mole?,0.9732851386070251,c0526dc8d12a1330cc8c4385b7cae47bfb5c7287c23dbc01299f1acefc29e6f1
135,central,4,O que fazer quando a minha bebê está há dias sem fazer cocô?,0.9713678359985352,c954fb968b6c6b0926873444234c978caea1a0627899d7a35b5c54d551429a54
135,central,5,É normal que o cocô do bebê esteja verde?,0.9708237051963806,93a5da454cb85f8dc48e9b2d27d014d788cd78c9bf7eeca5031e3930c2325b23
136,boundary,1,O que significa uma filha de 15 anos também ter traço falciforme?,0.8293787837028503,ad6f79a1fd923e2fce4b234820fa495d1cf91cb61fea24e391c64bb55624b757
136,boundary,2,"Com 16 dias de cesárea, o sangramento já passou?",0.8505277633666992,3247f1fbc763c215b6a990132cabe1bc8d7e6a4636b3f95c9dfd2509368f54e4
136,boundary,3,"O que posso fazer quando, 16 anos após uma cesárea, a barriga não voltou ao normal, há falta de sensibilidade e sinto algumas glândulas?",0.8721624612808228,1b91adaced92bfc23a8f17027f105c4e8624b697ab56513722d1a5cfb21043d6
136,boundary,4,Como uma pessoa pode pagar pensão sem saber se o filho é dela?,0.8742614388465881,5af3e3a35b92638ee55d0d534a5351bf421297b1d91c1209399ff9b4d188d15f
136,boundary,5,O leite materno serve para uma criança de 15 anos?,0.8981919288635254,ecabbd44b1c40d8c11423f296edb36b698076b2ba9fc4c1d21721dd009289ccf
136,central,1,Uma adolescente de 15 anos pode estar grávida?,0.9848617315292358,3d2887104af9e37902450f3ccd2389524416be3920fded617368896120e4d6f1
136,central,2,Uma jovem de cerca de 18 anos pode estar grávida?,0.9839560389518738,dae438bf6aba29532f1e2fdbcc405bc093f9da7da1ad3e8307b1141fe2a58dbd
136,central,3,Como uma pessoa pode estar grávida aos 12 anos?,0.9828219413757324,8a62cec4a59058bfa0f1f2101c9eb97c1266d57a594716fb50698e2b8f3bf227
136,central,4,Como ela pode estar grávida se tem só 16 anos?,0.982499897480011,9d4c0d5823e94ceb6707ba23d60f06d1160ed26838b09dcfd269d7036c53896a
136,central,5,Uma adolescente de 15 anos pode engravidar?,0.9818521738052368,4a4a2b9c8d5b2b9f50f620009500d07a903833f8f98b96251452e8edbfef2a36
137,boundary,1,O que ela tem para estar doente?,0.8251285552978516,ce8ec6b77a17998fe4c0f220bdc0aab19a58bba42a00916188a9262c7968a818
137,boundary,2,"Por que o exame de Coombs indireto pode dar positivo na minha terceira gestação, mesmo eu sendo O+ e o pai do bebê A+?",0.8444801568984985,5394051d0d22da2c42d48b0fdde0c9b9d9958f4cf116621443494ad79b55cca5
137,boundary,3,"É possível fazer exame de toque sozinha, mesmo sem dilatação?",0.8630880117416382,014f2b0b9674278dedde9908e2821c5c9911a88b686aba63eb286b8cdfa7d7a4
137,boundary,4,É verdade que só é possível fazer cesariana duas vezes?,0.8820826411247253,a08c6872d996ee07b3a0c7872e61ccf7404c3675f617e68fdd4ec533fcb6e0c9
137,boundary,5,O lúpus pode interferir no resultado do teste de gravidez?,0.8903028964996338,6117e9a9e3e3916c9b437248d468b566d5f0b5545001bd76dfe9f516d98012bb
137,central,1,"Mesmo com dois testes de farmácia e um exame de sangue negativos, ainda pode ser gravidez?",0.9896872043609619,38e3e24880269fe44b5ae7c5798439a07605f324079ee35b74c7542059180acb
137,central,2,"Mesmo com dois testes de farmácia e um exame de sangue negativos, é possível estar grávida?",0.9887863397598267,1e31f1716f6a948ee5d52ef6d51eb6757619ca230e53faca515a97a216e6d8b0
137,central,3,"Mesmo com teste de farmácia negativo no dia seguinte à data prevista da menstruação, ainda pode ser gravidez?",0.9882081747055054,d38a8f0708f01f006f8109c7ee20edf71397e2dd7c4a2d8f1a89932ad5cafbf7
137,central,4,É possível estar grávida mesmo tendo feito um teste de farmácia com resultado negativo?,0.9873107671737671,7437df33934248aa02afecead9172bb75c1df44e156b6deacd13faf61373c219
137,central,5,É possível estar grávida mesmo com dois testes de farmácia negativos?,0.9871241450309753,aae26dbc6277ad9523276ac2f412b6db297245df6ae441103cdb03bca509ede5
138,boundary,1,"Como são os pensamentos de uma pessoa com TOC na gravidez, se ela pensa que fez algo de errado ou que falou algo errado, muitas vezes relacionado à gravidez?",0.7846947312355042,82632b2663e2d3f849d8b23b8ad44ce888f1d161a5cfc502e3d737dc812de4f2
138,boundary,2,A incompatibilidade de tipo sanguíneo e fator Rh pode ocorrer entre pais sem parentesco?,0.8041538596153259,91abc217025e76980160df50706d8a8542e5785a76fc98c4379111e96ffb1bcd
138,boundary,3,O sangue era vermelho vivo?,0.8725744485855103,d7904ca9918e37aeb699d19758c03c7122234178e634b359528eae3d22a3f3e1
138,boundary,4,A ausência dessas cólicas significa que pode haver algo errado com a gestação?,0.8933351039886475,d6bf13b6582644474b0a94f2ca2e2019ba6ecfe17eb306db11262cbdc3090b9b
138,boundary,5,"Sete dias após uma relação desprotegida e o uso do Dia D, cólicas e uma secreção rosada por dois dias podem indicar gravidez?",0.9145429134368896,67d2e911475add891fbd00847f0726fa0e6015ac6544efa1808c7d6b6ee8f56a
138,central,1,Sangramento há 12 dias é motivo de preocupação?,0.9776301383972168,201f9d58d01a215a04538064fc2f572d3b5e965208d76269b7293af764c2cb0f
138,central,2,Um sangramento vermelho vivo que aconteceu sete dias após a relação pode indicar que há algo de errado?,0.9746968746185303,02591f783e576416050ff797e715911b85f6ca25e942c3efb4ba9bc553b3a78f
138,central,3,"Se ela não menstruou mais depois desse sangramento, isso pode significar outra coisa?",0.9746495485305786,86b19a92dfa76ab7310eeb2351f7367614ae0656be5971c37792eeef2d766d13
138,central,4,Esse sangramento ocorreu no período em que a menstruação era para descer ou apareceu antes?,0.9724963307380676,ebbdfb1f6c39323e03993a7e115c650b5cc470ad9cd703b7c5ea83b3e1fa9297
138,central,5,Isso é menstruação ou outro tipo de sangramento?,0.9706214666366577,982893cd5f8d896c2e9adafe6f1443919eb03d641c1926936a88635136463b73
139,boundary,1,"Mesmo sendo uma istmocele mínima, há risco para a implantação do embrião?",0.8193676471710205,8c8f6df16f7ed946191e958eb497ab257ac6399c119c809e6f5119b446b1541b
139,boundary,2,Há explicações para não sentir dor durante a dilatação e para a dor só começar após o uso de ocitocina?,0.8706055283546448,4d56828b8bf8793e2aae922135112c1dc45487e6a3b00e0de9b60025e7ce30bb
139,boundary,3,"O que pode ser esse sangramento escuro e depois claro, junto com dor nos seios, em uma mulher laqueada?",0.8984342813491821,09034080566e2c8ee795b5ce7b0539febbd1eff0c74c2edcb53c3d4c43005992
139,boundary,4,"Por que, desde a minha última gestação há 5 anos, minha barriga fica inchada e com sensação de gases presos?",0.8996598124504089,fc11a7c4be2146e9ae82e54ac2bdd82225d5b87ddd55d5db9eb57a50a3b18d36
139,boundary,5,Gestante com 24 semanas de gravidez pode usar hidromassagem?,0.900351881980896,5a35d34049395117aa5c8d5129f0f799b2b1765c851bc37ed30a9cd8b6801e93
139,central,1,É possível estar grávida sem sentir dor nos seios?,0.9851547479629517,aadb34f66d44ed8984b9aa2f7ae6d1299cf0cbd6f67763e1a01ee82de1be671b
139,central,2,Toda gestante sente dor nos seios no início da gravidez?,0.984926700592041,1e3bea83941df47123b7cbc48d64cd11f841bd52a4dff54a41cdf63d32f9d6e0
139,central,3,É normal não sentir dor nos seios na gravidez?,0.9819146990776062,b45a5b9691e325bb778b081adf3c63d37bb6d0620debef9ae6fe87620748080c
139,central,4,Você sentiu dor nos seios nessa gravidez?,0.9807684421539307,3afc145b2bfdf8f812d0d0886a493f79e823b290bed19e9bee0fac98455a20dc
139,central,5,É normal não sentir os seios doloridos durante a gravidez?,0.9804273843765259,6c24ed843bdaddc1ad508e549fe9b17d81b64a21caab643d29c4295f475bc2e9
140,boundary,1,O Kaleb já começou a mastigar?,0.788547158241272,aab343b87badce4930f193aea603ce4a2592e19dbaf2274f1e97d200493316d1
140,boundary,2,Qual a porcentagem de iodo que foi tomada?,0.8041159510612488,47ba5e027d8888dd67ced5d6df5334258cc8da915274e0f8009a3dbf9ae3e093
140,boundary,3,Há algum risco em colocar dois embriões em uma fertilização in vitro?,0.8071132898330688,f97269cfbea3f3b3ce53c28ea0bb8fcb35809a526c7c88a1ff42dab6abe9c152
140,boundary,4,Quais são os riscos e cuidados necessários para engravidar depois dos 30 anos tendo tireoidite de Hashimoto?,0.8225009441375732,bcb7d5ad4c32889d4f25574c70bc3a8fa84a87b53f2713a46858cfdab991c620
140,boundary,5,A prescrição de Qlaira e Prolut Nor para adenomiose significa que já comecei a terapia hormonal?,0.8405706882476807,cddc3267c425606b54dffe93ff73fa4d30eee41b58df6c4321493cc8ae2e2f3e
140,central,1,A domperidona funciona mesmo para aumentar a produção de leite materno?,0.9713713526725769,85e87810ebe3443d733eef51a0e049d55fbaaedf9d019165b0799cfdb10e3b17
140,central,2,A domperidona realmente funciona para aumentar a produção de leite materno?,0.9693674445152283,6873d66ec5439c7da1138c1196ed747011ddd0fa0656427a4378853eb8de2fc0
140,central,3,O uso de domperidona para aumentar a produção de leite materno causou efeitos colaterais?,0.96433424949646,79a577eefc8976fc11630adffcde0f1c4a1b92c9150fd278e1ebe129aec87f30
140,central,4,Uma gestante de 8 meses que ainda não está produzindo leite pode tomar domperidona para aumentar a produção de leite?,0.9635807871818542,bd4011861f57453fad03269bc07125c32fa93d3cc38952f274756fdec0aa78bb
140,central,5,Você chegou a começar a tomar domperidona para aumentar a produção de leite materno?,0.9630730748176575,89295f5848063a2fd99248ea88bd50663aad041537af5005cf46c2a5d06aaf6d
141,boundary,1,"Por que uma das minhas filhas nasceu com tipo sanguíneo A+, diferente dos outros filhos, se eu sou O+ e o pai é O-?",0.8052995204925537,c68f85ff8196a022cf360bc7d37c757de4cf2cd5590f8e014031f468a24fbf27
141,boundary,2,"Na cena, Helena não trocou os bebês, mas entregou o filho dela para a filha porque o outro bebê tinha morrido?",0.8188422918319702,50ba45c3cbee4339360df90f2537eb27b1de736a12940fe8c447dac9f15222a2
141,boundary,3,Atualmente existe parto humanizado?,0.8587100505828857,d293f3a57cf1a4c207622dd4a4dd601fadb1bb11cf9d6c0bfaa6241cf9d0f5a7
141,boundary,4,"Se um bebê não puder ser amamentado pela mãe, isso pode ter algum impacto significativo na vida dele quando jovem ou adulto?",0.873561441898346,52fe5fde5605035360a1d4e35bf372b82fda50ba59f2d99738d59577c95cc280
141,boundary,5,Será que a Jade vem mesmo?,0.8853539228439331,761f5ec7ba553fc55304b9df706d06b7795e79dbbf829644d2bafc546a904c65
141,central,1,Será que ela vai ter outro bebê?,0.9873563051223755,9aebadc6a12b403ebf86bba269f1a4e91559f4149973ebec5db119736e277047
141,central,2,Ela vai ter outro bebê?,0.9872413277626038,ca935c6f55c5ecfbcb5df8104e9197718c2c53a950adb81e288b9b76feb6b71b
141,central,3,É verdade que ela vai ganhar outro bebê?,0.984176516532898,21cdcd6e000436ca95a93e6addec9baf011a29cf3382e26da5170a4449f16063
141,central,4,E o bebê dela?,0.9815272092819214,4d01b338348197126e2e86673dbb0969682eb8feae091345c4f2dc869b068319
141,central,5,O bebê dela já nasceu?,0.9803982973098755,b463bf015af3090bfd8725d3d1a4f4879065b71319076878983700048b684d0e
142,boundary,1,Quantas gotas de iodo foram tomadas por dia?,0.7654322385787964,1cd41b060e85337b89cef7adf4865b0e5af095e80020dfbfe25728f886bfe6fa
142,boundary,2,A partir de quantos meses é possível fazer essa tática em um bebê?,0.8430946469306946,e2958d0668c985c1807f5151f0581987633777d97948873c5c170a1f4f917427
142,boundary,3,Com quantos meses está a filha da Rayane?,0.8680031299591064,ac0bec804c35d0e6711246f456eaf6b9353075802d96686983d276e858984f4f
142,boundary,4,"Se for um elefante, faltam mais dois meses para o parto?",0.8903396725654602,752269aa4c36e7ae72c9a144481906bdf4d3f67ca78001bee57642df5421fd85
142,boundary,5,Como devemos proceder em casos de violência durante a gestação e o parto?,0.8999108076095581,1dba30f76bd55a764d1ec6656ff382392ed2774aa64a984b8225c8e7ba7835c1
142,central,1,Com quantos meses de gravidez você está?,0.9876264333724976,5746a1238656e85a4885eb9e7bd68a62f711591d41cec77f756e9033569a07e7
142,central,2,De quantos meses de gravidez você está?,0.9867498278617859,7cf36b26485a7601b9bc8f35836b5baac2844186a66b18ed4ffd66bcb9c1a35e
142,central,3,Com quantos meses de gestação você está?,0.9857591390609741,041bdaf91d4a3d98df86e92b494d61ee83bfac63b1c043d43fb715a87a25c3da
142,central,4,Você está com quantos meses de gravidez?,0.985690712928772,73d5580ddbd88bbf32258b030fdef081d34d63de25d3be9d6c40c6b1e9b8786a
142,central,5,Com quantos meses de gravidez vocês estão?,0.985148549079895,1e132b4a84137527de34817eeed2a5dd603f670daba3122f5c34df8fa22f20f4
143,boundary,1,"Como é possível o períneo permanecer íntegro, sem romper e sem sofrer nenhuma lesão?",0.8501767516136169,bca2513ab39cb821fa08f92a9a9711cf33ca61b77aaa0061ad1b82e34370f0d0
143,boundary,2,O que devo fazer agora que minha bolsa estourou?,0.8691834807395935,93c05ef9d5709c43cd1a926289d33053b906ee2ad318793841139e45305b388b
143,boundary,3,Isso é tóxico para uma gestante e para o bebê dela?,0.884208619594574,c2eddb9bfc58a8d07fbf09420b3f0fd508a5c54e3a89cd499daf7543a0d04693
143,boundary,4,Como saber se o líquido que saiu enquanto eu almoçava era urina ou se a bolsa estourou?,0.8959112167358398,675fab8cfb081066288d1df514a6dcf164d6e0a37078d66c7a136dc4bd2299e6
143,boundary,5,Esse procedimento pode romper o útero?,0.9007003307342529,f6b4d9e7aef029bd4693c7097ac61a5259bcbd9dec43ba1087580f80a77792eb
143,central,1,Deu tudo certo com a gestante e o bebê depois de a bolsa estourar e as contrações começarem com 32 semanas de gravidez?,0.9773798584938049,fe4a1adbfcbb8a8efa8c3f95569fd6a5abb2510da3a01fa24c13425547b203ad
143,central,2,Como é possível esperar pelo parto se a bolsa já estourou?,0.9761215448379517,21228d6fb0fd0d0ba1a2aa16e3ceec7fd2c127203a1f6b008f20899a07d32276
143,central,3,"Se a bolsa estourou, o bebê vai nascer?",0.9761048555374146,75926053c1c296fbe07d35b2fa46f859a7f02847627a8d933c1f277b534cbe7d
143,central,4,"Se a bolsa estourar em casa, devo ir imediatamente para a maternidade?",0.9752159714698792,71e09af324c0f28cf32c056de0be454effa621c9ecc89b05276d35de8a40a655
143,central,5,A bolsa da gestante estourou em algum momento antes do parto ou permaneceu íntegra até o bebê nascer?,0.9723071455955505,0ed3556371dbc21a5218f344fafecaeb886e92ed291737750d07367fade38339
144,boundary,1,Esse cisto pode ser um cisto de corpo lúteo?,0.7816307544708252,b5e93ea1c0f5b3f0adad5c685851c409d8d345efc365fee49489494af42ae948
144,boundary,2,Baixa natalidade é mais vantajosa ambientalmente e ajuda a evitar a extinção humana?,0.8080557584762573,77d55a2a0c505b31386e076ff23eccf0dc144a68f742a2a4610d3c3b9ea3f460
144,boundary,3,Algum alimento também é perigoso para um bebê diagnosticado com G6PD?,0.8090318441390991,50362cf7435f55fa5489b2c61287a2aeb232da2fe5bbf3a9f2a1006c461b171e
144,boundary,4,Você está sofrendo por quê?,0.8399363160133362,fe9f66ea4018209297c36923d4bb3aec304140ea66b4b1622a5376048b4ef856
144,boundary,5,"Amamentar é um bom investimento de tempo, considerando que pode diminuir as chances de passar a noite inteira acordada com um bebê doente e de gastar com dentista no futuro?",0.8563034534454346,9e2f5cf23e29af65052ab2bd2d0f044d668beb79b5a602acd28f85e71c22e77b
144,central,1,"Se a placenta não descolar, isso também faz mal?",0.9781759977340698,39e9796db093b7e8fa44ba7d0bcbe77d664d6fff08a645c8de77ce90ab19bb00
144,central,2,"Se a placenta descolar, isso faz mal?",0.9773961901664734,f63915149d30e9f5a780fbb086090375bdecfcdd4e35cb9df2764d451cb45cbb
144,central,3,O que pode ser quando a placenta cai?,0.9766606092453003,3520d4f8ae03bfebc5547012529e1e7889d9c70bb2f2aae103f09199307e8a0e
144,central,4,O que acontece quando a placenta está no colo do útero durante a gravidez?,0.9709827899932861,bf8e8c7a4b7e621d74c5c48dfbfa6da51f9edb288b85bf9147466abcd52a0b39
144,central,5,O que acontece quando a placenta está anterior?,0.9708460569381714,1faea3b56d0f088fae0289bf6827aa9175e99dc4cb66d48233c373e1096e9fdd
145,boundary,1,"A perda de movimento do pé esquerdo e da perna em uma gestante, oito meses após cirurgia bariátrica, pode estar relacionada à falta de vitamina B12?",0.7756673097610474,db6833a98cb794ee8820fabbfcc0672fd6921a583fa6eea22b8c200fcb17111d
145,boundary,2,A diminuição dos movimentos do bebê após o uso de hidróxido de alumínio pode estar relacionada a esse medicamento?,0.8316393494606018,df691b5b356b706ae7dbd45de246a5fbe9eb6c1ba5b404ed0b9b8157593b732b
145,boundary,3,Por que tantas crianças que estão nascendo agora estão tendo APLV?,0.8379930257797241,f9e835115d431b6d99bd43dc5266a41303805d770669d77efcb0573acbec885b
145,boundary,4,"O que pode causar dor, sensibilidade no mamilo e um pontinho branco com saída de secreção branca em quem não está grávida nem amamentando?",0.8557826280593872,ac1440bd237c4c23fe7be6dd4b0ea87dbb8c0f91c73d39b5f43066941b02a956
145,boundary,5,Uma mulher estéril que adota um filho também passa por essa transformação de mãe?,0.8757003545761108,09ff8d01b5b7761956e19b73717ba399091182477c80b610d06f7a261a1f2fc7
145,central,1,"Depois da cesárea, não dói?",0.9846382141113281,f6dcb9cd089cdf75b8da06b74221e978697a640f59507c6bfa690b28b5d6a55b
145,central,2,A mãe sente dor na hora da cesárea?,0.9830515384674072,e6da427e17b511b959364fbd0c6ed892704c97295f840ad3f840769483efd3d1
145,central,3,"É verdade que, após uma cesariana, a mulher sente essa dor?",0.9814627170562744,ed4d00ff46ac792a867ab91e26432a67bc3d905243d26a127e1e87d80e5a81ac
145,central,4,É possível passar horas com dor e ainda assim precisar de uma cesárea?,0.9812893867492676,24e36e2caead94bca7f19cc554b16239c5fd763a16c34701ec9e07179cd89502
145,central,5,A cesárea dói muito?,0.9805701971054077,cb6ec311001b691673d3d5bf35f29b224a7c888107333513d0ae3f593c5eaf8e
146,boundary,1,Por que ela escolheu o garfo em vez da colher uma vez e depois escolheu o garfo duas vezes?,0.7988460063934326,cd713131b08d999ff1874c3ef8534ccd6ae36ebdad432733f46abbdfe08ab6c7
146,boundary,2,Como evitar dor no peito durante a extração de leite?,0.8536189794540405,b9c415d455422f469eccf1660bbe7b5d3d0a96459e612f7081bae2554139c074
146,boundary,3,É pior ficar com urina na bexiga sem conseguir eliminá-la?,0.867323637008667,bc7d05f18eb83866150ba3353abb970c601317eb06c21b6c0c4573e59746db92
146,boundary,4,Como evitar engordar durante a gravidez?,0.8701375722885132,eb3d06b6a994ae1d3ec3b0bd9f509be6d4842c23bbcbc77983690a421d8e10b8
146,boundary,5,Como evitar que o bebê também pegue o resfriado?,0.8775500655174255,0335600039e715bc8ebf3bca407bf61d93620eb9ae2825e329045165e4cb9429
146,central,1,"Durante o parto, é preferível rasgar naturalmente do que fazer episiotomia?",0.9811662435531616,85ad777944019ed5048e14753b4b2484f5e2cee44f92711f2548c1e9ab9e60b8
146,central,2,Não fazer episiotomia pode prejudicar o parto?,0.9765730500221252,af786d458dd9338ee51135ddf91682f7704a28788150f994684f6bac27ca1275
146,central,3,"Sem episiotomia, é possível não ter laceração nenhuma no parto?",0.9763814210891724,0838597b570f466f3b464abc33cfdc58c82ede4d6a5f4165d3f467ecbd4dd475
146,central,4,O que fazer quando ocorre uma laceração durante o parto?,0.9756616353988647,04149a2c0750f9496c54c16c86774ace8fc515a7c669ae545a54f40bf7520aec
146,central,5,"Na segunda gestação, a episiotomia é necessária no parto normal?",0.9749294519424438,e76094fed8efd8f7ce40de75d4e13ecbcae1506fb8c8f565972e0e06c070605e
147,boundary,1,"A dipirona mencionada é a de 500 mg/mL, já que existem várias dosagens?",0.8217536211013794,336682056760c0c95480c0fe7ad2123bd33be67e5f22fa3f078806688355dda9
147,boundary,2,A suspeita de gravidez ectópica faz sentido nesse caso?,0.8893964886665344,bcd640aa34bb41428a73f164d1db2e230778703e1df8a256b045bd09be946e94
147,boundary,3,"Uma gestante com trombofilia hereditária, em uso de Clexane 40 mg e cálcio 500 mg por dia, pressão de 10x6, 14 semanas de gestação e morfológico mostrando artéria em 1,5 precisa tomar AAS?",0.8949670195579529,8a42f86619a8969b8136095795b49fe59e3ebc224e49db15369734ad10d7935a
147,boundary,4,"Em uma gestação gemelar dicoriônica diamniótica, com 34 semanas, quando deve-se parar de tomar AAS para prevenção de pré-eclâmpsia?",0.9035565853118896,904f061810c34ba3b84c36a227b48302a03631e4000748ca5abd19608e443031
147,boundary,5,"É normal sentir coceira intensa no primeiro trimestre da gravidez, incluindo no couro cabeludo, rosto, costas, braços e pescoço?",0.904590368270874,c9bdf0406c5b843dbf134cedbfa32ca70462f0f5a21130a42ff77c16e5043764
147,central,1,"Durante a gravidez, é necessário aumentar a dose de aspirina que já tomo todos os dias?",0.9787724018096924,80a751f600025a5549b8463e5144e945209b5e7a0304d7511cef4f506a31fe07
147,central,2,"É correto tomar um comprimido e meio de AAS na gravidez, descartando a outra metade?",0.978508472442627,cd1c632b93a0ca9088599a063eea9ab8c19aae6982ff2741a0e96d33274b0178
147,central,3,Não é permitido tomar aspirina ou AAS no primeiro trimestre da gravidez?,0.9777183532714844,968b32e5d794db2ce637c25cac357b9cdc67044e5d225500ee3765d2e9d42a45
147,central,4,"Na primeira gestação, aos 36 anos, o uso de AAS é recomendado apenas por causa da idade?",0.9745795130729675,841c8b566c007a6c90fc72a47c4abd398d0a527f8c06af60c96052b96f0e112f
147,central,5,Gestantes com 33 semanas de gestação e alto risco de pré-eclâmpsia devem usar AAS nessa fase da gestação?,0.9733214378356934,9b073d4e5567bfeb0ca34f28ff9542a7abc041a70680fb19d785145e8ba61f86
148,boundary,1,"Como uma bebê pode ter convulsão febril com 34,5°C?",0.8412351608276367,68b57fbc40c614f42528af8050a582eb96d146cbde6592bbfbece43cb5554e93
148,boundary,2,Você é quem cria o bebê durante a gestação?,0.8876316547393799,24a0d8a0b62dc7166523f9d5b910b13a65c2e07268183ce44a23e0f294844db6
148,boundary,3,Há risco para o bebê ou algum problema se o exame de Coombs estiver reagente 1:8 com 34 semanas e 6 dias de gestação?,0.8890025615692139,b33c2f835cc1eac98f9f1ac277c62868ae79a5a6f38ff3fc13941d36027e3777
148,boundary,4,"Com 19 semanas e 2 dias de gravidez, o peito já pode estar formando colostro ou leite?",0.9001049995422363,6e4afb338a6537de87ab97f907386be5194c37f8f021c7bb7aebee29c0532373
148,boundary,5,É normal estar com cólicas e sangramento com 6 semanas e 4 dias de gestação?,0.9103373885154724,a9ae14cafd6805637d84650fdc850dc84db60cedd1422a8c5c11cf262be30375
148,central,1,"É normal a bebê estar com 3.114 g às 36 semanas e 37 semanas e 3 dias de gravidez, ou isso é motivo de preocupação?",0.9703255891799927,de1d33faddebebdd19c314affe80470dd04d62b29f0c464f014fa96ea4f10ae1
148,central,2,O que devo fazer com 25 semanas de gestação se o bebê está caindo no percentil?,0.9691369533538818,78973a4de6db3d329e327ffc55c6b92d8684a12f99ea73ce2e96d390df536dc7
148,central,3,Está tudo bem com o bebê de 34 semanas que está no percentil 4?,0.9686623811721802,484fb6ae1adabe88f902213deeffbb3e28f5aa8d3a443d8943aca02861a17bb8
148,central,4,Como está o bebê com 18 semanas de gestação?,0.9674558639526367,c54a2ff8914a20bd8bae858c80725955372d525098422eb99a1e67a82984de41
148,central,5,"Como um bebê pode estar com 1,3 kg com 16 semanas de gestação?",0.9658079147338867,36534f6479534b2f044121669488e230b832692bcdbb51fd204958d0109c01ff
149,boundary,1,A ciência afirma que é possível adquirir autismo durante a gravidez ou no parto?,0.8632808923721313,74d3ee0829a496612a93ac97ae46351e1341fb33bb8190ef03960ac25686326f
149,boundary,2,O uso disso não afeta a saúde da criança?,0.8655816912651062,a59b0f0a51bdd2f3262534c13b79d387ebf41531f0be0284ca6e86ce2ddaf575
149,boundary,3,"Há algum problema para a gravidez quando o casal tem o mesmo tipo sanguíneo e fator Rh, B positivo?",0.868134617805481,41b3b0af8dcbaea317bd5c6c6a4661bb00e3f04a44a17d1f247e87e4cae71a99
149,boundary,4,Qual é o nível do beta?,0.8770076036453247,dce0440d7f0204631c326c44b15c7bc595ef35e3a7a02c988d7aaefe452caf46
149,boundary,5,Uma bebê que já tem dificuldade para evacuar e muitos gases pode piorar com esses leites?,0.8799250721931458,89a014590e4c6f5741f6d0201fcef48b357921dde6fcaf2efbdfc64f8ecc6123
149,central,1,Você ficou bem depois da complicação no parto?,0.9822912216186523,3d353ae2d0ae7a2b6feec5e1211aa4dc4b36f01d4fa61034b8056be91e9ef57f
149,central,2,Como você e o bebê estão após o parto?,0.9821509122848511,943d30c9f9d625536e05c9eab4f3930c375c7c7ed2c8d4889f27171470d1c0e1
149,central,3,Como foi passar por tudo isso de novo no parto?,0.9814798831939697,ea20a9bb0df48e7eb443e0d3e5f4a31f80cc82de98f240df1dc08a2d63e27e0f
149,central,4,Você está melhor um dia após o parto?,0.9811738729476929,a7eb8ce9ef74c561356b7811344b2432c879ac64f9dfa0ab1c93bd947f35637c
149,central,5,O que você fez para não sofrer no pós-parto?,0.9799615144729614,7fc8c5c65a0b708153a202265b208bdad87255c75a1ec2541f8d539a2673519b
150,boundary,1,Você melhorou dos mesmos sintomas de dor na virilha e no reto após a cirurgia?,0.8219782114028931,ad9dc25363d9c398c5b3c3f51628c109d1ccbb11949c2c19b115197e757f5bbc
150,boundary,2,Quais fórmulas infantis são boas?,0.8580712080001831,654f9b41ab68805960ec4a7d100060cc42366bdebbcc16cd4ba7ccb3ae1094fe
150,boundary,3,Quais eram os sintomas de refluxo da sua filha?,0.8793962001800537,11037f678992d55027bb417c76ff925561fef7f2b9014c87ea63e228f8f98865
150,boundary,4,"O relato seria sobre o processo para engravidar, como ele se sentiu e a perspectiva dele?",0.8811745047569275,0546390f3bcb0980a34f4ca4a894142a7537bdf446cc7c80e8cd607c074dff1a
150,boundary,5,Quais hospitais já oferecem essa pulseirinha nas maternidades?,0.891053318977356,94ffc646a202b65dbe5bc378f9c8f8ff3a7941ec703df7a1c8836433d4d62f7d
150,central,1,Quais sintomas de gravidez você teve?,0.987598180770874,7e65be2752641547a860afcef25400d5fed3bac64d5f7b8c90cc8bda8ae29e7a
150,central,2,Quais sintomas de gravidez você sentiu?,0.986855685710907,c1ba822544479549355c9bf09f0bf8b37488708528c72fe0b8572b72c00562a2
150,central,3,Quais foram os sintomas no início da sua gravidez?,0.9863489270210266,5723b327fbc45b4802532730819f41fec356389e7a9e4684f2738f4270b35ac4
150,central,4,Quais sintomas você sentiu no início da gravidez?,0.9852471351623535,382d2d2384caf33101f4142fca6b8776eef84ecff36fddfb87bdf6a3c017f620
150,central,5,Quais são os sintomas da gravidez no primeiro mês?,0.9838131666183472,dba26563573cfa721685c448acfd0382862f988605fda2f095426df71f87f2a9
151,boundary,1,A reposição com Systen Conti é saudável ou é sintética?,0.7847434878349304,4946818eed6a676a9f714ff8bba3ebc5c91c4ca4410ec576520bcf17430cffee
151,boundary,2,A ideia de comer tâmaras a partir de 36 semanas de gestação é válida?,0.9135650396347046,20cb1943694c6fe5c694cfe94a786cbf6f63a036b9882ba56d00dbc23a6c4ad2
151,boundary,3,Uma gestante de 37 semanas com oligodrâmnio já deve ir à maternidade para ser avaliada?,0.9162801504135132,d8b1dbaaec817fdbecadb59610e20f5f392a6490af8fc1250f18fbb32dca2557
151,boundary,4,É possível ir para a maternidade assim?,0.917506992816925,6e05af2357670a3ce220760a5356b92e708748a8fabe29c6a2f3ef166c366400
151,boundary,5,O bebê pode nascer antes de eu completar 8 anos?,0.9301353693008423,b628df52d9d7d3eb27532883713fc1c9798a5f08b3814fdecd435fdcc713b276
151,central,1,"Se eu chegar às 40 semanas de gestação, devo ir ao hospital ou esperar o trabalho de parto em casa?",0.9820312261581421,43f591d1c4cbde46856d02d83d709b2b4708fa74e6c983d3f69bbb43665538d0
151,central,2,"Ao completar 40 semanas, devo ir para a maternidade mesmo sem a bolsa romper ou sem contrações de parto?",0.9819413423538208,b882bc5b25ef089685353d2ca0e7e6e6cd79aa4c4c2df5c76cc741bb397b9ae4
151,central,3,38 semanas de gestação é cedo para entrar em trabalho de parto?,0.9812836647033691,a1e7a79a7535c9d6338f8351d72a059081d284db721c3a06cdbd7375bbf8bdf8
151,central,4,O que fazer se eu entrar em trabalho de parto antes das 37 semanas de gestação?,0.9806580543518066,32e0acf47e426af3101207e44d660be2c93bcd7f80606eb78468146bf06d2416
151,central,5,"Uma gestante com 36 semanas, com parto marcado para 39 semanas, pode entrar em trabalho de parto antes da data prevista?",0.9799423217773438,7e6533844cdc8e6274d5b26ff84d10be5f9db70f0c212a85ee39241f9fc475bb
152,boundary,1,A recuperação após a laceração volta ao normal com o tempo?,0.8304800391197205,19deacf1973af19f4dd447bc1bf2d68c730dc1b3d6678fecd4b6dbe522404e60
152,boundary,2,O TOC que surgiu na gravidez melhorou?,0.8531191349029541,00b5cfda43c6d8738a4f538bdfbea40539349de55359fdfc14cfe276edbe3ca6
152,boundary,3,Há alguma orientação sobre gestantes terem contato com roedores?,0.8568675518035889,cf87a5938c50bcf9dec8d928e8fc1faf746b442ee9592e8155ccd11b109b2fb8
152,boundary,4,Como tem sido o repouso na gestação com pessário?,0.8903388381004333,745c3b126b38ebf71faef1e3d59137c111900c7431ce2d561df7dbeb4062b81d
152,boundary,5,O repouso na gestação com pessário é absoluto?,0.893450915813446,1363f3763201bfd7f738c6b6a41fe0280f74d5029d035eb18cd23c3a591e0f1e
152,central,1,Você está se recuperando bem dois meses após a cesárea?,0.9853775501251221,88282712c8c485b391057152aa8a2200b1981853ec6805884eae870271dddbc4
152,central,2,Como é a recuperação da cesárea?,0.9825085401535034,2f5b022b3ea0ceafc12f41b3cedc6c505a4963682c127c6525e1f93ac5f842ef
152,central,3,A recuperação da cesárea é realmente muito difícil?,0.9818568825721741,f1bb6b65c2697a1fbe6069c8d0930beb3f6ba7ffdd8beaf13beba63a0a1674bd
152,central,4,"Você já melhorou da recuperação da cesárea? Se sim, o que fez para melhorar?",0.9794893264770508,75cf355ecf1bdd363840fdfe069b5e86edfd08971ee8d71d3a1f7ef210024802
152,central,5,Você precisou tomar remédio após a cesárea?,0.9787514209747314,dddfe98f8d079849716cf4675b8192f14692dfa57188188c98b74fe73fe0931a
153,boundary,1,E se essa menina cair?,0.8475616574287415,fbcb8652d903a3f24eb52ddc1d5eac0268ddf2c89042aa2a9bd14312c502841b
153,boundary,2,O espermatozoide pode crescer sozinho fora do útero?,0.8486744165420532,baa60ce1e1dc1a1985d2c617c6101e1cd3fdbecaf0f0a74e6a2e56711000e814
153,boundary,3,Que sensação você sente quando sua barriga começa a crescer?,0.8661819100379944,690fcafcbc11e6690ea1f748b5de09bf14c4a4afd6a5eab541cca1ecafc88582
153,boundary,4,A criança cai de cabeça ao puxar a cadeira ou ao cair do sofá?,0.8703346252441406,c41b9ee5b4192d949d318ca61c2377c2223d423e2ed83c79b1d734473657a357
153,boundary,5,Em que semana você começou a notar o crescimento da sua barriga?,0.875369668006897,cff836d836568efb245ed33d4b62377db16f89e81415eecc6f507a706b311e39
153,central,1,É mentira que o leite materno fez o cabelo da bebê crescer?,0.9749218225479126,70769421bb8c0486e8adb1179d30e07e4c935f093941aed0c9b174445695a862
153,central,2,É verdade que o leite materno fez o cabelo da bebê crescer muito?,0.9736160039901733,a73a3063201432af19290299443557d01ec2e14b83b0ce4c0a871fa327c59dc9
153,central,3,O leite materno estraga o cabelo do bebê?,0.9720364809036255,8163b2dcfb3f2c79a7881725aabd5ecaf9f5d6adb36d75a25719462ac44442a9
153,central,4,É verdade que o leite materno faz o cabelo da bebê crescer muito?,0.9707689881324768,78acee3aa6a52f816f87b35336941c9a971cf0c0222f7f2f4ec6e9e908db2380
153,central,5,É falso que o leite materno fez o cabelo da bebê crescer muito?,0.9687138199806213,39e66148a13d19b0dffcfe94e0f8c2639192d0b60cf48451a6f7c9c64b6bd566
154,boundary,1,De quanto em quanto tempo devo fazer a lavagem nasal em bebês?,0.7776476144790649,83da5ccec5e8859d89fc4e21408d75cbd5d5738ad73a07ea0f993f183bdff1be
154,boundary,2,Meu filho engoliu um objeto; o que devo fazer?,0.8061877489089966,32974e04f004262b6441ea4a8a3e47951e65e044d9495c49c5af433977db50da
154,boundary,3,Não seria melhor fazer o acompanhamento da criança desde agora?,0.8407191038131714,d864f7d0587e5a85448350e847e904ac68c2e0da417a9e9f938400f0a47c7637
154,boundary,4,Posso fazer o teste de farmácia no período da tarde?,0.8611451983451843,8d9fa10b05489c75de2fc436f2875deb10119c831db7f582bfb838a615c5debc
154,boundary,5,Devo repetir esse exame ou posso confiar no resultado?,0.8807202577590942,a6770518cbd6b1e07c725b7271dc50d59e27a6e817962b36fc621865eb1a852c
154,central,1,O teste de gravidez deve ser feito depois de 15 dias de atraso da menstruação?,0.9894877672195435,15a642f879bbcb38d4943548f9360f2945ed4c85e7c49ebbd6bfc17ef0659c30
154,central,2,Devo fazer outro teste de gravidez após dois meses sem menstruar?,0.9876428842544556,dd572148d410587007bc68176da0990c6b867d677a86c7558907e297969400e3
154,central,3,Devo esperar um pouco para fazer um novo teste de gravidez?,0.9873613119125366,d8cb7c978771d1beb147c82031f5f41caded77ea50865e89a7c7edc525033060
154,central,4,Foi cedo demais fazer o teste de gravidez após um mês de atraso menstrual e ele ter dado negativo?,0.9865872263908386,57c16a104272297fd543d232980d975ed64ebd7da4a91e141ad2bbe4395f2ad1
154,central,5,Devo repetir o teste de gravidez se a menstruação atrasar?,0.9852809906005859,c0cb43fb783062c0495c19530310bb3625306fc831b7682e90f9fbc2b7cada06
155,boundary,1,Essas mensagens são destinadas apenas às crianças de até 7 anos?,0.8058839440345764,862b1d9046283ae5e7636926d21039db58ca1c73eb869f8db8fa6a992592b447
155,boundary,2,Na Espanha também é feito o exame de estreptococo do grupo B na gravidez?,0.8216628432273865,1f1a3cf548f54875bfbded0586c0b2fdfa1c5d47c6f50f187a74f435cb5fa3d9
155,boundary,3,O teste de ovulação com carinha feliz aparece apenas uma vez ou deve ser feito mais vezes?,0.8263435363769531,5086c90cab05cfc0471a202ebc7416de5c2ffae296bb3df744428f73816ef7ad
155,boundary,4,Por que há um ponto preto no meio da barriga em uma cesárea?,0.8481943607330322,eb52db600670ed343f214f371075022baab40b57588efda23f13d3f5d3379bbf
155,boundary,5,Com quanto tempo antes do atraso menstrual pode aparecer enjoo na gravidez?,0.8527666926383972,4f501ad80112aaefa2204a3a3a33e48350432009ce41b9a9140ffbdc9290521c
155,central,1,O que significa o reflexo vermelho do olho estar preto no exame do bebê?,0.9553261995315552,4bc85566123e23a497c82c195ffa28aaed95c388e7eaef49bdbc05323da808b0
155,central,2,O que aconteceu com o olho da bebê?,0.9450511932373047,29fb03a493921fad10cf53b68e15bd70e0d67cb47d5117c182c07f8090d316f7
155,central,3,E se o reflexo vermelho do olho do bebê aparecer preto?,0.9449532628059387,5f5eebb96f0d4a75891dd70202621b61848dc43b277aea528e285e6abf8ab578
155,central,4,O que significa o reflexo vermelho no exame oftalmológico do bebê?,0.9448700547218323,1a3dc71b2857b1389431982ddcd1e90f0547f8a488dd89ba2d61e62e11b90995
155,central,5,É possível que o reflexo vermelho não apareça no exame?,0.93989098072052,9b925b35b9cf2b793efedaaee79215474d0584b8fa8d3c2e38ce2bb5ac428e48
156,boundary,1,A criança é autista ou tem alguma deficiência?,0.8131563663482666,827deae0e4d37ecb370faf1162c9c27f5e14fb9202e50abf846ef0033e56b411
156,boundary,2,É melhor manipular essa suplementação?,0.8179633617401123,bf1b88bc7e531827c82f85964fe2c1cfe3af4ee15212fabb227f6909ad6dcb4d
156,boundary,3,A suplementação pode fazer os cistos desaparecerem?,0.8279820680618286,b6ff023be3a508d46f6a59cb3a0db6726c98e5e759b0c819ccbe018eec884356
156,boundary,4,"Em qual dos dois morfológicos de primeiro trimestre deve-se confiar para avaliar o risco de pré-eclâmpsia, se um exame apontou risco aumentado e o outro baixo risco com três dias de diferença?",0.8427309393882751,b3abb0535f218a9f5c352bedcf3e3dc868eea89e1cd6a3420172eb76070699e9
156,boundary,5,Seria indicado levar a bebê ao médico para avaliar a língua?,0.848408579826355,8668c005e35c981a09cc3b8d5eea5728dfec61bff338cabd684c263b69c9e4e4
156,central,1,É possível fazer a suplementação de ferro por conta própria durante a gestação?,0.9736089706420898,b906a58d662be8a73104bf031af775e4afdcceeb80de6b563d8a502f1ad0171e
156,central,2,A suplementação de ferro deve ser recomendada desde a descoberta da gestação?,0.9689162969589233,216d939b0cb00eeac1349777255d598568ba9e30c0dd8612633c2c6d995c13da
156,central,3,"Ferro baixo na gravidez, com cansaço, falta de ar e moleza no corpo, pode indicar a necessidade de ferro endovenoso?",0.9667181968688965,cf18d554fa9892b760b6b8d6e62e62b6ae91630a1385a6a95827a539ddda4afa
156,central,4,"Na gestação, também não deveriam ser solicitados exames de ferritina e saturação de transferrina para avaliar a deficiência de ferro?",0.9639104604721069,9c15cde08ffd62cc7dd16e9255a3dd2c263b734afc2c092ba3f9515e7a296033
156,central,5,"Se eu precisar de ferro durante a gestação, o pré-natal vai indicar ferro endovenoso?",0.9632434248924255,5108fbf6603606728d2c9087b1a081472c38e184c4edacf447e8763f757826e7
157,boundary,1,Por que não fazer uma cirurgia para que a diarreia pare e ele fique melhor?,0.8106199502944946,f8196dda527035ff34e61783a88bba6fe47d7c4d401feb6f5ca808eef0a3e643
157,boundary,2,Essa técnica ajuda na displasia do quadril?,0.824908971786499,811679caf89d22ca4cb8feb395b1cb13f41194d2b078b1f65d67b9720858826e
157,boundary,3,Qual é o melhor remédio para tratar um cisto no ovário identificado no exame?,0.8633460402488708,902700c7abf2ac865828ae0423390f9955dec7886396b6bb0f2e693168b1c992
157,boundary,4,Como ela vai sustentar esse bebê se não tem dinheiro nem para se sustentar?,0.8901221752166748,a77fe184f3aed97976359d0efb1b02f23b60e01d927319dea0058fe11faeec6d
157,boundary,5,"O seu parto foi igual ao meu, moço?",0.8934144377708435,ebd7f324227ceae11005a642664ff09a0625daff92954ad4d616a58c333ec3e9
157,central,1,É possível engravidar quando há problema nas trompas?,0.9761385917663574,e0bea74bcb38de19df36d83aea130fbdd921ce7c72b742169097527cbb03a4d9
157,central,2,O que vai acontecer comigo em relação às trompas obstruídas e à possibilidade de engravidar?,0.9728730916976929,e81b6621ed22729f74e27dae592e75aa2e67c1f288a8b80eaaef708065b1423b
157,central,3,Você engravidou sem as trompas?,0.9720780849456787,df2db697388f905daacec3c180aae71d58cbf006cef428e5d4c7e2b4ccbf64c6
157,central,4,"Mesmo tendo apenas uma trompa formada, é possível engravidar?",0.9703969955444336,f8dd6243ea49b5bbed5ee413de02703beaa242fd268b85e552d12993806ab55f
157,central,5,É possível engravidar sem as duas trompas?,0.9673495888710022,0c262290837dd921c2b4b7011c2d4eb62516e94d78901f5a3ca25468963df406
